patient_id,event_time,seq,hr,spo2,rr,temp_c,sbp,dbp
P001,2026-01-01T10:00:00Z,1,76.4622148829285,98.55268944836165,17.168773355630115,36.599247637990864,126.05625862490749,71.28782179419701
P002,2026-01-01T10:00:00Z,2,73.43003306702136,96.8830798045606,17.064618371106697,37.00963321930922,125.71459350436389,80.5849260180473
P003,2026-01-01T10:00:00Z,3,75.20236779641587,96.19181222764497,13.938796960771901,37.127707475738646,130.17579588323787,81.80207987813637
P004,2026-01-01T10:00:00Z,4,80.07348137843137,97.26082116254001,16.578238797379967,37.08938646775156,108.885597621299,76.08197270185619
P005,2026-01-01T10:00:00Z,5,65.90278137030518,96.89860347301281,16.325506130210012,37.07586669940778,128.4010392181357,82.76008341119955
P006,2026-01-01T10:00:00Z,6,106.96657256798066,89.59375363691828,27.498490076246977,38.94524267703389,,103.42685721969043
P007,2026-01-01T10:00:00Z,7,67.62912248087672,97.7843669769427,14.82649414949319,36.90437294155469,127.288213247965,81.1257182322096
P008,2026-01-01T10:00:00Z,8,66.74110271351918,96.00330380687822,16.999435566808593,36.58308233062398,117.84021190556672,87.09459808450245
P009,2026-01-01T10:00:00Z,9,81.04184882474438,95.64541161912689,16.868847287091715,36.971320680699684,116.65265039872885,69.32365287366927
P010,2026-01-01T10:00:00Z,10,69.85901504426882,97.36134807146068,16.43999336794353,37.30775627257213,129.51600121323122,80.14122635489706
P011,2026-01-01T10:00:00Z,11,79.81090568088642,96.9999995726111,13.058387410994683,36.59532627563774,124.82162462705176,83.02875940736628
P012,2026-01-01T10:00:00Z,12,108.24470685627608,87.5862140276047,24.85766120329067,38.52960455679181,179.923723231027,103.41343710700811
P001,2026-01-01T10:00:30Z,13,88.44842606172585,97.34382942576747,18.477682110890974,36.72774654051129,109.02811856941273,71.2691826643734
P002,2026-01-01T10:00:30Z,14,78.30970579663519,97.05902589210773,15.918474947729132,36.70356369137118,126.01464981333872,75.27009911795533
P003,2026-01-01T10:00:30Z,15,78.07369964388447,98.75470209004818,16.569289586742972,36.758675469208185,134.23167581065877,81.0262950692313
P004,2026-01-01T10:00:30Z,16,74.9228847203044,96.85513141097762,18.922888584484404,,113.94745682939757,81.85996076813427
P005,2026-01-01T10:00:30Z,17,79.86363275966114,95.35484510907209,15.902563196139765,36.64703091891214,111.03068245618735,72.7310857984275
P006,2026-01-01T10:00:30Z,18,112.18996679999705,,30.509652388566114,38.86905771850196,183.7235735041984,100.6094488867509
P007,2026-01-01T10:00:30Z,19,77.670514977639,,20.71294486153751,36.603864827304406,118.90128302295906,67.78090598714098
P008,2026-01-01T10:00:30Z,20,74.93425522285231,95.91260270576852,14.697234764918148,36.59559872764134,121.02561190322187,65.72090126050358
P009,2026-01-01T10:00:30Z,21,68.97060022704795,96.86857593889077,16.683111101881018,37.41860929332168,113.11828629414586,
P010,2026-01-01T10:00:30Z,22,74.40167505994627,97.40895290066364,14.889345562361967,37.041461556763544,131.11444236037846,78.9325759660108
P011,2026-01-01T10:00:30Z,23,92.8845031795887,99.08385147803754,19.146709804950486,37.01575396576695,115.13248511274709,71.32553116809949
P012,2026-01-01T10:00:30Z,24,104.67483178702626,87.46264542361011,27.923010215247817,38.626233399178126,160.90960339875022,101.06860558740635
P001,2026-01-01T10:01:00Z,25,78.21779126114302,96.72870250241445,11.64986221047021,37.01979841929994,141.12585235580605,67.31297016558703
P002,2026-01-01T10:01:00Z,26,79.49593145192624,98.75908044486896,18.35482377795539,37.03172600367887,137.69541073551014,80.6339589524298
P003,2026-01-01T10:01:00Z,27,81.62228573025696,96.9462187309938,18.969784400334966,37.16780414605594,142.15210773411482,83.16542283797051
P004,2026-01-01T10:01:00Z,28,71.80641742852752,96.28765437020364,16.06556418575252,36.53503195518566,115.95973750343077,79.87205682930747
P005,2026-01-01T10:01:00Z,29,85.69725808990725,95.34308555087573,14.817793149617788,37.077271896838006,107.76565040491452,86.85569428832105
P006,2026-01-01T10:01:00Z,30,120.81281071238435,89.0947551264198,23.978291573412164,38.52623565987982,162.864684545667,105.45054477918146
P007,2026-01-01T10:01:00Z,31,77.56197667615169,98.18826222858237,16.070231805568316,37.370136206652944,131.5497338082318,83.94274046823043
P008,2026-01-01T10:01:00Z,32,76.90099644373456,98.74646082183263,12.036017814019354,36.46692347506285,104.5109426916926,72.49104596982203
P009,2026-01-01T10:01:00Z,33,,97.61344719454496,17.40390725244254,36.941472429617605,128.84119776838267,79.37526824469042
P010,2026-01-01T10:01:00Z,34,79.12700353439267,96.96074508727617,15.76491566534374,37.14885571260722,104.0624566605126,70.22116603155143
P011,2026-01-01T10:01:00Z,35,82.53530498026475,98.39491751904093,15.86172413054772,37.30607576687082,122.82913992590699,72.97561065703523
P012,2026-01-01T10:01:00Z,36,101.41382181547552,89.36422043017183,23.35809621294863,38.8373485442316,163.16478689037183,85.52184756737222
P001,2026-01-01T10:01:30Z,37,74.89403961344516,97.55689440273899,16.96730463482211,37.369731579434855,118.41685234049183,67.73699528207987
P002,2026-01-01T10:01:30Z,38,87.7060753607578,99.06928247614837,16.13876227026556,36.94805717799512,131.68616141719747,72.92603380339591
P003,2026-01-01T10:01:30Z,39,68.39706120907275,96.6120896580728,15.329521033378095,37.58553090685033,134.35342706898027,71.34036218560861
P004,2026-01-01T10:01:30Z,40,82.38310919640615,96.17225559647184,16.012678124724538,37.67930211797875,124.00771768362748,86.59928703963703
P005,2026-01-01T10:01:30Z,41,70.8907768648854,97.79902671268209,18.17057400889182,,119.42376139799877,80.72379347585218
P006,2026-01-01T10:01:30Z,42,134.3663467577669,90.46940696033771,24.481819183503234,37.84874827197955,123.49659627021688,97.10854042860629
P007,2026-01-01T10:01:30Z,43,76.91509231111017,97.05917921781474,18.0395153042252,37.02812582918262,129.53908619918798,73.25639402438469
P008,2026-01-01T10:01:30Z,44,86.0454997444659,96.63145714572939,19.70011394067678,36.95352003588191,125.02801705654964,89.02802615168933
P009,2026-01-01T10:01:30Z,45,72.76737209429353,98.23303139466022,11.211479390199056,36.664030267468746,106.82178663889309,73.04262320181628
P010,2026-01-01T10:01:30Z,46,80.24109784539431,97.79639937334694,16.7700758753122,37.06696003282538,124.66776200727793,90.21043981638641
P011,2026-01-01T10:01:30Z,47,72.91737376137885,96.40008241809218,,37.00028853854931,122.46027852696946,73.40678833542172
P012,2026-01-01T10:01:30Z,48,100.62247288701943,88.35044343683431,27.917125342260334,38.15015260675612,167.6578074997242,88.9065976326799
P001,2026-01-01T10:02:00Z,49,74.23521422560177,95.86344037428778,17.86932453990998,37.609053785761795,109.30723808627768,72.23775617140365
P002,2026-01-01T10:02:00Z,50,73.45651748548097,95.71341676663866,13.437861586308337,36.772918018061745,117.3147042843013,82.87560772652186
P003,2026-01-01T10:02:00Z,51,71.83535968495102,97.79935793296545,17.990649539175674,37.066834777377665,103.70842950876711,81.86624107949775
P004,2026-01-01T10:02:00Z,52,80.2829208188944,97.41748006950908,,37.33535365470632,118.03412820587232,78.1926460438256
P005,2026-01-01T10:02:00Z,53,69.7564836849254,95.02849770216346,19.221873990023788,37.6647983857821,118.352576610956,66.37897175627889
P006,2026-01-01T10:02:00Z,54,100.06713256216833,90.03823280972875,34.18439743681062,38.685980166218535,160.27744773104092,100.7219710703323
P007,2026-01-01T10:02:00Z,55,89.22644175735898,96.94099271943405,20.25305236113213,36.52369075577629,128.70985083483072,80.3358018465386
P008,2026-01-01T10:02:00Z,56,69.97470500311908,96.73919087360335,15.87936390912053,36.31302172439457,104.47775826747254,81.47446784867867
P009,2026-01-01T10:02:00Z,57,81.01484737788603,97.51441556030439,20.765204565368148,37.02605657961748,125.48932827135813,76.9984324193486
P010,2026-01-01T10:02:00Z,58,73.38755516233623,96.76880714617923,17.581603442357977,37.34951233208902,117.8704355616563,75.45135763324146
P011,2026-01-01T10:02:00Z,59,62.07786392568313,96.33272540006809,14.169687768308147,36.83966860364435,132.01669302494238,76.52963609285578
P012,2026-01-01T10:02:00Z,60,115.34156661123039,89.92446631956085,26.952236228716462,38.95083182404478,150.508906403431,101.89123814290559
P001,2026-01-01T10:02:30Z,61,75.69133077487,98.49112262881917,10.40232205323686,36.38867645853384,112.16074913915206,88.3532520670423
P002,2026-01-01T10:02:30Z,62,79.29243291318475,97.03109610816439,16.556287452909253,36.94743572547153,128.99990650176431,82.84204969166683
P003,2026-01-01T10:02:30Z,63,77.05782708038373,98.25450587162064,20.598152972752455,37.09320415023551,118.22361633755736,71.87308564890596
P004,2026-01-01T10:02:30Z,64,70.47489761314523,97.96951739186756,,37.032763687261216,,81.81222685716766
P005,2026-01-01T10:02:30Z,65,68.32095425415987,98.71363495737074,19.457990681771406,37.307766180088684,124.29692075170287,86.10375072571594
P006,2026-01-01T10:02:30Z,66,117.38563465820084,88.32459495951503,33.291464083256244,39.04710666425671,165.16023614728053,104.23908578820975
P007,2026-01-01T10:02:30Z,67,79.94313603516608,97.60701759191988,11.637397888246472,36.869560376876706,133.26521524489917,85.53956617227425
P008,2026-01-01T10:02:30Z,68,,98.4574755804105,15.773595025338738,36.4770279423987,118.80232743288012,79.64561836367368
P009,2026-01-01T10:02:30Z,69,73.58804451922477,97.41969395008051,16.546408045704247,36.55817129967252,117.6688298852113,86.62666163949878
P010,2026-01-01T10:02:30Z,70,76.18550366819619,97.09415023011739,18.428379657857004,36.09814967006912,125.56340486987742,87.36862921082144
P011,2026-01-01T10:02:30Z,71,87.02432005292512,96.89765469746386,19.81012042812894,36.910672943095385,137.78321924030973,77.44020810207905
P012,2026-01-01T10:02:30Z,72,113.6580095549879,87.42254959761733,30.180104759622388,38.61554279388558,168.9000628031653,102.12586699678764
P001,2026-01-01T10:03:00Z,73,76.02862129298923,97.22577720397734,14.391234588569297,37.20586115018379,107.61107316992002,75.3013937585921
P002,2026-01-01T10:03:00Z,74,64.64832248012854,95.43726770364268,15.975361414141377,36.83370980466409,121.0692189778283,77.8321052608187
P003,2026-01-01T10:03:00Z,75,85.15213165052512,96.60739267411259,9.870750389600865,36.31860249808637,113.21159604924387,74.24589778753351
P004,2026-01-01T10:03:00Z,76,78.87325323112277,95.81792213706649,16.779383410640005,36.93076595511788,120.67301759073649,87.52965664289557
P005,2026-01-01T10:03:00Z,77,71.489464913119,97.55732997001394,17.11116417730025,36.713349689923724,130.8866463054176,84.94504654812681
P006,2026-01-01T10:03:00Z,78,107.59593692411889,88.76229689448026,24.99992773281142,38.51692107902514,191.3504483228567,100.4725218322166
P007,2026-01-01T10:03:00Z,79,87.9692579832233,97.496544098291,17.598867215089005,36.512197421785054,121.40835583342817,84.73202625418513
P008,2026-01-01T10:03:00Z,80,73.94761179100276,97.52800950831963,8.79851406036806,37.049010007734765,82.24245892263738,66.08575614816208
P009,2026-01-01T10:03:00Z,81,89.4575218744179,,16.816072353762532,37.38506231954958,123.17924404574077,71.9859361158552
P010,2026-01-01T10:03:00Z,82,76.20767124511153,96.94548382576718,15.787636138754847,36.96693660552185,127.55132779720802,72.00172662798371
P011,2026-01-01T10:03:00Z,83,66.81570845645976,97.40653354391725,17.47116618485675,37.01231593551188,127.68783335385255,69.57438541145551
P012,2026-01-01T10:03:00Z,84,135.75129412809076,92.44761412012079,31.601827550270666,38.54513290918491,169.9380822823688,108.9014058460582
P001,2026-01-01T10:03:30Z,85,,97.11609194943995,16.99635827550418,37.15202773477076,118.3142439081263,83.46873714540864
P002,2026-01-01T10:03:30Z,86,69.87372903593007,97.24695598679179,15.452298988907526,36.79895040970782,127.57731768934231,80.03925216715622
P003,2026-01-01T10:03:30Z,87,,97.10694043333078,18.759664020307532,37.33317203745239,124.66802553077603,74.6724724582217
P004,2026-01-01T10:03:30Z,88,80.06440821215381,96.34068736458227,17.9477882564348,37.10956990361145,122.91733298635391,73.42605925183409
P005,2026-01-01T10:03:30Z,89,74.77558849336691,97.2986829791166,20.890260290117833,36.486805303343885,135.2481310984112,78.89905448392368
P006,2026-01-01T10:03:30Z,90,131.58681486615097,87.08239233553135,26.789118537595495,38.06401872385489,171.37033208486528,115.0061336123388
P007,2026-01-01T10:03:30Z,91,78.09791898943062,98.69531583728967,23.16886048640709,36.71219522022518,138.22580172309983,79.88126736281153
P008,2026-01-01T10:03:30Z,92,65.7050402490121,97.89639385993748,15.454083108119049,36.70886888512034,122.53106189395469,83.73952577040939
P009,2026-01-01T10:03:30Z,93,81.84198106806454,98.31776399713243,18.26019863280903,37.08422975313378,127.38512342367395,81.11796344007901
P010,2026-01-01T10:03:30Z,94,84.92438973811518,96.95549305468144,13.695502317446465,36.82786884087889,122.91828167516516,
P011,2026-01-01T10:03:30Z,95,71.50111997029289,96.98775357404264,15.631648506969556,36.818953461198866,137.94207118040916,77.40932398615273
P012,2026-01-01T10:03:30Z,96,116.02074669524538,91.33457734850016,27.215966219176288,38.61861391821079,163.756849732025,102.03416626459313
P001,2026-01-01T10:04:00Z,97,79.89494371952566,96.63890490454332,18.714275899771074,37.28056839110346,124.52463614398722,84.93860300740789
P002,2026-01-01T10:04:00Z,98,61.29476722875948,95.9240842468564,13.62585914725126,36.79102180572936,,68.95604611336171
P003,2026-01-01T10:04:00Z,99,68.53890535301527,94.81024350412969,15.874466200645358,36.570751805864596,121.5666441517179,66.99855905669565
P004,2026-01-01T10:04:00Z,100,71.1987298203889,97.76957212314657,15.978722646763615,36.48708375027661,119.1542206587693,80.19218245238261
P005,2026-01-01T10:04:00Z,101,87.60276091112912,98.96443614070473,13.544000238355006,36.62204006665285,135.36426908060466,71.65031369497417
P006,2026-01-01T10:04:00Z,102,109.45195522704749,86.56507881695033,34.98571507046621,38.74875553559278,177.41462676166634,97.59830278692968
P007,2026-01-01T10:04:00Z,103,68.21582051324661,98.68994681525797,16.05557624740578,37.371697316812416,127.02080834590963,83.67791178000611
P008,2026-01-01T10:04:00Z,104,72.73646498542274,95.75267788127482,13.206345836920988,36.95027693967251,126.09710855668246,72.6523191867946
P009,2026-01-01T10:04:00Z,105,86.10151725722814,96.72212114589986,18.089745624908854,36.920395987815326,118.2906555938873,67.1538188413504
P010,2026-01-01T10:04:00Z,106,71.64765086795215,96.63436374287689,17.548989407730744,36.88843852144697,137.65683237737912,75.10660512778247
P011,2026-01-01T10:04:00Z,107,70.98365731092528,97.79587338112358,17.30049801115673,,135.8326908852588,86.69606880741782
P012,2026-01-01T10:04:00Z,108,,88.02033591817028,31.17766500149732,37.51469229510229,136.80256367188593,109.16254789697797
P001,2026-01-01T10:04:30Z,109,77.84419581599968,96.56063530787408,15.201067870326515,36.17728073877999,125.39654463013277,84.14338175937297
P002,2026-01-01T10:04:30Z,110,60.72299119106282,97.75284339452136,17.507710139867363,36.82466922358893,99.67362341013913,72.02148824398566
P003,2026-01-01T10:04:30Z,111,79.48392814514928,97.76605250300291,20.77806459932505,36.85147031971362,126.69898806584872,67.82961164610794
P004,2026-01-01T10:04:30Z,112,81.80479763755007,97.46364044114756,12.82220487164255,36.8628572117011,128.67826012681542,66.73206740420456
P005,2026-01-01T10:04:30Z,113,79.94732806259907,99.6396709744965,15.572390883819018,36.66063517091445,125.8501675842242,80.63394617633337
P006,2026-01-01T10:04:30Z,114,116.69025818126399,87.94366081810077,28.967955051700727,37.95405886588416,169.9367808548404,119.21659326958577
P007,2026-01-01T10:04:30Z,115,83.07043008752197,95.00764907614922,18.342500126030334,36.789609716200104,126.70892564264909,70.33608462859395
P008,2026-01-01T10:04:30Z,116,65.41935127007203,97.05834313947503,17.098836222583156,37.1171263458381,124.51237503643742,80.26361991793165
P009,2026-01-01T10:04:30Z,117,76.56509834939388,98.32388199516946,13.82686428081882,37.00092028160696,113.75758870433206,73.96852785792194
P010,2026-01-01T10:04:30Z,118,74.90500094409843,97.71799185899991,13.18036114210438,37.2547592225258,119.08413702053213,76.77558290970939
P011,2026-01-01T10:04:30Z,119,79.07919886646309,96.82303613046747,20.4594636828191,36.429620875070846,133.34843591206686,86.20744470432582
P012,2026-01-01T10:04:30Z,120,115.48709407552471,89.35916731190294,31.904151962618634,38.69065710893071,152.23978927607794,109.41984356146482
P001,2026-01-01T10:05:00Z,121,65.28092392746167,97.35933833385515,15.999711375266848,36.7710043034146,90.11319293220423,69.51877771214082
P002,2026-01-01T10:05:00Z,122,77.74024237890121,99.29320181269352,19.032880201178806,36.808030313613884,116.66101833616676,76.0467299308828
P003,2026-01-01T10:05:00Z,123,77.36436461293188,99.21738207306967,17.1016318901099,37.262036200637304,114.65427843330504,72.27368544188812
P004,2026-01-01T10:05:00Z,124,65.39426732236372,97.29853682350239,18.25008784341605,36.89597526392256,101.65626718395933,76.8554372379927
P005,2026-01-01T10:05:00Z,125,79.37987844109855,97.30312599332149,16.65988707731453,37.13328285908356,114.7146231299651,83.2683514734492
P006,2026-01-01T10:05:00Z,126,105.13958407765907,87.72204756844998,23.136039776199183,38.76139873204662,148.8988030818669,108.40779320691946
P007,2026-01-01T10:05:00Z,127,80.22020275415474,94.54636918320438,16.100499359231062,37.62412996223166,124.0808115704294,78.72539218418535
P008,2026-01-01T10:05:00Z,128,85.91334350220608,96.69679073213773,11.372006494050538,36.4811951291046,,76.61112123901961
P009,2026-01-01T10:05:00Z,129,79.70368948295355,97.69982420565772,16.61878314031389,37.19444392479243,111.51654713185064,90.05253231711083
P010,2026-01-01T10:05:00Z,130,81.03953563079679,97.41325984984732,15.790083687999655,37.3091550974798,119.8700705781329,67.31557135461918
P011,2026-01-01T10:05:00Z,131,73.80718243531464,95.9616777702586,14.743257783761043,36.68141685442214,128.94379933785729,82.85472786594147
P012,2026-01-01T10:05:00Z,132,110.38224203234252,85.94035764045701,27.56720845672006,38.96485783689185,142.7806237888246,
P001,2026-01-01T10:05:30Z,133,84.00354977155189,94.4054751547484,17.093483116170617,37.34386770185068,121.00421536173165,82.1264174721851
P002,2026-01-01T10:05:30Z,134,73.26683292997942,95.95220197205683,13.180060593832248,36.84784868997161,115.43380525277918,80.2678259879682
P003,2026-01-01T10:05:30Z,135,84.73091207697045,98.57994777120564,12.674757543305235,36.81817559542045,137.62683205453988,81.83155373639346
P004,2026-01-01T10:05:30Z,136,76.47159223669023,96.58973562435585,17.064258747762878,37.77427339452463,106.00712024606533,79.94407514513988
P005,2026-01-01T10:05:30Z,137,82.79231373048506,95.09013189559019,19.180904595832047,37.0125186455677,131.70059020170663,70.68074553095087
P006,2026-01-01T10:05:30Z,138,129.6858288606077,88.51822020190744,26.286763486064082,37.86444238280755,172.0426813572761,80.27302934072067
P007,2026-01-01T10:05:30Z,139,71.94311340531367,96.45457676483456,19.411373588553328,37.115203939213316,118.44557020324523,76.61987506024842
P008,2026-01-01T10:05:30Z,140,69.10113445726319,96.93930549075124,20.724885918974323,37.344486374102,115.02916743262111,79.84277199861414
P009,2026-01-01T10:05:30Z,141,,96.9953225286205,12.769898218830424,37.19655955885544,125.28072534193522,73.64390941379413
P010,2026-01-01T10:05:30Z,142,79.84128195597255,96.71551541742458,16.49589512170375,36.857581349356856,129.8575094008347,74.79113197068865
P011,2026-01-01T10:05:30Z,143,78.4612720940773,96.78080865162774,20.749213100052863,36.37868562145886,123.83269860838821,71.23228185896599
P012,2026-01-01T10:05:30Z,144,121.11769428166612,90.75482772487588,26.42616274990551,38.30951990573426,133.13969034789545,107.76891647455476
P001,2026-01-01T10:06:00Z,145,67.50632312073309,98.30677834328851,12.755784592203991,36.69805450707566,143.90240813473235,86.19148333149695
P002,2026-01-01T10:06:00Z,146,75.8150049154949,97.0070624012654,13.116042528719975,36.745046777351746,130.23161648588163,69.7899942146933
P003,2026-01-01T10:06:00Z,147,67.69237783955953,97.85547361393644,14.313370359344843,36.728051270017865,126.20200922117834,74.85776806188906
P004,2026-01-01T10:06:00Z,148,79.77277776166181,98.73894955861087,20.53528840779851,36.590784890420295,122.6337721459456,70.9427981001394
P005,2026-01-01T10:06:00Z,149,81.0527617548258,96.37402181632424,21.619137940192786,36.76458466471068,122.64815877725347,70.22795289320379
P006,2026-01-01T10:06:00Z,150,135.54826316168032,90.28022841007699,27.334036634707076,37.38181216837634,151.23217629877357,108.18985018439885
P007,2026-01-01T10:06:00Z,151,76.81966839238734,97.37861087797015,15.498088537883163,36.28174335060958,119.16732078918898,76.00886198821483
P008,2026-01-01T10:06:00Z,152,74.00745750142399,97.16082484590535,11.447710185262046,37.09696229452926,122.74380593164746,78.57785468618293
P009,2026-01-01T10:06:00Z,153,73.22723754896532,97.79791830681594,17.86527768598224,37.045194688185454,119.65254387435876,65.35386367431359
P010,2026-01-01T10:06:00Z,154,85.35289748679452,96.41150106819484,15.547090830911722,37.12418161534303,122.51669064294342,71.29603438769234
P011,2026-01-01T10:06:00Z,155,70.59584689772394,96.6714113135126,16.021971027055052,,108.52364146914917,70.13821950140736
P012,2026-01-01T10:06:00Z,156,120.77538427292038,87.84145660294621,29.352400102837528,38.837564033674006,155.31292825355547,100.48213421939593
P001,2026-01-01T10:06:30Z,157,84.11660854555385,97.38536257110209,16.663915441923816,36.8593387103904,130.27626346540032,75.72955281376557
P002,2026-01-01T10:06:30Z,158,65.02962813135099,97.85684591011398,,37.32759868304109,107.36523960236136,82.3491280293372
P003,2026-01-01T10:06:30Z,159,78.34536179204727,95.16405649337335,17.62797889452732,37.291079436399336,114.19752152113315,70.36654193012696
P004,2026-01-01T10:06:30Z,160,69.5455842481286,,18.14260907785923,37.08088108312656,120.82976544651359,81.71463011078912
P005,2026-01-01T10:06:30Z,161,79.0589242466567,97.69667289437817,10.165680238605868,37.257091711053036,94.57130691182522,74.30370584666325
P006,2026-01-01T10:06:30Z,162,131.5478932115442,88.37877538210697,22.826616343451484,38.30844246384866,150.758859224577,109.79602680772676
P007,2026-01-01T10:06:30Z,163,88.17752039946177,96.99754631257969,13.365997317383114,36.69545403559675,113.99469275154705,69.40267118589146
P008,2026-01-01T10:06:30Z,164,70.58419644644319,95.99204071356903,21.273241087308715,36.95224404850935,125.51158109894865,65.89021192560394
P009,2026-01-01T10:06:30Z,165,72.48369016014665,97.34788859344373,14.719019856289147,36.818731911878714,119.87482917399814,73.5936734556522
P010,2026-01-01T10:06:30Z,166,,97.29422102689932,19.393173365941703,36.497893137593636,128.9287120374982,66.64097303257137
P011,2026-01-01T10:06:30Z,167,74.48762310757986,96.49262105286178,15.42024876905026,,115.09504638322424,73.1623090758919
P012,2026-01-01T10:06:30Z,168,122.70413124838907,89.16844233640263,26.67960993203627,38.33458908593518,195.99813662108676,
P001,2026-01-01T10:07:00Z,169,69.24431566682328,98.45154093722465,17.855855595657054,36.49241030281823,142.42401124283498,82.96158157856334
P002,2026-01-01T10:07:00Z,170,79.49110263584247,97.62894267059158,16.02936027977942,36.66300409383972,123.16936868749467,77.58120728542717
P003,2026-01-01T10:07:00Z,171,86.17855958149269,96.43283814901535,17.940377202296407,36.79608015556677,124.12622968834758,83.50785571644035
P004,2026-01-01T10:07:00Z,172,87.49866926041247,96.5129046144204,13.241701497302824,36.60169946745146,127.94398309893593,80.98753760561627
P005,2026-01-01T10:07:00Z,173,78.19870687942931,97.72479732209197,15.01428046220888,36.35693600367395,116.575525732728,71.4426285534075
P006,2026-01-01T10:07:00Z,174,129.574608186872,88.42885833887053,28.857428783086565,38.50199785107749,160.20985952975133,89.33777250958325
P007,2026-01-01T10:07:00Z,175,77.39710127426684,94.43779039272876,14.003855017967915,37.07754236280741,127.13264602335319,70.27427558520166
P008,2026-01-01T10:07:00Z,176,80.29557181370093,97.25912476777147,17.86517668192217,36.9811558345924,131.88140345382186,79.0121477307039
P009,2026-01-01T10:07:00Z,177,65.71308462702328,96.55756245250316,17.543748584739657,36.81609695066013,117.39144722612785,86.4052911618778
P010,2026-01-01T10:07:00Z,178,77.1914717240891,97.64044554504457,15.481581481369833,36.918809490971014,122.96780762048272,79.29058881491422
P011,2026-01-01T10:07:00Z,179,77.1590894788792,99.18587277642636,14.95245444291753,37.0266867057376,131.61615860519868,78.5880114845963
P012,2026-01-01T10:07:00Z,180,128.15564874769277,89.20200863485186,31.406901972671577,38.552517344703666,160.34964058225393,126.33586596551447
P001,2026-01-01T10:07:30Z,181,77.9852873295954,96.93628959067408,18.141231019852338,36.64113956749059,111.10620485242683,79.94508115027116
P002,2026-01-01T10:07:30Z,182,70.33627885166798,98.37104251378683,17.2668430820547,37.08149801270366,133.22490279028204,94.87589548943234
P003,2026-01-01T10:07:30Z,183,68.57752399297416,97.4145508410449,16.441745803571536,37.10586003266728,128.52251296802078,82.59604797398674
P004,2026-01-01T10:07:30Z,184,76.10400777490784,97.090375298352,15.063148604201084,37.503277833720155,126.9408458666922,82.35659016867801
P005,2026-01-01T10:07:30Z,185,76.08443249724102,97.00636575080598,14.373219175306648,36.738139445423656,120.40826725784484,78.54480014166029
P006,2026-01-01T10:07:30Z,186,112.78959480089337,90.23886564932558,30.428548694045904,39.24584323282934,189.89649269407752,94.20225475206504
P007,2026-01-01T10:07:30Z,187,71.71526038316462,97.11569217689716,14.327391145752866,36.55261957895448,125.51478196414587,79.43145068764547
P008,2026-01-01T10:07:30Z,188,88.17355612741333,95.90432426408003,13.702639821328395,36.92381537757421,121.94538345284873,72.05745445489696
P009,2026-01-01T10:07:30Z,189,72.27688827610802,95.77604968548577,14.510753287122874,36.883588668945215,132.49104880895436,71.78050815078205
P010,2026-01-01T10:07:30Z,190,77.48009889766446,98.17612775231747,17.101848761787082,36.186812852481005,114.93698677559608,78.82923077611969
P011,2026-01-01T10:07:30Z,191,73.2671125068711,97.57473133332506,13.819105494899045,37.08938241903647,130.17553967540573,78.76120185777505
P012,2026-01-01T10:07:30Z,192,118.16026709852407,90.930869075707,27.969355363267777,38.82927956810609,170.08212946800325,108.277394807289
P001,2026-01-01T10:08:00Z,193,,98.39793333422575,18.652689332211345,37.8403811029394,114.74998090126637,74.84819596519704
P002,2026-01-01T10:08:00Z,194,73.04066892696454,98.9418430651762,16.026751625431725,37.28730871655524,124.35278371456971,82.95844385935955
P003,2026-01-01T10:08:00Z,195,80.00154289913941,99.68126349543722,15.657340978094727,37.086812712498634,136.83556845956386,86.38177296660997
P004,2026-01-01T10:08:00Z,196,81.99804411923193,96.38809997563706,12.89498505339989,36.978226315242345,121.69756904039473,75.05075504305701
P005,2026-01-01T10:08:00Z,197,74.85956996259553,95.35071482309223,15.62282773398798,37.14352071299895,113.27179644396433,76.94180429706402
P006,2026-01-01T10:08:00Z,198,120.37067539033004,85.8925939228289,19.347453074373014,38.675040565172516,169.53586358781,112.8833811158284
P007,2026-01-01T10:08:00Z,199,87.52736109266408,98.34327659439806,15.363863444460106,36.6308801290957,131.67798671721565,70.69537115035949
P008,2026-01-01T10:08:00Z,200,72.27351369493918,97.0511572293253,16.116571581228023,36.84420360146378,131.69374639963175,67.66994585153105
P009,2026-01-01T10:08:00Z,201,75.73002875414196,95.43523896137742,17.411939493397632,36.40203363557409,124.77919349163349,72.67521705154704
P010,2026-01-01T10:08:00Z,202,81.88114523003094,97.45305584907913,14.604885586807384,36.640218034850314,107.17253330857305,79.74439906720093
P011,2026-01-01T10:08:00Z,203,67.35189520159568,98.19897267879513,18.713526314927925,36.67650511838231,116.3112275947198,81.69741237931987
P012,2026-01-01T10:08:00Z,204,131.60547127076813,93.13514641321193,24.981030343980905,38.59158163813329,190.5087730987998,88.30020652327714
P001,2026-01-01T10:08:30Z,205,65.5077321096785,95.80777768681007,17.045202577301055,37.29093876485693,121.63540176492647,78.91579211113252
P002,2026-01-01T10:08:30Z,206,73.25150918999124,97.89206928441638,17.638208337824278,36.739473853986986,118.37153590762956,81.24678502930824
P003,2026-01-01T10:08:30Z,207,63.82340106070585,95.47620431995264,13.071247371166825,36.88838623448303,109.98481831042635,73.50571528125157
P004,2026-01-01T10:08:30Z,208,73.40060406026187,97.49497182295676,,36.627714748169815,122.32832680052809,65.81028258802183
P005,2026-01-01T10:08:30Z,209,75.78505152000427,97.10973209930094,15.771355663990505,36.93213150900284,129.6316286911733,86.26641741764847
P006,2026-01-01T10:08:30Z,210,108.85610171407612,,34.73724307087634,38.53895805601431,134.3043911286963,97.06734360079659
P007,2026-01-01T10:08:30Z,211,83.67554906986223,98.81354054328435,17.251156876432304,,119.68410219605636,74.21477431908696
P008,2026-01-01T10:08:30Z,212,87.29154145770732,97.6537880891353,12.07548376734052,,142.66773171975183,76.9284219670503
P009,2026-01-01T10:08:30Z,213,72.74809959864284,98.23343078206439,17.084390571448512,36.97340457764621,123.30963324802036,76.95019177971493
P010,2026-01-01T10:08:30Z,214,78.8814469150706,97.56695553265624,15.358919243324904,37.136244811315656,121.58997685920913,75.07731863510894
P011,2026-01-01T10:08:30Z,215,73.39823508907487,95.32347453298812,16.778075180867525,36.78598858134234,103.1071429169488,83.03740854464552
P012,2026-01-01T10:08:30Z,216,131.6028244345075,86.42861727509444,27.704706986252226,38.81975807214572,139.66536243515878,106.22424593658697
P001,2026-01-01T10:09:00Z,217,71.60171346410897,95.81846977531875,19.540761392923415,37.42531982000328,112.22283052853915,85.22599163187705
P002,2026-01-01T10:09:00Z,218,77.85647703855955,97.76176584522258,14.333474816925508,37.54759770321145,126.2284243088447,82.27798455207059
P003,2026-01-01T10:09:00Z,219,73.50602036953093,98.66858038305206,16.15541080349075,37.016647340107184,136.09350036450815,72.16754920401736
P004,2026-01-01T10:09:00Z,220,72.38213012459798,96.84699658837175,12.286379196119668,36.696306205694405,121.93189433031965,83.58226714573735
P005,2026-01-01T10:09:00Z,221,72.68785162593053,97.06038018193748,18.706147155084118,37.339860845887706,114.6488613865677,77.74539713952535
P006,2026-01-01T10:09:00Z,222,126.25222079518,91.15633506228464,25.847767105743472,38.4930234280696,174.3000922287789,96.7333039596569
P007,2026-01-01T10:09:00Z,223,88.79497865728817,96.35863648714212,17.10301300282873,37.78243685305638,,65.16529850070157
P008,2026-01-01T10:09:00Z,224,76.05291938481686,97.51477839186785,13.854227784314345,36.69997058962394,,68.44829196041606
P009,2026-01-01T10:09:00Z,225,80.14637539520126,98.4923803123216,15.071239215609102,37.04555946944331,119.84344560108818,80.19292407023103
P010,2026-01-01T10:09:00Z,226,81.973808836707,96.57889601296326,13.028921680955452,36.942350705649794,106.19170951328317,76.56137392263845
P011,2026-01-01T10:09:00Z,227,84.39481829017652,98.05891349618253,16.990545892137195,36.94368909430317,125.53906799286345,72.82810586811975
P012,2026-01-01T10:09:00Z,228,122.80371889971607,82.20465958577851,28.057903764699113,38.5433230010801,164.29120641720212,108.35879261608045
P001,2026-01-01T10:09:30Z,229,84.66099998109655,95.65925853635903,16.835084473745457,37.398975394516384,104.10677353369086,79.73252676546036
P002,2026-01-01T10:09:30Z,230,68.98233998512704,96.02825888685285,19.454836573256202,36.761298088343615,121.76924845687093,75.58330235336257
P003,2026-01-01T10:09:30Z,231,71.56475725800203,94.83085883338454,18.944610627494907,37.35353249632524,,75.18594325546299
P004,2026-01-01T10:09:30Z,232,76.68325116485207,98.17110867531251,13.604823421931686,37.09162781450279,124.98387525620323,82.500889579394
P005,2026-01-01T10:09:30Z,233,71.83574005685415,95.56078469226783,19.50529510910188,37.14771409242759,128.9290638314729,83.80635232067684
P006,2026-01-01T10:09:30Z,234,112.43439470378279,89.52409290316582,23.461958787502887,39.352253359294615,155.74503265870004,106.50976889360219
P007,2026-01-01T10:09:30Z,235,74.23903265827875,98.73800844838112,16.12449175162044,36.67247130571603,117.50822643452341,86.17759476488055
P008,2026-01-01T10:09:30Z,236,75.56811844724625,98.1262653848701,,36.60383155391722,113.77670901800566,79.23591506969386
P009,2026-01-01T10:09:30Z,237,73.81342949161456,96.82154249090681,14.932408120681583,36.90216211811291,,69.22525569087509
P010,2026-01-01T10:09:30Z,238,69.81278758936249,97.20825592336392,15.767466709379269,37.452645197570476,139.32046433311316,68.0138616400188
P011,2026-01-01T10:09:30Z,239,75.35479753440362,97.69889700416915,16.46134460476125,37.25890184561107,122.67859588831456,76.99275558344213
P012,2026-01-01T10:09:30Z,240,110.55014337183293,90.22963839103642,30.415944176029182,,185.03286626354094,114.31622454388616
P001,2026-01-01T10:10:00Z,241,71.22980104925294,95.18763268362166,17.99883747555989,36.675809631136175,156.90484351896507,70.89748492171265
P002,2026-01-01T10:10:00Z,242,71.9349307258494,96.23374584377619,12.209908300104239,36.935094070207164,101.8145514055061,70.0668242034753
P003,2026-01-01T10:10:00Z,243,85.444022858863,96.94769791998914,17.175333918708343,,124.80822367130128,75.71963983058048
P004,2026-01-01T10:10:00Z,244,72.0209574961794,96.60397966260787,13.579202544434423,37.19365240237116,122.70755902578608,72.82319988256037
P005,2026-01-01T10:10:00Z,245,76.24708012209507,98.2283303005111,16.040074581732622,36.54026486215643,126.89489303700962,75.09006165442966
P006,2026-01-01T10:10:00Z,246,139.9714514650788,86.25652759216078,30.192533385918725,38.239002730131645,168.14005159183694,90.5434281413424
P007,2026-01-01T10:10:00Z,247,75.27685729568529,96.05466022046873,18.590856058402895,37.36236469848601,134.87024144633972,73.21346406408085
P008,2026-01-01T10:10:00Z,248,86.31445295175162,96.97933846630374,15.683158939006733,36.9037645755154,125.74879078226212,89.70033096923726
P009,2026-01-01T10:10:00Z,249,74.03128497280035,94.93551432380451,11.743660916028375,36.59456471654439,126.78100905733324,78.68279739204178
P010,2026-01-01T10:10:00Z,250,76.16996047049764,95.76004559932409,18.819812434550055,36.69551563424087,140.28260148300652,77.80515405649527
P011,2026-01-01T10:10:00Z,251,71.29444894650892,97.0874600257261,14.779802267885772,37.58989922088445,121.19242307079543,87.27139291017936
P012,2026-01-01T10:10:00Z,252,137.03204597151841,88.98836211088779,31.843021264175498,38.920364555101465,187.7836187525056,101.46862004425451
P001,2026-01-01T10:10:30Z,253,75.19240486633784,98.43632723624819,18.156730462794457,37.640644614981454,106.28633883986097,76.66747924180022
P002,2026-01-01T10:10:30Z,254,73.88053784903435,96.82096231560857,16.23732833944799,37.19617420589502,116.89958277220865,74.21423041720722
P003,2026-01-01T10:10:30Z,255,88.03990104679048,97.41981393969458,14.532010172406878,36.89285661996776,123.45810340081837,83.67513352196116
P004,2026-01-01T10:10:30Z,256,78.14277205762792,98.18242525743973,16.973637094298567,36.94173352192848,121.13704757690626,72.99089308337099
P005,2026-01-01T10:10:30Z,257,73.75891601691492,97.63677295475684,17.04568752149806,37.16669495412139,134.8120352503853,83.97515234623417
P006,2026-01-01T10:10:30Z,258,112.30584479657153,87.02193497252534,25.89473679845748,39.189225425159165,167.78933257748935,124.24628168449922
P007,2026-01-01T10:10:30Z,259,71.61400674515701,,16.95687649403531,36.402615790100285,131.7901866030424,87.39836492562733
P008,2026-01-01T10:10:30Z,260,69.76962917543372,97.21285243735012,15.131468921422442,36.787712419778565,131.44508628242394,70.39286648745959
P009,2026-01-01T10:10:30Z,261,71.29514623917754,98.84358841221612,13.732457949160544,37.298543643237515,116.09162503863149,
P010,2026-01-01T10:10:30Z,262,76.26794968578079,97.88251772937966,16.26359685402164,36.51194854219849,114.68323377823837,79.41071965891
P011,2026-01-01T10:10:30Z,263,75.08061423845072,96.45828235079448,13.502514778584576,37.00006470349086,123.66961975926269,82.12591490705408
P012,2026-01-01T10:10:30Z,264,122.43647110766956,89.97051890762923,24.65611500174729,38.625916049496425,156.26956486518895,97.26143973135497
P001,2026-01-01T10:11:00Z,265,98.82650357244111,96.65196470156414,17.09631671272337,36.81577773012093,127.47058116066336,84.39930449520371
P002,2026-01-01T10:11:00Z,266,75.19583667514381,96.65258424359645,14.447051183703273,37.701529013927,119.62870474838869,69.2580874753124
P003,2026-01-01T10:11:00Z,267,79.98724977117749,95.87372864306731,14.909225875798302,36.633801858924905,110.30272259941904,85.99946642200607
P004,2026-01-01T10:11:00Z,268,77.06271898003018,97.76439864013425,16.760046598097226,36.603883453638936,108.51764202148058,73.72767500290222
P005,2026-01-01T10:11:00Z,269,67.82769501488409,95.92015341047389,14.356329407184893,36.9258761508675,111.37465094221858,77.3051789401694
P006,2026-01-01T10:11:00Z,270,131.9619497716777,87.8263554262626,30.865732588219487,38.8144826955636,160.2001748592623,106.31721477537778
P007,2026-01-01T10:11:00Z,271,70.42791230555744,98.14537245788543,17.624155263759373,36.494076224228465,136.66589108028552,
P008,2026-01-01T10:11:00Z,272,73.4603150125568,95.82750846600717,16.301466623411645,37.17045485075145,107.39466698561638,75.4078566580373
P009,2026-01-01T10:11:00Z,273,,98.0182436419925,13.696812933184088,37.234097912022385,114.32576196828663,79.55725059342923
P010,2026-01-01T10:11:00Z,274,,98.23443915686204,15.910534131624264,36.47845069179691,130.69516712903695,75.77777634203336
P011,2026-01-01T10:11:00Z,275,69.44690603747826,97.49746757572883,19.22382095493498,36.752861351791886,125.55628537128553,61.503387683768665
P012,2026-01-01T10:11:00Z,276,113.47368550253114,84.28300508211683,23.038047459730635,39.08054674306011,135.4606909436804,95.10316185345864
P001,2026-01-01T10:11:30Z,277,84.74078195947136,95.2818473048924,19.16231124613956,36.81535322408515,112.12395334964603,77.0549947084658
P002,2026-01-01T10:11:30Z,278,75.63446167175239,96.80275591887064,16.303081591530532,37.06507612291011,140.55619237458447,83.63652253078908
P003,2026-01-01T10:11:30Z,279,74.56977187840204,,18.098201609715574,36.89653890322258,124.95795768021733,86.18718234103926
P004,2026-01-01T10:11:30Z,280,74.12107636655031,97.34896391581509,17.557659434242062,37.17303044848193,124.55515401057926,81.51148518815313
P005,2026-01-01T10:11:30Z,281,73.61509999042342,97.25058508778024,15.437260016188597,36.82595286134652,126.39192233724128,71.52625687770819
P006,2026-01-01T10:11:30Z,282,115.21159312747875,89.06459563837936,27.621568909232572,38.86965227647144,152.16131474954935,102.58448778795669
P007,2026-01-01T10:11:30Z,283,86.49603250281092,96.28320212843475,13.93020539624806,37.015464252581424,122.82210024750205,62.76050285695672
P008,2026-01-01T10:11:30Z,284,,97.06213673318163,15.841256229113032,36.41980469008451,107.18821240192865,74.48779142635448
P009,2026-01-01T10:11:30Z,285,77.35515901789931,97.49239624694214,19.75675826398626,36.699327197998976,121.3386920456864,80.55674368091655
P010,2026-01-01T10:11:30Z,286,71.22592694997648,96.2576174513102,17.167573090585897,37.080327551224286,113.86508639377213,76.43862821662127
P011,2026-01-01T10:11:30Z,287,66.90584847091917,96.0771349807706,17.419323731275753,37.40133636856897,126.44088789365325,77.75794568079593
P012,2026-01-01T10:11:30Z,288,119.38157641009371,90.5777149107886,27.47810799054445,39.21419718416719,165.1119164136834,100.96198504673397
P001,2026-01-01T10:12:00Z,289,90.8899553273215,97.85100889400714,12.48736005249019,37.45121463466863,119.75013762610482,79.35008550987526
P002,2026-01-01T10:12:00Z,290,87.89356180087354,97.24186185319327,16.12795542273771,,131.95405662352508,76.02648077799974
P003,2026-01-01T10:12:00Z,291,91.33606857427309,97.76547044735976,20.154497918868262,36.66386425233794,126.0995671023102,71.99788052941426
P004,2026-01-01T10:12:00Z,292,78.94871553963755,99.057505082091,18.724916488000424,36.33120444025618,134.78968344262805,83.61840250208789
P005,2026-01-01T10:12:00Z,293,63.174996423516475,96.99946004181851,18.275913538800097,36.90551826467139,117.50956205034248,83.3360775226341
P006,2026-01-01T10:12:00Z,294,119.07410799716577,87.97802861798571,22.75671097429096,38.1223442455901,161.05179725290708,104.17306943642187
P007,2026-01-01T10:12:00Z,295,76.04530370792597,98.48656307289417,18.089608345664832,36.543330685859075,125.27677117369231,90.13678513276716
P008,2026-01-01T10:12:00Z,296,73.37063125519023,98.19086756099304,17.391890725770896,,128.41107123369707,78.17935426571407
P009,2026-01-01T10:12:00Z,297,70.4772654625042,98.61138580235745,16.769446629170467,36.50292350957958,108.1368106173643,77.3270165993365
P010,2026-01-01T10:12:00Z,298,81.62513753049855,96.89856116645376,17.726184907221818,36.65574900540417,123.59344412758921,80.11201772362578
P011,2026-01-01T10:12:00Z,299,71.43481152971094,97.71159987503515,14.514642290597694,36.5445946069013,131.30428497259078,67.77540224611556
P012,2026-01-01T10:12:00Z,300,126.61270730500075,88.74941518365549,22.603808224961867,38.515062758210135,184.33790621782495,117.08935318421126
P001,2026-01-01T10:12:30Z,301,80.36575822139939,96.80060519340336,14.999914593573287,36.29822256852447,127.29855943384686,79.92736990556531
P002,2026-01-01T10:12:30Z,302,77.85401413651421,99.02910332223931,13.952704476600218,36.96096208001817,114.80308319932121,74.71797167493003
P003,2026-01-01T10:12:30Z,303,74.83003529736003,96.20213690276832,12.083475721886515,37.45113204923566,134.21320151608424,95.54963875281513
P004,2026-01-01T10:12:30Z,304,80.71910050799099,97.1649809686924,17.290225375322244,36.67035140968732,116.7850392297647,75.21933231824762
P005,2026-01-01T10:12:30Z,305,78.08921809566891,96.96101357283369,16.656547924162062,36.71172682763669,114.04917359521127,84.31244931614245
P006,2026-01-01T10:12:30Z,306,126.72247436435708,91.11932149350942,24.71521297153972,38.53637334550736,162.5997023591709,90.38328116775943
P007,2026-01-01T10:12:30Z,307,77.19068359488077,96.11060775315806,15.835853921090825,36.44544228598893,139.2165466446278,75.87362943689779
P008,2026-01-01T10:12:30Z,308,82.18595413043046,97.30502137261925,15.93870654304437,37.6329021420505,113.5861931639451,78.65515349640212
P009,2026-01-01T10:12:30Z,309,76.05731371754108,96.20949120027286,12.531228475102198,36.94106199620681,126.3909500781761,81.16018825262746
P010,2026-01-01T10:12:30Z,310,71.87837427000493,97.27170546534082,14.733491595452811,37.06846234638589,123.23096705585029,75.3102613581346
P011,2026-01-01T10:12:30Z,311,80.31008732136497,97.12295343203297,12.122494745992949,36.503314081229945,133.54513570492443,73.26146351925132
P012,2026-01-01T10:12:30Z,312,109.10777704265325,86.78137974247659,28.82826074842064,38.483937154752326,162.49999244948606,
P001,2026-01-01T10:13:00Z,313,72.42330172520003,95.84218034820258,18.464535421583687,37.12072972189061,128.63328282258234,80.61598044107866
P002,2026-01-01T10:13:00Z,314,77.37076409039393,97.76913857330922,16.56417578166976,36.974102012245254,115.37823208774712,82.20810503006895
P003,2026-01-01T10:13:00Z,315,73.18503620924108,96.30610343196037,12.572934607338414,36.69983589641021,104.83260117751317,83.0726328944835
P004,2026-01-01T10:13:00Z,316,74.30782571326033,96.6313658798255,15.644084888508628,37.12733302828085,119.95321432319909,75.01965178323776
P005,2026-01-01T10:13:00Z,317,73.33527127380691,97.88344668794767,16.606096565865435,37.07709617189592,121.41458894553072,85.0184770859131
P006,2026-01-01T10:13:00Z,318,123.04434551011148,89.70139630782914,30.816651968984978,38.13183936247736,152.3099651701197,106.13910239676993
P007,2026-01-01T10:13:00Z,319,90.66998645798313,95.41621235783364,15.718187823134933,36.97991788307754,143.21849620339725,75.1999173652292
P008,2026-01-01T10:13:00Z,320,82.23638523479312,94.88348379400831,13.903082214277408,37.25872047430329,123.07604069804616,76.41625981612918
P009,2026-01-01T10:13:00Z,321,76.95457745313404,97.11102319563395,16.80675248505345,36.980262085837964,119.25618923305933,74.83888082407694
P010,2026-01-01T10:13:00Z,322,85.36210557924674,96.92972256758732,17.91761331202192,37.26959382097951,121.42621161508417,76.73568612553943
P011,2026-01-01T10:13:00Z,323,70.1950595357486,99.12910214229929,15.64434854942262,36.66756840132649,134.8798924903037,79.69085129210131
P012,2026-01-01T10:13:00Z,324,121.55239692451141,92.57101911445626,27.300996727518253,37.43291147889485,163.6842039410153,126.65553719797475
P001,2026-01-01T10:13:30Z,325,78.60943507467204,94.61591339707992,13.689601773653411,36.971117447113826,119.1975950641215,81.43867889802263
P002,2026-01-01T10:13:30Z,326,78.50422481819098,98.69780992634787,16.63008607223234,37.068857376054716,122.15783211505753,71.84160927530884
P003,2026-01-01T10:13:30Z,327,80.20562804706353,95.30031269733468,17.30345755029189,36.79646110086296,139.1602708701571,80.94103226905345
P004,2026-01-01T10:13:30Z,328,71.64485067587717,96.10604742703887,13.172965352694694,36.19807556528778,112.49288182846888,81.76496338003106
P005,2026-01-01T10:13:30Z,329,79.97515677868768,95.82991719245275,15.537880640201019,36.41453181914448,144.01686073019292,68.43074841590641
P006,2026-01-01T10:13:30Z,330,102.15492223786708,83.57876390280275,26.145619485172645,38.44181728841928,155.88185423095797,103.99237728578606
P007,2026-01-01T10:13:30Z,331,84.18725267384255,97.81059065936668,13.00809482738221,36.46552222738984,115.37655209385419,71.28114214196532
P008,2026-01-01T10:13:30Z,332,81.25684137814534,96.94422115612527,20.263632584826713,37.007813309103476,120.33975334590286,72.81023718855644
P009,2026-01-01T10:13:30Z,333,75.75943052737338,96.54570506483338,20.767722075963746,36.88014221019337,118.3304230555601,78.15577268060103
P010,2026-01-01T10:13:30Z,334,84.04152640571097,97.66529142494502,15.089765331922665,36.8281586804651,114.76265034582536,72.03136128582813
P011,2026-01-01T10:13:30Z,335,86.2047565505699,,16.59220117924654,36.99381377378244,119.7154619498702,82.46600153249805
P012,2026-01-01T10:13:30Z,336,110.53590971317975,86.02726212265524,28.539733883406825,39.198313934493505,152.2871259473919,104.55097292170173
P001,2026-01-01T10:14:00Z,337,76.32162125103127,96.07047554848621,13.450070177470424,37.05862157860337,133.597402424488,80.61324879575812
P002,2026-01-01T10:14:00Z,338,82.99772983919492,97.52544046965923,16.512917821717064,37.10608610033125,137.50546895032153,79.02573211312503
P003,2026-01-01T10:14:00Z,339,80.57435727890154,95.22208017887307,12.72712181382943,36.65941349229914,113.13787712687524,74.19323190219248
P004,2026-01-01T10:14:00Z,340,79.56971474906081,96.54788355463089,,37.559654356044696,121.84161863669925,73.84087832314533
P005,2026-01-01T10:14:00Z,341,75.10398857757102,97.0512588269798,14.867621450279998,36.84689592417707,122.54913369872784,83.33648073914715
P006,2026-01-01T10:14:00Z,342,113.35140632480477,90.4047974069956,29.497111618555707,38.894367811440574,163.62215627879107,104.2044530434002
P007,2026-01-01T10:14:00Z,343,77.51832872277352,96.73720147092547,11.045133044324656,36.89314210375943,122.01950383866686,77.57794940023886
P008,2026-01-01T10:14:00Z,344,74.47182643232688,98.17921280738052,18.73487713917574,36.99724985349356,119.67325641106152,85.88332767674805
P009,2026-01-01T10:14:00Z,345,76.36966207713685,96.51118003639174,13.630069583431572,37.06558646889168,106.11845552854159,81.30207060842933
P010,2026-01-01T10:14:00Z,346,87.10247393425016,96.88348855835054,17.55150460089982,36.17441571519129,133.48823794502837,86.81258246792748
P011,2026-01-01T10:14:00Z,347,72.34745845812805,98.21424882889107,17.949315381400407,36.68808734936526,,74.12642038525397
P012,2026-01-01T10:14:00Z,348,114.3482779661225,88.02951767781339,23.5796381910385,39.108588673810104,154.2687137422958,105.14794635943554
P001,2026-01-01T10:14:30Z,349,80.25188134477418,96.66216316208656,25.23928267227712,37.07229334446979,119.62562668227,
P002,2026-01-01T10:14:30Z,350,84.72710824575422,97.53846263668869,14.322287780974964,36.69442715784629,116.96269755965167,80.16718730432397
P003,2026-01-01T10:14:30Z,351,68.69628564780307,96.56681957471768,17.364542782132112,36.57434210162305,112.5456143220525,78.06615254802526
P004,2026-01-01T10:14:30Z,352,71.52283147865771,96.23618370373994,,37.02298067549417,125.02961335964609,65.40058808564926
P005,2026-01-01T10:14:30Z,353,78.30600375588045,97.55957228044062,15.264809067679629,36.681727895453584,141.09507486559346,84.01923521770651
P006,2026-01-01T10:14:30Z,354,98.32732113442518,84.01011052857545,,38.19545036640255,137.15165400183818,106.86548552652368
P007,2026-01-01T10:14:30Z,355,75.70983330155343,96.87851325886949,17.35570368357801,37.16635671209759,122.34865913787607,77.88440328451878
P008,2026-01-01T10:14:30Z,356,81.91219143808217,100.76273134665752,13.622961849710475,36.731229161723924,128.41927611020603,81.50563837085294
P009,2026-01-01T10:14:30Z,357,84.4465528315252,98.30639243818388,17.199169039580756,36.96130430616269,124.03497209039934,77.52758524656373
P010,2026-01-01T10:14:30Z,358,71.48778247808625,97.39991901829451,15.946088327129585,36.96460313798662,126.507318201915,74.23607444449873
P011,2026-01-01T10:14:30Z,359,81.886436792151,95.6363202638441,18.23514839386631,37.35334096990774,118.67490195958626,79.75087660455786
P012,2026-01-01T10:14:30Z,360,108.40796242810032,89.25382383822857,31.052891683979425,38.50794353394142,,92.25563859941866
P001,2026-01-01T10:15:00Z,361,75.53950347845056,95.67484907316569,20.14612211061589,36.08627722887652,132.65145120307196,75.50378543541724
P002,2026-01-01T10:15:00Z,362,73.34886530624279,95.78352696251771,14.268603638236469,,122.6729911022196,80.70652370222294
P003,2026-01-01T10:15:00Z,363,73.1309774879283,96.1113271874712,16.650616710042247,36.975094536430866,126.73072482693536,93.39168362576842
P004,2026-01-01T10:15:00Z,364,77.47568385637702,97.17418954109269,15.894775813889222,37.08391326293123,117.12127282524949,72.31388198616494
P005,2026-01-01T10:15:00Z,365,73.34516234289994,98.14055819919402,16.944019136756147,37.070522857372445,106.05915645447324,89.02137101897408
P006,2026-01-01T10:15:00Z,366,112.34894307226168,88.56388705731165,,37.580694746713796,180.70497811378422,101.27003559105574
P007,2026-01-01T10:15:00Z,367,81.82122098569775,96.58544181038684,13.755242812024978,37.00612743931125,107.76514394855053,71.55938582318639
P008,2026-01-01T10:15:00Z,368,80.56046157332378,96.38135910574947,15.134070830908055,36.209757745994,134.53114585115915,81.88816794029465
P009,2026-01-01T10:15:00Z,369,86.62905569492048,97.98808997866797,11.594614717729272,36.445871512008004,120.80888893978262,75.16535872756545
P010,2026-01-01T10:15:00Z,370,73.71740343410792,96.94499114366326,17.22200391965052,36.41130073048191,136.37325073865884,
P011,2026-01-01T10:15:00Z,371,73.21352908461292,96.28733772640325,13.466807460538316,36.8854548298588,117.8097189837026,73.88635804585043
P012,2026-01-01T10:15:00Z,372,97.62853228578253,91.64234427378061,26.526962375386546,38.97320910981648,154.47159788553816,100.51640056578212
P001,2026-01-01T10:15:30Z,373,83.61781441962067,95.10642718355504,14.906635534541623,36.62613915239603,131.9403706298838,79.96956359225037
P002,2026-01-01T10:15:30Z,374,78.26777575620444,98.9171536440122,17.695746578994687,36.773125723253244,129.36263083947037,69.61401671432893
P003,2026-01-01T10:15:30Z,375,70.71626216033583,97.32159776494623,,37.46762807090847,124.01157987511785,73.39450036526974
P004,2026-01-01T10:15:30Z,376,74.3932325579489,96.68181732800561,16.42422740226245,37.01450716034388,121.51962640014341,84.51795550123819
P005,2026-01-01T10:15:30Z,377,71.09794809554752,97.46813985927157,14.499561859515735,37.43568622458639,129.98143695919282,73.92990072695314
P006,2026-01-01T10:15:30Z,378,117.49696346509205,89.44831988371924,27.80285681522361,38.62954666651251,156.0257771761741,117.24389616686243
P007,2026-01-01T10:15:30Z,379,71.47169022383389,97.20065806114073,13.213206684411727,36.81001502683478,100.26147594860286,80.45794947889664
P008,2026-01-01T10:15:30Z,380,89.47141631193466,97.71196064671138,14.125713656148262,36.656521106726395,130.5982772574674,76.93835308502884
P009,2026-01-01T10:15:30Z,381,75.04232399487597,96.93998470723261,12.522369074958137,36.58312650220044,124.86523303917261,77.17270686634659
P010,2026-01-01T10:15:30Z,382,84.5888626835645,98.01772812145184,16.58026665417751,37.438269533798575,108.50994248350872,77.9536423133659
P011,2026-01-01T10:15:30Z,383,77.63400040676997,95.53248196644155,14.06641295766793,37.06941300096395,122.19078779161129,61.83598429384507
P012,2026-01-01T10:15:30Z,384,122.30023181216843,92.41828461033305,32.6825551229051,38.779855749452054,171.47339922390447,109.12349038876343
P001,2026-01-01T10:16:00Z,385,76.74105994008197,97.40144999253705,16.96192532918282,35.90443940521254,125.96780882875699,83.29507066609483
P002,2026-01-01T10:16:00Z,386,67.93313559835123,97.4802358162095,16.875346600386212,37.21334756821517,125.26333699726939,72.61189347951478
P003,2026-01-01T10:16:00Z,387,87.34979582516863,96.44573995145521,17.83570373308589,37.157059772587374,140.51762059894313,66.85353885566005
P004,2026-01-01T10:16:00Z,388,80.54271021204667,97.98183240770852,15.280676642665386,36.99909219365326,132.6247453617077,89.34275395964671
P005,2026-01-01T10:16:00Z,389,69.65274241281475,98.36735147684205,13.719630545702643,36.770366471864094,122.87833934766633,89.94592127933183
P006,2026-01-01T10:16:00Z,390,150.77546450991463,89.7999405616816,23.12905267731273,38.57904100891262,165.94436392495007,109.61512721315046
P007,2026-01-01T10:16:00Z,391,66.01397122963822,94.92184592659952,14.425553776355988,36.56777358130469,127.4456018011219,70.40418721923174
P008,2026-01-01T10:16:00Z,392,84.49979757572771,96.77722088038297,16.56090485248517,36.68761689890319,123.35339083261157,73.44432711171808
P009,2026-01-01T10:16:00Z,393,76.87295828221185,97.12455973064823,14.264818125473452,36.92114886870635,116.41089420673363,72.33039698627941
P010,2026-01-01T10:16:00Z,394,83.82598079596286,,19.705729949877146,36.66389940495824,98.9533635290724,75.32324634988271
P011,2026-01-01T10:16:00Z,395,70.36262354888345,96.21414567970557,19.228227846048974,36.93027046054412,116.39093734898479,74.2716330387173
P012,2026-01-01T10:16:00Z,396,131.28591142531954,,27.928611880272943,38.22843979622277,163.30560217908035,105.24900993268297
P001,2026-01-01T10:16:30Z,397,65.71813143401951,97.10953078562224,18.500810157866564,37.18387156613265,128.70655327581184,76.38489123831509
P002,2026-01-01T10:16:30Z,398,72.49885972725376,98.6727826911075,17.737163875467825,36.79259720823269,124.58642638679196,78.92875346714303
P003,2026-01-01T10:16:30Z,399,76.1554995074225,95.51831424465257,17.499629146277613,36.86818183325127,122.34580149095908,76.78258396592845
P004,2026-01-01T10:16:30Z,400,80.87954607231784,97.15702084336031,15.458652489312612,36.8664129497305,121.05692011716971,77.52976183124542
P005,2026-01-01T10:16:30Z,401,81.19838440214559,97.42529096387142,17.01053503186554,36.47115052849096,138.06453310592124,74.34689455112786
P006,2026-01-01T10:16:30Z,402,121.61349691422429,92.03399453138758,31.219856008171845,38.784005018247264,151.1512591971705,111.53778249736412
P007,2026-01-01T10:16:30Z,403,82.98388474646059,96.5030713523523,18.475014527483932,36.6849915413007,109.69669389933632,78.32488217866677
P008,2026-01-01T10:16:30Z,404,67.50923833504741,95.2046637795978,16.717277540621577,37.67591999954044,130.4344679308869,66.74555622398758
P009,2026-01-01T10:16:30Z,405,81.07704077816717,96.79728272561417,15.147828859537869,36.90757884932952,126.88408711904296,77.91399597292853
P010,2026-01-01T10:16:30Z,406,75.6051800735669,97.26046299868858,15.226632715023435,36.894769830915294,121.64213991714644,79.04891596212484
P011,2026-01-01T10:16:30Z,407,71.96610480207751,98.5227513880577,14.828372786328234,37.12742399608202,116.14621592594125,75.28428636207633
P012,2026-01-01T10:16:30Z,408,108.26079938569471,84.94814124100114,24.430482886848658,37.59264275953329,150.74815786725247,
P001,2026-01-01T10:17:00Z,409,84.55640412475336,97.8578409005624,18.284864239541665,36.72685509757622,124.39504815644386,76.60060228973927
P002,2026-01-01T10:17:00Z,410,72.1375154484025,96.72386535218912,15.55342055589203,36.42121285211813,127.35757454304236,81.99772369507886
P003,2026-01-01T10:17:00Z,411,79.14903430984046,95.3499681088154,17.159171684993115,36.51187142587784,110.93588568233487,71.56213804835846
P004,2026-01-01T10:17:00Z,412,77.63200664129913,96.63451201315043,15.443267119397802,37.032407607758984,118.86104586918829,79.35635753461216
P005,2026-01-01T10:17:00Z,413,70.99842470158062,96.4306485747605,15.819420507786372,37.084393214424544,133.2964257503425,79.84905053235049
P006,2026-01-01T10:17:00Z,414,132.88715855431687,90.22713402014998,23.6327300447494,38.34350262540163,163.67217550300097,95.02133588390681
P007,2026-01-01T10:17:00Z,415,78.11976665825189,97.1124477471075,19.140314236922684,36.86688325890568,133.23232094191928,80.15999390739151
P008,2026-01-01T10:17:00Z,416,85.87543560995792,97.59535447537567,14.430054611499152,37.59100006286132,130.024315754291,76.14912857771864
P009,2026-01-01T10:17:00Z,417,72.87027797585104,96.96202315854777,14.48618025446987,36.85163117064576,139.0044159141562,86.31035776229184
P010,2026-01-01T10:17:00Z,418,65.06825062259152,98.2107918992348,20.13004851540171,36.92402478738693,102.87490887587285,81.65334309946219
P011,2026-01-01T10:17:00Z,419,76.755016331325,96.83148100273887,13.781525732793986,36.800231045556494,125.05633360929666,76.9313791990822
P012,2026-01-01T10:17:00Z,420,124.73994169363283,90.97888257817428,24.50658294326744,38.89329116866674,167.74145743034046,86.59614562335099
P001,2026-01-01T10:17:30Z,421,84.34285189131684,94.8900590312683,16.56459469498186,36.79014386320664,116.73722263726265,81.87623451217482
P002,2026-01-01T10:17:30Z,422,74.20308465525031,96.5730060787451,16.856965857311668,36.970393856311425,107.68415271557524,68.09084402856385
P003,2026-01-01T10:17:30Z,423,90.2731051101004,97.18438493955496,15.681065024983491,36.6606208415738,118.57265066201992,70.54099364720683
P004,2026-01-01T10:17:30Z,424,60.254999334991496,97.0913082809934,,37.14742282396439,105.02325564814959,84.97119816518129
P005,2026-01-01T10:17:30Z,425,71.37302342740033,95.71373835081936,13.751718963671278,36.90165934158878,114.58130712604157,80.2564411901748
P006,2026-01-01T10:17:30Z,426,,90.74291553244291,28.467202129017117,38.67411154809174,180.33215713837637,
P007,2026-01-01T10:17:30Z,427,71.21308983559165,97.72465509188054,14.288203647251022,36.91111829440849,120.93941480007943,81.38172528861452
P008,2026-01-01T10:17:30Z,428,91.9485856138123,96.4296941494476,19.826291378350316,37.00116577994759,,79.36471012587963
P009,2026-01-01T10:17:30Z,429,80.26164925882706,98.37425852983937,14.048323325529983,36.67981536251582,109.07384523518431,90.18223794455463
P010,2026-01-01T10:17:30Z,430,82.45423374895837,99.28064801307855,,36.59337382620699,114.1001954102428,87.63719496009894
P011,2026-01-01T10:17:30Z,431,74.43954076327,97.74791079437634,15.624010123833557,36.82951020195065,122.09517684976167,82.77213248275847
P012,2026-01-01T10:17:30Z,432,120.05488989520686,85.37021697275055,25.851756318010406,38.558551488259226,157.8535898616013,115.33562035087914
P001,2026-01-01T10:18:00Z,433,78.71637747972808,95.10946333915892,15.401181325574013,36.876851090519274,128.79827498461293,82.12945078389996
P002,2026-01-01T10:18:00Z,434,65.90916546023392,97.301422080374,19.170522428370575,36.671816114096856,122.01934172384917,70.17590245663247
P003,2026-01-01T10:18:00Z,435,74.09405453138879,97.34391756542796,15.189697362342649,36.248964840757814,123.66435121497014,68.53851137212634
P004,2026-01-01T10:18:00Z,436,82.0979392152442,99.20860753094315,17.452793026397917,36.87238723841369,118.11236561911475,72.26102511854182
P005,2026-01-01T10:18:00Z,437,71.98572925495706,97.12813827230484,15.879371493772494,37.79887172861944,112.30494912972718,79.37381961398634
P006,2026-01-01T10:18:00Z,438,124.13678795409247,89.22072128539648,28.99570316369232,39.30630395031812,178.1175315868008,102.64165152147693
P007,2026-01-01T10:18:00Z,439,70.30760917615764,94.76858668913336,16.162623240563576,36.475617095275396,113.24421747426868,76.14268689008989
P008,2026-01-01T10:18:00Z,440,73.62703431935725,95.81071930608324,19.741246195465727,37.29946570854948,130.8670500257831,85.37951234975866
P009,2026-01-01T10:18:00Z,441,74.34814472582767,97.53042993919759,15.376504182190896,37.16036283001953,107.7218901990302,74.75054482923433
P010,2026-01-01T10:18:00Z,442,74.8863343911577,97.96397988243157,14.602473162370368,37.13658333577956,129.4000638400432,84.32973656831577
P011,2026-01-01T10:18:00Z,443,75.41764524475515,98.48369427921003,19.419069231252536,37.34349873013207,129.06673076056657,70.46603876222657
P012,2026-01-01T10:18:00Z,444,123.96563488463313,89.66948916863404,23.553715952526684,38.547511657657665,143.90036500111717,83.96967783539824
P001,2026-01-01T10:18:30Z,445,74.06981956637118,94.52244535044781,17.07910684443948,36.82769414209948,119.47152088354156,92.75240182491868
P002,2026-01-01T10:18:30Z,446,70.33066229438644,96.51097087804051,17.85450101469177,37.431239316518266,126.32277035501768,
P003,2026-01-01T10:18:30Z,447,83.03487310954547,97.21429396991543,14.85486163305543,36.70916889000429,135.18362843412925,87.26585568855101
P004,2026-01-01T10:18:30Z,448,70.10526844799445,96.26972790103298,16.98386040271262,36.8468176015548,121.76213040733373,84.43520018826116
P005,2026-01-01T10:18:30Z,449,72.07062615214016,96.44356335390398,16.04339634211983,37.38835619060822,140.20330464198412,73.1142746815603
P006,2026-01-01T10:18:30Z,450,131.2295981724167,86.16766142528381,29.785023783081922,39.04618668725573,169.40954202012506,112.18281933452457
P007,2026-01-01T10:18:30Z,451,70.39278081931877,98.45832194168743,,,118.0996631378733,80.99818709240118
P008,2026-01-01T10:18:30Z,452,78.29492832982885,96.22235035534295,16.43625868894575,36.81693000526983,125.82637065728025,92.39039054295903
P009,2026-01-01T10:18:30Z,453,86.69137735518956,97.87518101245169,16.614216725164844,36.88031079543402,116.38362704108711,78.45474929978612
P010,2026-01-01T10:18:30Z,454,81.95485968149832,98.30264530958988,14.66569897246326,36.69942364276575,125.41423027700401,87.16519238854353
P011,2026-01-01T10:18:30Z,455,67.4643961073019,95.74302123604784,14.342891693132795,36.986193180772794,127.58679338576681,80.62469060916919
P012,2026-01-01T10:18:30Z,456,,85.58846406112094,27.017348439531744,38.71813538529451,181.18051452497787,87.73270839653011
P001,2026-01-01T10:19:00Z,457,85.26141873315485,98.35808190497247,12.683549242028,37.209320722034455,134.91862379158115,77.13891529528794
P002,2026-01-01T10:19:00Z,458,72.24021064292481,96.58387468005493,16.19783095752622,37.201917143285925,142.58705000587833,68.95511280132735
P003,2026-01-01T10:19:00Z,459,78.2374407622947,97.11283711623045,18.000920150687953,36.992981358836026,109.7461987531536,84.04450305217132
P004,2026-01-01T10:19:00Z,460,76.9656528196963,97.02029718074444,14.259305964685133,37.42732994000424,112.733576646037,73.64763445423056
P005,2026-01-01T10:19:00Z,461,75.03325889526178,96.24316616086013,15.719849117550078,36.60742910647421,126.37539779068746,82.84067898328861
P006,2026-01-01T10:19:00Z,462,113.36232552739709,89.09220873542084,23.285827337326026,38.15918615876185,173.89573021425605,109.98021067865487
P007,2026-01-01T10:19:00Z,463,84.34193724948868,,15.031968314042173,36.649943758752606,116.4316550274855,77.1684926261537
P008,2026-01-01T10:19:00Z,464,82.90055925087366,97.59291567178853,14.870302192188142,36.82244151061615,99.89600494192219,71.315380179415
P009,2026-01-01T10:19:00Z,465,78.55428756750945,97.56212881357784,16.024722263810517,36.43767810104958,116.42041702496434,75.5561599660891
P010,2026-01-01T10:19:00Z,466,,96.4745392743436,17.697731845270877,36.85188700921642,109.31041858987,80.73121634782285
P011,2026-01-01T10:19:00Z,467,76.99869306368937,97.521427731986,13.69082877114735,36.63171509343538,102.11049986345412,81.38845355094244
P012,2026-01-01T10:19:00Z,468,,92.2714922959655,30.45563082909433,38.76874656940942,150.92851055616472,108.46759462851948
P001,2026-01-01T10:19:30Z,469,82.29980900122173,96.01746601857013,13.454288869724493,37.56617476396492,151.81929585925693,82.10694497841665
P002,2026-01-01T10:19:30Z,470,77.17559238666381,97.97812060615729,15.31279781119924,36.43085559260342,127.59077803507613,84.74877579102743
P003,2026-01-01T10:19:30Z,471,82.27633019581317,98.51503817759354,14.175394164203567,36.804290806144195,126.17476683718165,75.0248073356713
P004,2026-01-01T10:19:30Z,472,78.35884541888454,97.61503175222386,16.64058336801445,36.84353324361242,115.55402796399862,79.73303010995626
P005,2026-01-01T10:19:30Z,473,68.43325761191718,97.00544499901024,16.202800066810514,36.9688369423334,126.22582730314244,83.5279811872661
P006,2026-01-01T10:19:30Z,474,116.76743263990122,88.56946306901904,28.654390822835147,39.86749637304992,167.65659185627715,107.96338335382725
P007,2026-01-01T10:19:30Z,475,66.40692862566381,97.52132784277944,21.607910986571923,36.298932344858066,141.15076443210063,59.5713105856185
P008,2026-01-01T10:19:30Z,476,82.9375434594173,96.21848866519314,12.159025611947445,37.23965240781797,143.68479311390925,86.88206597959221
P009,2026-01-01T10:19:30Z,477,67.4184803005458,97.89941561334798,17.20220788804003,36.73555226254689,120.44730212614414,66.30119294608181
P010,2026-01-01T10:19:30Z,478,77.7171696553259,98.10182879397922,15.80900385338071,36.9952784672495,120.32446043602293,74.11944650112257
P011,2026-01-01T10:19:30Z,479,72.95127404550588,95.7187789451199,16.765790190323383,36.96946404758349,129.64703227203645,74.81125858615923
P012,2026-01-01T10:19:30Z,480,134.45280868922396,89.82163935834647,23.86368917278477,39.50563384077956,160.07593173869682,99.57876751896013
P001,2026-01-01T10:20:00Z,481,65.98769342633229,96.36568507263256,19.694816680401782,37.20959196042963,124.72338807216447,72.03545889328569
P002,2026-01-01T10:20:00Z,482,57.208571087534914,97.54456113797863,21.140643961889197,36.44748798380044,119.82767490768771,77.95253405925165
P003,2026-01-01T10:20:00Z,483,101.17571808843127,96.88161632038809,17.321538579557593,36.40133618264935,118.52204639966234,87.03164377259867
P004,2026-01-01T10:20:00Z,484,64.84907237355412,97.60702871043198,17.32255021776609,36.36548025026967,132.21079203827497,82.59417315535265
P005,2026-01-01T10:20:00Z,485,66.9936433982709,96.53759288982921,15.740359656654894,37.01644107699245,,84.70263486873618
P006,2026-01-01T10:20:00Z,486,77.09545508233971,93.80473688720731,28.982430370891162,38.3021483622933,191.9831765732232,98.87311946562426
P007,2026-01-01T10:20:00Z,487,83.0126428688942,96.63478232183911,19.60931076422699,37.88846913029978,127.99151493679364,79.81732061510796
P008,2026-01-01T10:20:00Z,488,75.29206664778089,96.6328756071275,21.25604164775863,37.18759748172383,114.46713638791226,73.90413660245119
P009,2026-01-01T10:20:00Z,489,78.35218238834514,99.245393091804,16.410711364502916,36.667317156221515,125.69331832404384,75.17994768590792
P010,2026-01-01T10:20:00Z,490,75.1003863971946,96.69386845536913,13.97793462659349,37.46765064911988,126.19843535074557,81.43437064817611
P011,2026-01-01T10:20:00Z,491,78.05014531574899,96.85560576522222,13.341402554156401,36.94387111708965,120.16157460973432,66.65776651374745
P012,2026-01-01T10:20:00Z,492,120.50370287784409,88.94509999722838,24.160462828246377,38.51253505899808,137.29868066354902,110.33739073049922
P001,2026-01-01T10:20:30Z,493,82.34771094199091,98.41439010018347,18.685944023590057,37.339257590101184,140.4696452093745,83.01295517065888
P002,2026-01-01T10:20:30Z,494,74.3508753758171,97.9016589186623,15.95730716185888,37.24106059003517,133.83712965869853,85.19502281206324
P003,2026-01-01T10:20:30Z,495,67.44611901381894,,20.166009080734796,37.16375970354146,146.75840308766482,80.26561101687679
P004,2026-01-01T10:20:30Z,496,72.11771416354763,98.35310750738631,18.316445337591915,37.2396154101632,118.74027979350517,77.69414480816849
P005,2026-01-01T10:20:30Z,497,74.59120363531349,97.94584026551608,19.411880557417547,37.499486695002396,132.68202210139174,
P006,2026-01-01T10:20:30Z,498,114.06530724842546,88.14330408538338,27.473990948359354,39.459049998119916,,102.47350868320243
P007,2026-01-01T10:20:30Z,499,77.91473107814306,97.32112241563343,17.639079547914704,37.02289253553802,126.07779061504843,82.18845598375555
P008,2026-01-01T10:20:30Z,500,72.28951353867627,96.56355390195374,19.09361794425981,37.20943852971689,126.45484250458514,82.7275488287053
P009,2026-01-01T10:20:30Z,501,80.58464934210265,97.42081945371518,17.222122400147885,36.34810350305926,108.64789982553557,81.97929264153898
P010,2026-01-01T10:20:30Z,502,95.24896548349898,95.15414013289099,17.390754295721297,36.35755118592188,125.84092029995753,76.75936701868864
P011,2026-01-01T10:20:30Z,503,67.58385593558147,98.63544314100663,15.865314694381693,37.47229079113261,132.99220516382007,73.21112577128139
P012,2026-01-01T10:20:30Z,504,117.39331556974433,91.37010258849232,27.01296872779116,38.40250136435091,,97.01611361547454
P001,2026-01-01T10:21:00Z,505,61.71120437469416,97.35697357075905,16.471618239077216,36.836495991988315,126.61555953163244,75.57922322331581
P002,2026-01-01T10:21:00Z,506,77.34335624240835,98.65209686420283,16.406332953482078,36.48517151817215,124.02605054334562,77.67994222651963
P003,2026-01-01T10:21:00Z,507,77.74318612738506,97.168165330836,12.773163474282939,37.25160174597014,133.0217273228476,79.37883337409649
P004,2026-01-01T10:21:00Z,508,75.42499300214286,95.66272106512801,15.706566739742827,37.084075654803414,109.97230920933217,80.99181520351107
P005,2026-01-01T10:21:00Z,509,84.63965883460398,97.55082604848468,15.396638447738308,36.70925923303571,119.27366785484922,81.26284348750744
P006,2026-01-01T10:21:00Z,510,127.3187866205389,88.36855840628702,30.068908136224184,38.33318287542033,176.62872966555764,100.57530743895246
P007,2026-01-01T10:21:00Z,511,83.41059915738178,97.44841690641863,15.532827167823001,36.636825262307056,122.05231437990271,86.75834773365439
P008,2026-01-01T10:21:00Z,512,90.56243718197229,97.09950057404698,18.484981696328088,37.256746332922106,111.94183079874107,72.30667550671319
P009,2026-01-01T10:21:00Z,513,88.33286115171171,96.3951551962618,20.103625511877915,36.4652275558046,114.68838957299117,64.78290370494221
P010,2026-01-01T10:21:00Z,514,86.87220334647272,96.58286404103433,16.4376387420936,36.51319944077941,118.98464879538214,74.88692812031293
P011,2026-01-01T10:21:00Z,515,74.05241862461791,96.56233966186298,14.880128411276896,37.42269415385887,124.76669689844621,79.04767108500722
P012,2026-01-01T10:21:00Z,516,119.7504637393912,,28.535857831765938,39.32604406601966,146.60920647394173,
P001,2026-01-01T10:21:30Z,517,77.13122281915898,94.92045350348153,18.850183903452876,37.17936911168307,138.8334710114611,77.59919200650683
P002,2026-01-01T10:21:30Z,518,69.64817639227782,95.32385482261134,15.727052576243294,37.334313894982216,137.07216200067256,80.13225726402058
P003,2026-01-01T10:21:30Z,519,64.71171403679648,98.2070107119363,15.29175223548829,36.72699642708568,111.70781150226057,77.64448394424602
P004,2026-01-01T10:21:30Z,520,77.71956128376355,96.62708760535816,16.145146161182037,36.75677441357769,136.52821484937408,81.28175709009624
P005,2026-01-01T10:21:30Z,521,74.11944500389843,96.11863248067316,19.42220312072574,36.973283484682774,115.08983996241707,78.20494766124473
P006,2026-01-01T10:21:30Z,522,130.11622886222585,85.3068026863788,27.802139921744605,38.632987251553004,189.00132448499244,99.92877426199526
P007,2026-01-01T10:21:30Z,523,75.9453415907831,96.49580582475389,19.016849455740427,37.20145651977876,116.45199460618456,80.0318944232905
P008,2026-01-01T10:21:30Z,524,89.0107566468521,95.73327771893419,19.461013258717163,36.79001818718337,117.80694882914663,87.56686275325828
P009,2026-01-01T10:21:30Z,525,81.42438969580155,96.57592800194938,18.970312689875705,36.80524974950405,122.18457707614701,82.552368123926
P010,2026-01-01T10:21:30Z,526,76.06172036402485,97.97812667597489,15.800309252257128,37.442489728348114,120.59115280056415,
P011,2026-01-01T10:21:30Z,527,73.09213486230576,,19.10235426578452,37.27661473827233,114.32219002488358,75.02850827883806
P012,2026-01-01T10:21:30Z,528,120.63327950343918,90.53843215227752,22.938994989140514,38.60617272871307,,93.1477755276587
P001,2026-01-01T10:22:00Z,529,82.2099558581707,98.00766411434998,16.71865656419664,36.93907285234493,128.85784388537127,64.90071406817918
P002,2026-01-01T10:22:00Z,530,81.84980706660481,95.2599538092748,17.126797675325495,37.6715790435725,127.60196942083519,71.0723885203695
P003,2026-01-01T10:22:00Z,531,75.38319693049739,98.4333807750326,17.17530957890091,36.814279134196,112.15249232024605,65.99808959520394
P004,2026-01-01T10:22:00Z,532,74.57192966272072,96.22838095169648,17.981523469135713,37.52925318421337,106.14364735157422,75.92302758819181
P005,2026-01-01T10:22:00Z,533,79.3015784256408,98.78481214751486,19.896853108202293,36.88140983608965,117.2085993563069,
P006,2026-01-01T10:22:00Z,534,,88.2324831012376,25.476080304004135,39.107665912190924,168.3541710180373,114.95402194090238
P007,2026-01-01T10:22:00Z,535,69.67258697426111,98.15669283910327,16.99228307880655,36.924534578314415,115.46759417275229,83.45581123789144
P008,2026-01-01T10:22:00Z,536,79.27085644510822,97.10961578054203,14.87454691072803,37.734639513118715,118.37418035556152,89.99211428864983
P009,2026-01-01T10:22:00Z,537,87.07863910546864,96.96717631868233,16.069412134284246,36.74296600725595,118.8820737303341,88.26853679359495
P010,2026-01-01T10:22:00Z,538,76.75768682342542,96.60539075060538,16.286602337295392,36.367770990814705,128.16459100989508,79.94084450095403
P011,2026-01-01T10:22:00Z,539,88.44670836885675,98.53696933977987,12.989744114658693,36.73897858189701,125.79305666499803,77.5783084679139
P012,2026-01-01T10:22:00Z,540,102.7949391624403,86.23837954462768,29.525816859333215,39.141865390303686,151.5965018349585,102.2166966583552
P001,2026-01-01T10:22:30Z,541,74.74274110462552,98.7472330994572,17.119812229292833,36.66169228167229,121.35000855090209,
P002,2026-01-01T10:22:30Z,542,79.84536495125275,94.79467117600254,16.40987864730715,36.88530405358171,135.37435004163632,83.7880763649817
P003,2026-01-01T10:22:30Z,543,80.66097275609842,96.39417677320343,20.78366328507131,37.131717709971916,,85.42952957998808
P004,2026-01-01T10:22:30Z,544,75.45462315950716,97.22992186471019,19.44315383459383,37.386577238386565,121.92641773769009,
P005,2026-01-01T10:22:30Z,545,72.01397092256202,97.31613809572852,16.530848091279214,36.78738147992393,130.13443119748567,85.73299435386593
P006,2026-01-01T10:22:30Z,546,119.75357969148338,94.20580560455248,32.10044802147496,38.95557507846726,168.4883870180345,103.47350029552216
P007,2026-01-01T10:22:30Z,547,77.54795876812902,96.37898813581745,15.283191004529638,36.892970164966506,143.77533210936247,83.76001697043422
P008,2026-01-01T10:22:30Z,548,76.34275935738229,95.32386433556296,16.829649139826394,37.05380341359519,103.11275353386782,78.83977549527965
P009,2026-01-01T10:22:30Z,549,80.54893757064758,97.34676318713943,17.947480586862664,36.7322290699815,122.96917687545472,74.11363414153011
P010,2026-01-01T10:22:30Z,550,67.26665847212746,96.16746015768469,14.234056187772051,37.02432699884359,123.97044962364473,84.3916762301952
P011,2026-01-01T10:22:30Z,551,78.25657220532395,98.34396468377413,11.308423514993207,36.81286104775786,119.24788580913442,84.91609726488942
P012,2026-01-01T10:22:30Z,552,114.18152233440898,85.07148198462288,29.274572907223984,38.9397012123633,179.7565823462914,98.09890203199922
P001,2026-01-01T10:23:00Z,553,71.75517502225816,96.31501557127466,16.64314449240856,36.78480986192264,125.5841581871294,83.5470449443047
P002,2026-01-01T10:23:00Z,554,73.29399262331924,98.33538156732995,17.18210695128495,37.25101992126589,112.90096585656582,75.77168015287545
P003,2026-01-01T10:23:00Z,555,78.82079696249903,,12.558807674492101,36.45394997146505,130.26088758259644,65.50673001757454
P004,2026-01-01T10:23:00Z,556,77.71123555819455,96.61768504024369,16.075445793364477,37.01495070679686,137.46413517306243,82.71794200974948
P005,2026-01-01T10:23:00Z,557,83.59560175934091,97.99501647398291,15.388644277396985,37.09251319470415,124.00609246703453,82.31896788558825
P006,2026-01-01T10:23:00Z,558,105.01960338780495,88.365694431436,27.22359478926166,39.4418740613125,173.15845016921338,102.73377251308341
P007,2026-01-01T10:23:00Z,559,96.22560968381377,97.09599872440194,15.189525093323468,36.97494074638859,130.4811583952691,77.39496761094408
P008,2026-01-01T10:23:00Z,560,79.89765070235686,96.40753187344971,16.15421246172842,37.08456973712105,133.10302489009487,84.06095830358329
P009,2026-01-01T10:23:00Z,561,71.2822832700851,97.2864514252057,14.069086644176272,36.40170243329789,129.37465508778317,
P010,2026-01-01T10:23:00Z,562,82.42979103933443,95.57059886607752,19.933737285825334,37.63323009069791,97.64296223521926,77.41498062649946
P011,2026-01-01T10:23:00Z,563,74.96688903222926,97.66330581326618,13.632557344469436,36.40612989330901,139.93468520751787,74.14543992174939
P012,2026-01-01T10:23:00Z,564,99.77961822952011,85.45492846058123,25.60362328635579,38.465883400233366,140.8926822263476,109.37406828156996
P001,2026-01-01T10:23:30Z,565,83.79281761868712,96.01466909187876,14.261078362695784,36.916232754111455,119.81427190754101,76.89888417897372
P002,2026-01-01T10:23:30Z,566,75.9939206047803,96.75882349786978,15.312542656924292,37.14040717090666,135.4984411750593,85.14314822973385
P003,2026-01-01T10:23:30Z,567,81.17432275043792,94.3183218082982,16.863282410214754,37.548108793592334,,75.07871146431333
P004,2026-01-01T10:23:30Z,568,65.6382070865412,98.02633160268705,15.798982326371602,36.800684840558375,109.6714088130907,81.5744874402703
P005,2026-01-01T10:23:30Z,569,84.83934607383682,96.49964314414993,18.960459737942614,37.05752161225862,124.96912593434564,76.15879012463822
P006,2026-01-01T10:23:30Z,570,125.19792130552781,88.35923155761715,28.711185041152316,38.373070070822905,148.0723017344666,117.61566566262849
P007,2026-01-01T10:23:30Z,571,74.99919107890224,98.85918161076374,16.859972462631987,37.63644886497985,109.55518898240997,82.80229417949151
P008,2026-01-01T10:23:30Z,572,78.7634234176034,95.13109726424887,20.871403166910248,37.421709858753985,124.59006775865556,71.0959574508915
P009,2026-01-01T10:23:30Z,573,72.26307498086305,97.86996786032795,15.249199672049533,37.006708014634114,115.48998806420991,78.39101439818539
P010,2026-01-01T10:23:30Z,574,82.303201899439,97.08913773381698,17.22315873004161,37.1013037281633,117.92803694438555,84.55143861457111
P011,2026-01-01T10:23:30Z,575,69.5518377898494,97.42280128621992,16.088375669919174,36.73795393377826,121.50474830248733,78.80402685700746
P012,2026-01-01T10:23:30Z,576,132.06535512972033,84.14564455129569,18.04812091758098,38.40035446912505,,99.87055027996503
P001,2026-01-01T10:24:00Z,577,75.8615963447248,,,37.640963778226315,116.30572480949554,84.39979137968888
P002,2026-01-01T10:24:00Z,578,,98.30723261209172,19.774681892511893,36.89474152551534,110.36628678201897,75.482496944094
P003,2026-01-01T10:24:00Z,579,70.43523115067897,98.45572067538727,17.190767027122615,36.91879246055628,130.2929149754199,75.1000192970757
P004,2026-01-01T10:24:00Z,580,74.79318293295029,97.07742026209442,13.575365143416086,37.12792709190544,114.11744041379218,75.08146576080463
P005,2026-01-01T10:24:00Z,581,74.65160947472008,97.34616544575846,15.748079134906002,36.59084534928372,121.67288488699786,83.96443902003537
P006,2026-01-01T10:24:00Z,582,119.10718720171813,85.85207952723,23.38276563988858,37.869933235074114,150.0650906741964,114.21603825599826
P007,2026-01-01T10:24:00Z,583,79.86995916908265,99.39336640371192,18.576063219950413,36.81248359498475,132.53553860015566,94.16722129339647
P008,2026-01-01T10:24:00Z,584,89.32769237485009,94.89286968182806,16.49946797594375,37.38604070711624,124.66796657139562,72.34424083168062
P009,2026-01-01T10:24:00Z,585,76.6932971389868,97.37085275491724,18.882153556480034,36.768661350488436,115.46764974740098,74.71341822991876
P010,2026-01-01T10:24:00Z,586,76.81754983752096,98.27959902284324,19.910973087927577,37.12780013143754,134.44268578167404,82.60064575357872
P011,2026-01-01T10:24:00Z,587,73.97297601189842,97.75912644980555,14.559303925281302,36.84266813706603,100.8034710333953,88.33853936863505
P012,2026-01-01T10:24:00Z,588,146.76851907517243,90.89164243667528,27.732208723703245,39.31253966631272,148.63911159614878,99.40246609107456
P001,2026-01-01T10:24:30Z,589,90.8403340658881,95.91613510822133,15.903309683553696,36.59479846456407,113.09612758786382,82.04965643217746
P002,2026-01-01T10:24:30Z,590,,97.23078910649951,17.392414923672167,37.22472643548508,119.20914222269512,71.73466790654305
P003,2026-01-01T10:24:30Z,591,74.24567934127917,97.43594887011629,13.008000329687288,36.46959845598195,121.38972307337391,77.995430371021
P004,2026-01-01T10:24:30Z,592,84.86701780004964,97.63938417576021,14.385772958717356,,123.11613786745045,85.28832884698669
P005,2026-01-01T10:24:30Z,593,77.1818758275556,96.96394564108554,17.01321181935891,36.84586499186185,137.12276395380502,78.47082046906208
P006,2026-01-01T10:24:30Z,594,102.48477935198112,88.77993118774116,31.025783154741088,,193.2557176130906,98.17243322521702
P007,2026-01-01T10:24:30Z,595,91.8990846468928,97.21429305142553,21.93242213304105,37.33787759408318,105.19924861654911,97.50271874871488
P008,2026-01-01T10:24:30Z,596,77.80058284890583,98.48230373390787,18.117503751875855,37.35007992445555,101.25765441379623,78.62599124147961
P009,2026-01-01T10:24:30Z,597,62.32786597932786,97.73041545147451,15.332230348012894,36.62630456263391,,85.36470778085193
P010,2026-01-01T10:24:30Z,598,72.18859581326602,,15.915706372574618,36.586145334080825,106.83623448041787,82.99098871257827
P011,2026-01-01T10:24:30Z,599,78.27845725376777,98.3152439985784,13.341096370675185,37.07093938461173,131.2837139749433,76.8817376162593
P012,2026-01-01T10:24:30Z,600,129.88319797245933,91.06692295681853,27.651290127916045,37.852922346725165,163.39356011599872,103.74965289246512
P001,2026-01-01T10:25:00Z,601,82.10608736440719,96.50718926313165,18.33270237355268,36.8879636481856,116.30872659182674,73.85408761479535
P002,2026-01-01T10:25:00Z,602,91.0463487130416,96.50634736365161,14.884055982907615,37.88815623251044,125.78911972214497,69.72011600457782
P003,2026-01-01T10:25:00Z,603,83.61064280194805,97.74258732493905,18.128965865466533,36.869444416672415,131.8498986228403,87.71450774879122
P004,2026-01-01T10:25:00Z,604,68.49256728643005,97.11893502377225,16.442372970682335,36.77517446362004,125.03909316834225,78.12784494213066
P005,2026-01-01T10:25:00Z,605,75.51468127782921,96.89173123617056,15.023176687868927,37.363217414400154,134.47439888347472,80.66636042146602
P006,2026-01-01T10:25:00Z,606,121.02717116804119,88.9492860363676,29.110276074402734,38.2904315212622,174.94190894027156,93.84319656344545
P007,2026-01-01T10:25:00Z,607,88.43368730673983,95.89030075777562,16.571309953821427,36.67078984967921,134.28746328384952,85.17715370933746
P008,2026-01-01T10:25:00Z,608,,95.74303492735949,17.141246087224506,36.91995971745524,112.71468223723674,80.49355963634912
P009,2026-01-01T10:25:00Z,609,,97.78566548489151,15.868906916434076,37.07306559317959,120.35380288831063,73.27729418875737
P010,2026-01-01T10:25:00Z,610,82.3752010978595,96.18963913027052,14.64446059854236,37.01428048405457,132.5344738408408,87.99965344988954
P011,2026-01-01T10:25:00Z,611,61.949841754861325,96.1905680895122,16.93335359616153,36.506268344339844,125.84254649710266,
P012,2026-01-01T10:25:00Z,612,114.32787852283829,92.18359032841101,24.482086631095587,39.29571658962766,150.4226506916304,102.65499812947394
P001,2026-01-01T10:25:30Z,613,84.03039956003651,98.79749060646284,18.241751662656576,37.22572473267473,132.58120476020778,69.04816374851403
P002,2026-01-01T10:25:30Z,614,82.91549547340836,96.34709069744186,15.105161711620646,37.27471565039585,122.38490808777163,68.63041772924082
P003,2026-01-01T10:25:30Z,615,73.762147433319,96.33064437509017,18.034063185361127,36.727428986606036,128.16074441378615,77.70055798745805
P004,2026-01-01T10:25:30Z,616,72.66896965390148,97.09327117005766,15.91048471752841,36.768345198016014,124.91545677877417,67.11142950794883
P005,2026-01-01T10:25:30Z,617,76.11317108034972,97.35909271040332,15.033538584069078,36.89526632388811,111.0627188212754,76.98109778342956
P006,2026-01-01T10:25:30Z,618,133.82847203098277,91.55298679327603,29.35545598457567,38.37356565731044,,112.32070144904728
P007,2026-01-01T10:25:30Z,619,91.59559216062718,95.33496008618314,15.850004804272828,36.66595727100551,111.65811062915954,83.94446795367466
P008,2026-01-01T10:25:30Z,620,83.44555914366501,97.30735540707425,20.489491401909603,36.99079991427593,101.82748795052777,79.67489329417494
P009,2026-01-01T10:25:30Z,621,72.61764909461323,96.83425870673663,15.07484230542583,37.27064357923924,121.63175454403947,78.47459892327493
P010,2026-01-01T10:25:30Z,622,67.71854414013302,96.41149305147079,15.590025212801747,36.682240787252034,112.41916677719601,66.76694555477656
P011,2026-01-01T10:25:30Z,623,82.5434415242431,97.05453681237765,,,109.3813606468035,77.45605094557695
P012,2026-01-01T10:25:30Z,624,88.70732057533482,89.75931428163902,30.176584492581483,38.21791612105789,165.24851361090046,103.65732275620417
P001,2026-01-01T10:26:00Z,625,75.71381566322951,93.22735213424276,17.685635114473715,37.313424666097376,115.22171386214372,76.00493254423945
P002,2026-01-01T10:26:00Z,626,68.41749808356087,97.39288213732937,15.701533829640022,37.064757148269905,123.80359550432263,79.24014043497614
P003,2026-01-01T10:26:00Z,627,89.24995696587968,98.28337035924771,18.96529442674426,36.686782716231406,101.20077429810375,86.85184439981958
P004,2026-01-01T10:26:00Z,628,,97.10146718135364,18.178274367826724,36.96333322308634,133.22683703141314,84.80161414803598
P005,2026-01-01T10:26:00Z,629,78.03088368213419,98.52261362618536,14.849960607091171,36.70695368727506,121.5279881015405,80.10547781886062
P006,2026-01-01T10:26:00Z,630,113.19720628112972,90.34736186043193,27.521354894348224,38.994422856576136,167.71745751268364,105.38764114338505
P007,2026-01-01T10:26:00Z,631,63.17523429191869,95.8612718035607,19.485902524883098,36.986199043951096,126.54703936632635,58.18533127435852
P008,2026-01-01T10:26:00Z,632,70.46684466079763,,13.929395677338835,36.3832454580681,113.31302692878364,89.8607943546278
P009,2026-01-01T10:26:00Z,633,72.67124393925005,97.15084660723495,16.46097928685971,36.68205911864134,105.45834665250523,73.19344024598738
P010,2026-01-01T10:26:00Z,634,81.76273046483001,97.08018131543676,17.582261934395117,36.84833395857177,125.9095327392632,68.98235347651655
P011,2026-01-01T10:26:00Z,635,73.24073310557787,97.57879111770514,17.189272450008158,37.41562204792473,119.1467334218915,74.08084256262508
P012,2026-01-01T10:26:00Z,636,102.37214313879961,88.06901213501546,23.588261569029715,38.40206580270861,159.3637455614355,96.71678048039655
P001,2026-01-01T10:26:30Z,637,81.79441846252766,97.3594976873202,17.43900352606331,37.26707750994706,133.59673530965551,80.46403114522963
P002,2026-01-01T10:26:30Z,638,71.15306568813104,,15.015566293648785,36.46256083150834,116.13654425732652,79.59733790780737
P003,2026-01-01T10:26:30Z,639,79.76563651885893,96.30627484869582,16.848577346761314,37.024651492105576,140.10095469299267,79.18737869040439
P004,2026-01-01T10:26:30Z,640,80.29436368644863,96.32472045008363,13.629851913393487,37.49291662104936,113.38715239845698,84.87663983431048
P005,2026-01-01T10:26:30Z,641,73.62733723411608,98.03276960757262,16.508381353115315,36.455348850335845,129.66339314222483,77.95740142854514
P006,2026-01-01T10:26:30Z,642,117.0233775462134,87.6087686221927,31.12988008810156,38.33756074592898,143.37028197663753,95.8919010429362
P007,2026-01-01T10:26:30Z,643,78.70321434762577,96.93268127833453,15.024449292507128,37.03407677292827,128.7061470107462,67.51623632974022
P008,2026-01-01T10:26:30Z,644,86.58508008078454,96.48524411676213,21.594403280797593,37.26427468366723,120.80004706391529,81.00261087591271
P009,2026-01-01T10:26:30Z,645,62.78818842316481,98.43702409439138,15.719729743143988,36.33483751141885,94.98444942299595,68.82368360515032
P010,2026-01-01T10:26:30Z,646,76.20166172146946,97.40769551545975,14.421670601455189,37.17043401010061,116.4074290544837,72.78169582605058
P011,2026-01-01T10:26:30Z,647,,98.31045821477889,18.07215590114958,36.718308074502495,122.2397076242861,70.30473222177608
P012,2026-01-01T10:26:30Z,648,116.56609707472005,84.39837896493815,24.3885780228553,,168.41684316374474,106.52985627648769
P001,2026-01-01T10:27:00Z,649,85.66369427606641,97.66367457730021,15.60412849991886,37.44777680944257,119.94559523539125,83.92450925076959
P002,2026-01-01T10:27:00Z,650,86.53712840851084,96.15378052320726,14.872837525792148,36.62853821700424,116.92600718904076,84.18847837764423
P003,2026-01-01T10:27:00Z,651,79.1956274000785,94.84968096443176,13.85834358635937,37.0947203076346,131.4177171029115,64.88698636485195
P004,2026-01-01T10:27:00Z,652,74.24397223988886,97.08417518530977,,36.609039593156716,135.56091732906705,72.13583628184229
P005,2026-01-01T10:27:00Z,653,63.721421802709706,97.59573664957317,11.062939750856728,36.83194598199046,129.68818686786642,81.73377183635026
P006,2026-01-01T10:27:00Z,654,93.61680171947556,88.47090813313318,28.090002808300227,38.45848140956451,172.35449355274272,104.01351742493584
P007,2026-01-01T10:27:00Z,655,89.85883368404046,96.4793278518696,18.510162091114676,36.529432230596484,128.0757593909454,78.93065843625986
P008,2026-01-01T10:27:00Z,656,97.79893291303085,95.23068868399592,16.963249796126192,37.15634085460896,128.31879259934226,78.0217940719552
P009,2026-01-01T10:27:00Z,657,73.99208285391036,96.88071269488007,15.089112674660699,36.435046263603226,120.55440973891308,75.55795407408343
P010,2026-01-01T10:27:00Z,658,84.65518236407085,96.4175323996308,17.124599689452275,37.191048442021795,120.68489379726132,
P011,2026-01-01T10:27:00Z,659,78.82950884707533,96.35969629402389,14.048943641970517,37.11447814023012,,61.499109047969114
P012,2026-01-01T10:27:00Z,660,119.84557216643442,91.99234452191052,23.28262511935013,38.59589250979176,174.42426247058054,100.28629418690959
P001,2026-01-01T10:27:30Z,661,,95.08786312123917,13.865833296888855,37.47724661985017,128.451373201603,77.78946327814147
P002,2026-01-01T10:27:30Z,662,79.46008140477946,97.55591278391923,13.005306502559463,37.077192923999064,127.66458150971046,85.47115592261238
P003,2026-01-01T10:27:30Z,663,78.37184215510565,97.74562523368141,14.392297805381373,36.67310748641259,114.17102201792153,76.85270688801809
P004,2026-01-01T10:27:30Z,664,82.37588418419082,97.02445513391602,15.95161022353729,36.73116527859548,121.93658113518065,82.27338783679228
P005,2026-01-01T10:27:30Z,665,76.36585925460199,98.56885836005196,13.691864547491582,36.45714696800644,116.4540447862199,69.69233431179413
P006,2026-01-01T10:27:30Z,666,137.80443001382852,86.88188744318532,22.372531356708453,38.998025308743166,161.9794212731305,120.34896319936097
P007,2026-01-01T10:27:30Z,667,84.03466009206419,94.8197678791469,14.32474424257153,36.1497494982682,131.98675539376683,77.54220964804978
P008,2026-01-01T10:27:30Z,668,84.09469355308937,99.23603508314224,17.09579075825602,37.42789093208393,116.30779945322249,67.65037579517251
P009,2026-01-01T10:27:30Z,669,72.77462972136772,95.72614262735023,17.79634358101458,36.681415691238215,131.81149430321597,73.59963399193171
P010,2026-01-01T10:27:30Z,670,80.47377164154052,97.38051222471017,15.714683773471407,36.46641151553066,127.3925674110199,78.2530421948469
P011,2026-01-01T10:27:30Z,671,73.62973531281837,95.699634378729,15.72078020306844,37.00042347206784,128.08602901762333,76.81180080936659
P012,2026-01-01T10:27:30Z,672,115.81052908326559,89.87545817111979,24.12931943696694,39.396107567879525,166.06019701295776,106.14765761669703
P001,2026-01-01T10:28:00Z,673,85.4320056087953,97.08693720349166,14.495211484960745,37.11483339662306,125.5810253163541,73.42765476606209
P002,2026-01-01T10:28:00Z,674,76.83900457008988,96.6204772088726,21.31361898294,36.47720002636041,116.73737530488987,74.96554737253835
P003,2026-01-01T10:28:00Z,675,78.43233373809419,97.9589952316965,16.039274600366376,37.1079061073229,104.99487764632642,80.09365105965351
P004,2026-01-01T10:28:00Z,676,68.6409664418647,96.43532306837771,18.309464205090325,37.076375383774085,132.34282823903487,87.35836279500774
P005,2026-01-01T10:28:00Z,677,79.68681920382666,98.05045637265229,17.83053677329309,36.964457966668434,123.18761571196315,81.16119951419941
P006,2026-01-01T10:28:00Z,678,101.39384207385297,89.10874443873075,32.74675561548794,38.362957609026516,166.78152842416102,108.80838043429475
P007,2026-01-01T10:28:00Z,679,87.1043116364884,96.94918187284412,19.372160766524612,37.11528648204751,131.60934398186546,77.19042403811571
P008,2026-01-01T10:28:00Z,680,73.40691505777772,98.0323683929002,18.5264346731452,37.15500451953327,118.5300470656034,82.37964668845736
P009,2026-01-01T10:28:00Z,681,77.18398078567613,99.12571356965195,14.262776819115432,36.88224552812694,134.7217191662088,81.70280353244151
P010,2026-01-01T10:28:00Z,682,75.60612073084253,98.13239052604733,17.228535936050495,37.03711947425306,,85.29002411449166
P011,2026-01-01T10:28:00Z,683,72.17511130409707,97.00766078944743,14.930799519465735,36.89517664964195,138.00214469126558,85.48300150421541
P012,2026-01-01T10:28:00Z,684,130.30824021080159,83.16300150914373,24.114058752534838,38.54477299434615,175.28315275832065,97.35828073838246
P001,2026-01-01T10:28:30Z,685,85.44313410299279,96.79052389238065,19.493639333090517,36.85609244967749,116.8163416727228,88.95003221278637
P002,2026-01-01T10:28:30Z,686,74.7396653620108,96.03446429085174,14.076612002492807,37.093420287452716,127.84414202801742,71.70255104079027
P003,2026-01-01T10:28:30Z,687,87.01575376788031,94.94295941211867,16.883138857222715,37.02885603112036,122.88125058371189,82.53220641221708
P004,2026-01-01T10:28:30Z,688,69.88831684960356,97.02568121251534,12.513400644585278,36.91061118430423,120.21458051661264,74.55319829786798
P005,2026-01-01T10:28:30Z,689,69.19558816346003,95.974144041074,15.176896610084956,36.69389977982583,115.52407781937681,76.04211926717254
P006,2026-01-01T10:28:30Z,690,140.03708448896109,89.01094250399248,21.352435658142014,38.80909068079338,172.6392921184157,100.87384774579736
P007,2026-01-01T10:28:30Z,691,92.1042554691713,97.16146664656924,15.790839432391166,37.42959729629478,118.62040604951468,80.56990607976687
P008,2026-01-01T10:28:30Z,692,74.42024716381192,98.0231256188054,16.30758892793873,36.649232205657505,126.39635013755178,73.01135499244891
P009,2026-01-01T10:28:30Z,693,78.45010947664983,96.21029636279208,13.799979692501086,37.151026809366265,126.72557698985545,70.47702274528254
P010,2026-01-01T10:28:30Z,694,67.86288288441503,96.59461846392946,16.209726531883774,37.03566922474377,121.122867870379,79.48808106428535
P011,2026-01-01T10:28:30Z,695,77.190155003913,96.13926265499904,14.002144297713624,37.019664541784415,135.2450597060379,78.91449276935253
P012,2026-01-01T10:28:30Z,696,120.23912973409634,87.02719413093679,26.416215868674936,38.33648188396819,183.36337967543568,100.17983919497647
P001,2026-01-01T10:29:00Z,697,81.99804208810994,96.42008552206825,17.533249063623323,,128.4758686024509,88.81140257973311
P002,2026-01-01T10:29:00Z,698,79.68481314470023,98.21784401662953,15.385855882294983,36.602126287830814,119.1711431368973,82.27176102806042
P003,2026-01-01T10:29:00Z,699,86.1142586638596,95.26751002039454,19.114189731911956,36.81724756923532,130.7831381702516,
P004,2026-01-01T10:29:00Z,700,74.40049069226117,96.73756786493463,15.120553997033522,37.23360437944104,116.613043387157,81.39844729602963
P005,2026-01-01T10:29:00Z,701,76.05020351953871,96.0351480453363,16.24476464720963,37.178085125391185,114.73731114779642,74.35699748313593
P006,2026-01-01T10:29:00Z,702,116.2775146400558,84.41822228118507,29.36152721437584,38.317405985884555,172.61504371856677,100.03079036763545
P007,2026-01-01T10:29:00Z,703,91.65806376493225,98.00557478292941,16.99696243774923,37.45329134701152,124.5670585189626,68.57537720428286
P008,2026-01-01T10:29:00Z,704,86.84473263499251,94.551029239763,17.925410508700022,36.74970732827711,109.93126210500576,81.11848565295
P009,2026-01-01T10:29:00Z,705,62.893919906032465,98.81837316898067,20.167196488199338,36.927817861567185,114.58554110684139,76.20930644705936
P010,2026-01-01T10:29:00Z,706,77.75992523011305,96.3208006772513,16.90345869124703,36.758526312105246,,86.30377539701135
P011,2026-01-01T10:29:00Z,707,64.24028750044066,97.1134111242965,18.913377701832527,36.66449387841994,120.08445070616897,79.99043391033324
P012,2026-01-01T10:29:00Z,708,115.29132168376438,85.94997319459128,28.692290936735333,38.407060943622376,155.59495540031534,106.48792568658902
P001,2026-01-01T10:29:30Z,709,84.7254509992388,96.6779748485275,19.088921350952884,37.08598141225167,107.39012846422432,86.53655477469492
P002,2026-01-01T10:29:30Z,710,74.18050582353692,98.04278635151985,15.643598114273953,37.207022933234484,125.80974035788192,
P003,2026-01-01T10:29:30Z,711,,98.53059290832596,20.233491744265546,37.075291335318504,128.04649496729638,74.56190647514322
P004,2026-01-01T10:29:30Z,712,75.46735792373468,96.31170777989021,18.67276947486384,37.338983699021384,124.37372284106594,82.25276161143141
P005,2026-01-01T10:29:30Z,713,72.94285476836342,96.27333743487833,17.00962686080817,36.816521988489725,124.96995818599063,82.46044104766958
P006,2026-01-01T10:29:30Z,714,114.97380730630435,90.07289416028799,29.120763776763788,38.20582101456337,148.64429882954727,102.14187320776612
P007,2026-01-01T10:29:30Z,715,68.870047782603,96.70634040572078,22.33905909469819,36.59691321540954,126.01447128011924,
P008,2026-01-01T10:29:30Z,716,77.85112591551089,95.65948042035367,12.686449093866287,37.14402349417404,148.28150317319026,82.68264834100103
P009,2026-01-01T10:29:30Z,717,80.83146777836814,97.23163552145147,16.419437828534647,,,71.23920985344036
P010,2026-01-01T10:29:30Z,718,73.77892593627958,96.91114229935529,14.766725720151067,37.17800104943278,104.8738859411602,66.08520605573418
P011,2026-01-01T10:29:30Z,719,73.35053118791203,98.59596426419013,15.351545500149616,36.88404445448487,144.27876325638147,
P012,2026-01-01T10:29:30Z,720,111.08807317319472,89.21614136624639,34.10026043098607,39.20534095448178,169.2548523111449,109.70246818295391
P001,2026-01-01T10:30:00Z,721,95.64463055714975,96.56551349972277,21.808404931750946,37.12240006104653,128.45798310557979,77.36156378638071
P002,2026-01-01T10:30:00Z,722,73.03968718880074,98.10858793848246,18.206906409425024,36.765107372798354,123.91129875189151,70.7491512245746
P003,2026-01-01T10:30:00Z,723,83.56041899839248,94.08883296396972,14.72105692609951,36.39797045825868,130.3592266424378,66.8808651496171
P004,2026-01-01T10:30:00Z,724,68.84118378573845,97.09787704104893,18.45658231386625,37.079897662266106,115.56373164365408,82.23020398446002
P005,2026-01-01T10:30:00Z,725,74.95168281936317,97.22016651689017,17.080261933916447,36.94479930783071,119.44083365055897,80.4104896788287
P006,2026-01-01T10:30:00Z,726,101.93014030312509,87.74019785534958,23.67433501093396,39.69396349843469,157.95309959613988,97.49242959124321
P007,2026-01-01T10:30:00Z,727,80.49964635040651,97.69628255689487,20.522652370698506,36.98430217851287,134.7285198984135,71.78901853688636
P008,2026-01-01T10:30:00Z,728,90.85041703374866,95.55152074342104,19.869627761369976,36.821743986967064,128.22861538638122,81.01677980061591
P009,2026-01-01T10:30:00Z,729,64.9886075413298,97.6493876115184,15.337639211895702,36.86066914321341,127.00559980157911,75.26164542104641
P010,2026-01-01T10:30:00Z,730,76.8353795299576,96.18351479937812,12.875393026151679,37.0906607972802,128.1604856258178,
P011,2026-01-01T10:30:00Z,731,74.55700624910564,97.66611376936032,15.179086817921972,,128.7562998351027,78.48555139951297
P012,2026-01-01T10:30:00Z,732,114.0819736373137,85.52280843603684,27.77430339700218,38.67643535556,174.7419805843749,114.57003424753373
P001,2026-01-01T10:30:30Z,733,84.59280672474033,95.30080011972484,16.52589362630984,36.996135901721374,120.88317111578903,85.20490767175804
P002,2026-01-01T10:30:30Z,734,68.71718988345272,97.20829052336889,18.40475623315551,36.71935737580811,117.70975935532006,76.70389226814397
P003,2026-01-01T10:30:30Z,735,81.084398726016,95.5496745877025,20.361193265155666,36.847675274278934,141.4320113743071,89.35024884530071
P004,2026-01-01T10:30:30Z,736,80.21381672212809,98.3798445148978,14.675304422640208,36.995542023832314,111.32716792779557,81.9980063744474
P005,2026-01-01T10:30:30Z,737,80.7425812881054,98.54073363306729,14.88666328217983,37.06606215149133,125.88965262194218,78.04858686809315
P006,2026-01-01T10:30:30Z,738,117.64046741921054,83.68148119761078,20.6164520074286,38.59882930590652,192.5868595167757,95.71220223714226
P007,2026-01-01T10:30:30Z,739,90.37441054554002,96.49216938533631,19.99884605979874,36.81266288731536,141.28591629857073,81.44039092174228
P008,2026-01-01T10:30:30Z,740,79.02651649718604,94.64169132664732,13.072273995860122,36.448148646687855,132.61017833309336,71.4644698203859
P009,2026-01-01T10:30:30Z,741,74.05824855490906,97.5825928206571,19.280565621509997,,,75.90164820412336
P010,2026-01-01T10:30:30Z,742,83.26795116856083,98.24224022699052,16.913359719564518,36.79523151014575,128.904123488158,82.89625143153069
P011,2026-01-01T10:30:30Z,743,78.10559845872818,97.63793909797376,14.955267281517411,37.46505618910321,,81.18830045082332
P012,2026-01-01T10:30:30Z,744,126.97419225031807,89.42399285015398,26.03025742536511,38.549788146091075,175.66052981264588,91.77783521799091
P001,2026-01-01T10:31:00Z,745,72.37709560466675,98.14249589514802,14.398864031285799,36.47743353781212,127.34187355755947,76.65407913985423
P002,2026-01-01T10:31:00Z,746,83.77281020207892,98.19250402259482,15.693452419075534,36.17180752656145,125.51767719096702,86.82344243534769
P003,2026-01-01T10:31:00Z,747,72.48594473628063,97.55606186139833,16.213768554652848,36.64138570722838,142.68268296595318,82.77739184701598
P004,2026-01-01T10:31:00Z,748,,96.7383529965092,18.89262979586784,37.33875519978599,105.1077562149134,81.29868156589315
P005,2026-01-01T10:31:00Z,749,73.00125241506402,97.13566935570421,13.968866676189027,37.37195370866199,126.43954910054713,88.76737817029233
P006,2026-01-01T10:31:00Z,750,103.14729030043266,90.06484830654603,29.04171473157611,39.234662659018916,177.46062304214198,113.69980517589813
P007,2026-01-01T10:31:00Z,751,91.89573567057478,96.65246101509699,19.789925915922183,36.35646904538481,120.38000541600749,66.43236534999718
P008,2026-01-01T10:31:00Z,752,84.5120408620929,,16.753099518060488,36.67185308098981,132.08880547573108,83.84166983542558
P009,2026-01-01T10:31:00Z,753,74.23218497683773,96.57876853944866,17.77768755770886,36.474565579925994,113.05862658674224,76.02736269196983
P010,2026-01-01T10:31:00Z,754,60.87125037642133,97.13500053988749,18.244848818599642,37.37737859094006,114.16255462074875,88.51187462797779
P011,2026-01-01T10:31:00Z,755,67.89669970752463,97.97635712861903,,36.39862968441612,103.39687554078482,84.22793574012465
P012,2026-01-01T10:31:00Z,756,140.62668284276933,90.70927953177336,25.826178919142865,38.45245267204886,170.03282352598447,91.83340743833702
P001,2026-01-01T10:31:30Z,757,81.00833125999188,96.66138778248141,12.284050347296692,36.84854938451763,131.0108333057478,80.93395386163253
P002,2026-01-01T10:31:30Z,758,70.01937548916906,96.21264146501831,17.47341775555995,36.0849790234814,117.9647918593464,86.55477284146353
P003,2026-01-01T10:31:30Z,759,81.31667053546401,95.07071660627162,17.56445432237558,36.656421851080964,138.99307493796215,98.66981496907721
P004,2026-01-01T10:31:30Z,760,73.77499070988092,97.78979337712126,18.964579598723585,36.84012392365085,118.35799817300568,78.4297261710641
P005,2026-01-01T10:31:30Z,761,,96.23584334094919,17.050314580060544,36.68310559601968,125.55907936966902,82.13108758868904
P006,2026-01-01T10:31:30Z,762,139.16032981276052,85.33866754556773,31.795990912967017,38.10437784400024,157.09925233306578,107.05253199655502
P007,2026-01-01T10:31:30Z,763,104.64524331189165,96.91568485023106,15.47450890459421,36.60372208427635,122.35970695055833,72.99325079779847
P008,2026-01-01T10:31:30Z,764,85.06788866122872,97.4829658725238,20.506441303857997,37.207473767647635,137.49753970866797,74.91924279580442
P009,2026-01-01T10:31:30Z,765,60.09181312071162,97.64280555640951,18.119608849862736,36.727087425734865,118.1282899989928,71.55517591656057
P010,2026-01-01T10:31:30Z,766,87.24479139916633,96.8452333711947,,36.726935110057106,116.69363801742689,67.77377677360427
P011,2026-01-01T10:31:30Z,767,67.79865574389791,96.96215061527981,18.151538987414302,36.765935279517606,121.57234725020272,86.73137037835389
P012,2026-01-01T10:31:30Z,768,101.59408359401857,88.8853287182487,26.58849359701428,38.872338698586056,176.63885871426788,106.29704643712145
P001,2026-01-01T10:32:00Z,769,80.17568000450659,95.41414427260789,18.327719523521708,,118.8810359401055,82.8918893410514
P002,2026-01-01T10:32:00Z,770,76.55495446792364,96.46739073460913,15.0839222752407,37.091086608926084,112.80871774865653,76.93160042015876
P003,2026-01-01T10:32:00Z,771,68.12144196417958,96.84271139311147,20.041290620446272,37.268568866366806,121.41662803456327,72.9955254117447
P004,2026-01-01T10:32:00Z,772,78.82512696648115,97.3807399129155,16.221987290142515,37.40377484632383,116.38059093883943,85.68861058473993
P005,2026-01-01T10:32:00Z,773,70.7363653531566,96.86325906504972,18.2655246122133,,112.47763638758639,77.16445612685702
P006,2026-01-01T10:32:00Z,774,113.61743758193398,90.71634074335812,21.162936615459554,38.37317297687722,179.68698585728146,116.13177948530704
P007,2026-01-01T10:32:00Z,775,76.85795139536859,94.04148909815719,14.08062224431863,37.06348445500209,105.50234536679827,77.51987707891875
P008,2026-01-01T10:32:00Z,776,82.4639774269321,95.24751552160379,16.560044328197055,37.69121426478453,120.86642597500867,77.5977377643402
P009,2026-01-01T10:32:00Z,777,81.181273046387,98.28182455557344,13.17592097424097,37.52804599613124,109.19067058081836,85.73178409005504
P010,2026-01-01T10:32:00Z,778,74.59636025392966,96.50639445936517,13.569900945852254,36.65480648926263,111.65022830574105,75.47907052349689
P011,2026-01-01T10:32:00Z,779,80.8940220542318,97.84481868387937,15.670016499729646,,115.30337708373364,81.68207987612672
P012,2026-01-01T10:32:00Z,780,133.567645125766,95.61368605914673,,38.317337107055124,173.8169455399939,108.05996249451735
P001,2026-01-01T10:32:30Z,781,84.74814529626617,96.4375683359247,20.894850718164157,36.56852139107328,151.936314267944,68.85905289501295
P002,2026-01-01T10:32:30Z,782,70.94553380681933,97.58939053732172,15.365325770465661,37.23109946122643,120.37664972724524,72.21211546280047
P003,2026-01-01T10:32:30Z,783,90.62493698166372,96.57915966127464,17.244560089104265,36.700331920807294,134.47059525977232,79.60466546481824
P004,2026-01-01T10:32:30Z,784,75.98045006916321,98.14408133900018,14.160020295662846,37.0724003521444,120.97516502844248,72.34172883155443
P005,2026-01-01T10:32:30Z,785,73.5244411005352,96.02554631499572,16.149530831789743,36.65918568788357,112.81704019120339,76.55580093538435
P006,2026-01-01T10:32:30Z,786,127.56837987039377,84.37716529515325,22.04607232086957,38.342867084368386,195.38173800103183,117.0967742401284
P007,2026-01-01T10:32:30Z,787,81.82320496315594,,19.527415531588794,36.38491583133557,126.8876256458058,73.4713194354017
P008,2026-01-01T10:32:30Z,788,77.4455759312569,96.2020377305757,15.434575385258638,37.064983066363965,123.00255716167317,75.34602224053127
P009,2026-01-01T10:32:30Z,789,74.07953529737051,96.07788548108111,16.774708095988835,36.74831618921615,118.80079999297337,74.58768084525987
P010,2026-01-01T10:32:30Z,790,71.90921685176288,98.35105470267192,17.48317999968509,36.84315596070417,119.65598344606518,79.08522135849392
P011,2026-01-01T10:32:30Z,791,68.81374952063082,97.98239288419435,17.079769974498465,36.98200732319931,122.97829010013562,83.38434375194987
P012,2026-01-01T10:32:30Z,792,150.1453116995928,85.11408712304278,,38.168664527873084,166.83673685080754,125.11728767181167
P001,2026-01-01T10:33:00Z,793,77.07079394755694,97.15981156817921,14.052027170499827,36.432608974246016,123.60616523151646,68.67044513373685
P002,2026-01-01T10:33:00Z,794,88.23978496043176,96.29852957715639,15.607484385006902,36.83724224396819,128.3927823676992,80.77411476402635
P003,2026-01-01T10:33:00Z,795,75.49821628778389,96.36450072389209,14.475026400766897,36.610644345925785,116.50628750014613,72.85633747635022
P004,2026-01-01T10:33:00Z,796,70.63710703928851,96.84632802229446,17.98567775739259,36.964462852083116,121.10279423101277,69.40173138018793
P005,2026-01-01T10:33:00Z,797,72.61377013704606,96.4572388413864,14.228277567238584,37.038090309364854,119.41217401294118,
P006,2026-01-01T10:33:00Z,798,137.56331260874035,89.38941464270982,27.918261255110554,38.66353633121476,189.36372998305202,89.09624699546893
P007,2026-01-01T10:33:00Z,799,73.54444934757436,96.57740119944565,20.21054257541462,36.82979407500185,123.17585937673168,70.5264337305879
P008,2026-01-01T10:33:00Z,800,81.72285526535548,95.87211635142509,,36.73129337847885,115.58273557517305,82.24136819935144
P009,2026-01-01T10:33:00Z,801,80.16017205793396,96.97615710367447,19.70216843301364,37.22139385331178,112.45376744391358,65.87556081695149
P010,2026-01-01T10:33:00Z,802,,97.17063567974199,18.213078637184893,36.99348742670238,112.48399540871002,87.7350848285185
P011,2026-01-01T10:33:00Z,803,73.58305197333509,96.6823039438805,15.26083914633914,37.038948261338184,127.75205995730016,
P012,2026-01-01T10:33:00Z,804,99.49381473368354,86.23900068803572,19.934580076491812,38.51244152366425,187.53487183232733,100.94631005026709
P001,2026-01-01T10:33:30Z,805,76.4551541498402,95.69279560022387,19.858968106482056,37.42665469827027,108.0716826974647,73.94781337469846
P002,2026-01-01T10:33:30Z,806,79.53142009382628,96.58600495294063,15.718076277018966,36.77548856736494,98.40511470286239,78.73939938090928
P003,2026-01-01T10:33:30Z,807,72.40899182026918,97.12510716178359,16.777482233449174,37.39037788382432,104.55168524034147,77.97777021873372
P004,2026-01-01T10:33:30Z,808,84.01048501180432,96.26021446420825,13.838244500468612,37.1258239714495,108.45733335432078,81.43659377051375
P005,2026-01-01T10:33:30Z,809,71.76276215505867,97.62698649585909,15.941424381738726,36.777805824808716,121.25494310272099,87.56735704702999
P006,2026-01-01T10:33:30Z,810,,90.60283386077795,29.559306406580845,39.15647511484613,178.78023717668586,116.12980376496526
P007,2026-01-01T10:33:30Z,811,94.50372385771863,97.10632477639183,17.967859813179903,36.58275590753598,129.5765618796549,75.80747650190077
P008,2026-01-01T10:33:30Z,812,82.21537169277158,97.80548773498307,22.07095460447387,37.323686468434765,144.72121324840793,80.85755197031119
P009,2026-01-01T10:33:30Z,813,79.17026256919146,97.21025263125043,15.279427766483805,36.729994872948815,126.54550711579664,82.68268908366042
P010,2026-01-01T10:33:30Z,814,85.70145519252408,98.65731132305382,17.475745181264184,37.112642854596636,142.2671670517681,
P011,2026-01-01T10:33:30Z,815,74.35195201452437,96.72974013707275,14.905780073704696,36.98134988905103,115.0289153075942,83.71922930094773
P012,2026-01-01T10:33:30Z,816,133.19450533713484,87.28021812128523,28.485792470509693,38.96379345372184,145.84256462973994,114.32663282131145
P001,2026-01-01T10:34:00Z,817,83.21902038363363,93.89761029659225,16.66390767882782,37.485406001450585,132.62003293859613,86.99649246007694
P002,2026-01-01T10:34:00Z,818,75.63055074369703,98.74696039149964,14.938368089196047,37.32213795771509,127.33825577489574,77.80523358547812
P003,2026-01-01T10:34:00Z,819,69.17631848769577,97.36033799903916,14.32875673622797,,133.37849545629138,85.57577701969939
P004,2026-01-01T10:34:00Z,820,63.70575321885882,97.92929341509168,14.925827760763024,36.3724378207242,120.57338848490174,
P005,2026-01-01T10:34:00Z,821,75.19751306944794,95.85945548790203,21.65165393790182,36.75139884929439,117.54983698424574,83.81421527612193
P006,2026-01-01T10:34:00Z,822,98.37774233763446,86.73295708805968,26.988794735890412,38.82250328057051,161.34691527246554,115.67175309059593
P007,2026-01-01T10:34:00Z,823,95.11369873181232,96.96518783883654,19.99669941086522,35.9909780829301,124.10497342960585,87.41515947943678
P008,2026-01-01T10:34:00Z,824,88.87167823284634,97.7692698328609,16.230749630650422,37.25244657565893,123.86191403533441,81.39335876510407
P009,2026-01-01T10:34:00Z,825,77.6338103833105,96.61544325878731,19.77138333157118,36.94818149681383,124.09593600664603,79.18340326444228
P010,2026-01-01T10:34:00Z,826,75.54364752819134,97.02209350558628,17.159619688096416,36.90600507065505,127.23678441008789,70.52642838263229
P011,2026-01-01T10:34:00Z,827,67.18600371461733,96.85482498610038,17.789855382898498,36.96821399657952,107.18905798648129,73.96563693183586
P012,2026-01-01T10:34:00Z,828,,87.89854151875006,23.2442573552819,38.37996016412475,146.5011226054336,94.39351025585772
P001,2026-01-01T10:34:30Z,829,78.31674886821034,95.92098818146178,19.549700065582847,36.915116711273726,124.20798439938225,76.71277426269445
P002,2026-01-01T10:34:30Z,830,74.48694241611192,95.65126815736166,17.0794690345127,36.691230633854985,128.72410914406797,85.89863968712517
P003,2026-01-01T10:34:30Z,831,84.97597547488189,96.93459392963304,16.571775899182107,36.49357684215876,131.332660039174,74.35370964591036
P004,2026-01-01T10:34:30Z,832,76.70419450657788,95.42053256044537,18.554162124373274,37.02330680026277,111.1701260356657,73.27342175905036
P005,2026-01-01T10:34:30Z,833,63.613815940947504,96.39233537141727,19.01615436908819,37.51734067037562,124.11131421407399,74.16942475638868
P006,2026-01-01T10:34:30Z,834,109.01170120886148,88.52902604315916,27.990997908266483,38.28749797690026,166.07750136552738,107.47145580365496
P007,2026-01-01T10:34:30Z,835,82.78299282961274,97.6289100301055,18.340117837999212,37.03854451985846,110.38017289551678,
P008,2026-01-01T10:34:30Z,836,84.13438668879205,96.85689228575212,14.995475590962187,36.49640570698321,129.198772801838,76.18356670962143
P009,2026-01-01T10:34:30Z,837,80.55012540126641,96.88104185022553,18.55832980593065,36.900142495909954,123.15295512441895,68.77299928933714
P010,2026-01-01T10:34:30Z,838,80.71959840796272,97.02099671680344,13.089605161094033,37.07068668191218,114.71895027579525,70.05442894390717
P011,2026-01-01T10:34:30Z,839,73.29222597439973,97.05107110191517,18.085982874654306,37.13864677746136,131.1957597888654,
P012,2026-01-01T10:34:30Z,840,114.69553204291407,89.9380607639526,30.762249206052246,38.556352927560255,161.63008735862184,106.70447837564515
P001,2026-01-01T10:35:00Z,841,66.1256437523944,96.14715269632859,15.56338330164071,37.02959624334629,,79.60482101174078
P002,2026-01-01T10:35:00Z,842,81.48582475737743,97.91536338442381,16.60573302900307,37.11720099256105,134.3577931934554,80.55013556397225
P003,2026-01-01T10:35:00Z,843,81.70090806618272,97.67469303868208,,37.136696962504864,136.26535832399023,69.44410568916419
P004,2026-01-01T10:35:00Z,844,80.6181190997363,97.9792264934395,15.613499986336333,37.020118320013715,128.70686279868266,73.11682076488952
P005,2026-01-01T10:35:00Z,845,78.50775463025658,97.19217146699205,14.908232832394281,37.27456973422722,117.14668266541263,76.24742182187128
P006,2026-01-01T10:35:00Z,846,143.05256843554184,86.85471057961679,21.332016897978242,38.074723501964236,155.14887429835773,93.2310575704478
P007,2026-01-01T10:35:00Z,847,69.67653337264969,97.58881368146581,12.861847353960677,36.81074894205506,132.09623455665076,79.03332963965853
P008,2026-01-01T10:35:00Z,848,72.37139744248536,95.35348650045331,18.43916771436923,37.195260791825895,117.56942189344764,64.2746840461256
P009,2026-01-01T10:35:00Z,849,76.9190314435575,99.32192930702374,17.498059982233148,36.94086578976175,125.22966382742871,67.49330483108642
P010,2026-01-01T10:35:00Z,850,66.69045998501451,,19.584783756807784,36.93942479945871,116.91818180409294,67.45157603997832
P011,2026-01-01T10:35:00Z,851,77.24403381767691,96.74710464214932,17.554093192973763,36.92364067214173,131.56081146744916,75.85683553151569
P012,2026-01-01T10:35:00Z,852,121.53475412593373,84.30833170695742,27.56584823420031,37.92437412795182,159.6618922966787,107.44086359219123
P001,2026-01-01T10:35:30Z,853,86.94554866279191,95.72683296292354,23.102448412343804,37.22309273956316,115.32738272708518,77.20806372498447
P002,2026-01-01T10:35:30Z,854,83.39836164893663,98.44248797169556,17.05960303989506,36.87513313909259,129.15163231082593,
P003,2026-01-01T10:35:30Z,855,87.74162410300869,97.31099022595008,17.966666834585894,36.92279465183571,127.62288297543952,75.60152708327556
P004,2026-01-01T10:35:30Z,856,80.56163453598055,97.89061729918959,16.429782493506927,37.21025702873003,133.4451667697126,79.69859351609577
P005,2026-01-01T10:35:30Z,857,80.96557164138055,96.33337750128076,15.057017956996486,36.83601612129607,122.35358139413495,75.93808034146176
P006,2026-01-01T10:35:30Z,858,115.53141809188621,87.46842116185472,28.465770203542704,37.872853601740495,158.00300522258954,101.0787623940922
P007,2026-01-01T10:35:30Z,859,80.62657345472674,96.30155545696847,16.514709016864757,38.02101312397962,121.89745394607696,82.92335611557459
P008,2026-01-01T10:35:30Z,860,73.16625664898409,97.55665451900025,16.094164301957548,36.23273568502218,145.85641772142986,74.16033273856176
P009,2026-01-01T10:35:30Z,861,75.00168241242324,,16.611050816421546,36.75562167585923,122.18232019412248,66.9767400280322
P010,2026-01-01T10:35:30Z,862,74.03320119990498,97.59123708189335,16.053784123450374,36.522015989684206,107.27831040625382,79.5774492157981
P011,2026-01-01T10:35:30Z,863,77.17184851027339,98.28636559884043,17.059781099199828,37.124473602848596,117.83708382477357,76.7858774415271
P012,2026-01-01T10:35:30Z,864,101.54198630267021,89.97788787649242,24.464249328192764,38.42148367532342,190.8829467085566,111.08976284585151
P001,2026-01-01T10:36:00Z,865,71.44928405247643,96.98020560238712,17.360327175303887,36.57987164156884,131.2144478228274,77.91680987781935
P002,2026-01-01T10:36:00Z,866,72.80637156027173,,15.438855223891279,37.31173295416927,138.05136383168173,73.5676851788733
P003,2026-01-01T10:36:00Z,867,78.3463032504378,97.85663170883248,17.899778098293787,37.52925952053785,131.93642131206346,77.63538493234661
P004,2026-01-01T10:36:00Z,868,79.50424245553197,96.85443147665683,13.730119932394466,36.658118679989364,119.83068101706813,81.97324283532181
P005,2026-01-01T10:36:00Z,869,73.42160599031517,95.9292066805648,16.96681463194652,36.85158027762103,116.11359468518363,76.44292065310742
P006,2026-01-01T10:36:00Z,870,122.82102292006824,88.42226398495332,25.78095308298005,39.01577901124191,181.27271194935616,111.75769512314487
P007,2026-01-01T10:36:00Z,871,85.03324928819644,95.99353630577488,19.59416466719494,37.1289512032658,120.19731387906688,74.84375301929055
P008,2026-01-01T10:36:00Z,872,71.42907010391703,96.08314968433199,15.750055788901932,36.73860211786793,121.14530211565786,92.19397326325887
P009,2026-01-01T10:36:00Z,873,74.65569576259308,95.15503457960773,15.816636809906933,37.20831893254413,136.60557122627776,66.63332311249717
P010,2026-01-01T10:36:00Z,874,75.26112226420473,98.6334423604045,15.967904751833304,37.020091021949604,115.24281554037155,69.7769876096737
P011,2026-01-01T10:36:00Z,875,67.85384035411725,95.78964919528586,14.882225754236709,37.486347273588436,139.0810480915335,75.29257843049673
P012,2026-01-01T10:36:00Z,876,115.6309369880244,89.72326132447108,24.547763962537125,38.86852126668035,157.89875090541616,106.13512664370243
P001,2026-01-01T10:36:30Z,877,71.22007295295342,95.79926258253437,16.584257595639457,37.54088932533334,128.1303707252061,87.03100703244715
P002,2026-01-01T10:36:30Z,878,66.11493613688233,95.65397796832029,15.347174779766226,36.19862954965561,138.1559401916315,81.5815993883984
P003,2026-01-01T10:36:30Z,879,82.12152856868695,97.03245692697689,20.502513916872488,37.44823995463134,126.57101080158216,86.96865381629434
P004,2026-01-01T10:36:30Z,880,73.23334253452173,97.75801549268422,19.430514205325142,36.38239605772229,110.41038835789331,73.251322447631
P005,2026-01-01T10:36:30Z,881,71.10268464027673,97.44325161051185,15.533463583094866,36.82769602686436,117.38839803258347,83.54989948393253
P006,2026-01-01T10:36:30Z,882,123.58797642734025,,28.085360109731404,38.94884401950704,169.06593447814444,101.10811267318694
P007,2026-01-01T10:36:30Z,883,79.0349386904738,94.69997566851619,21.673867942264106,36.8930892352677,137.20434506151696,81.76085600209774
P008,2026-01-01T10:36:30Z,884,89.19979088998022,,16.493716008085297,37.23072701807474,127.05761853040482,71.72450337888178
P009,2026-01-01T10:36:30Z,885,64.99570637737337,97.65147896912454,15.49332184549567,36.70780352744927,119.49911863559362,82.00425746300054
P010,2026-01-01T10:36:30Z,886,78.96664929527726,97.64928059322472,14.368737132706897,36.42916833178372,103.795019407629,78.41913294067291
P011,2026-01-01T10:36:30Z,887,69.6019985687251,97.61245309196114,17.3402213897442,36.735712924233894,109.02116302421112,78.60177638583964
P012,2026-01-01T10:36:30Z,888,135.15271168121583,86.54133050504795,26.442796725305374,38.39848214281798,155.42725300986805,104.20160377002853
P001,2026-01-01T10:37:00Z,889,86.50763206465128,95.02557539443552,14.306397754110314,36.75182645440216,132.62300482035937,81.77901029273781
P002,2026-01-01T10:37:00Z,890,66.70045096530775,96.68717061810948,18.018792641883028,36.68511762999904,129.3305343930635,64.01388182287084
P003,2026-01-01T10:37:00Z,891,76.3454058026234,95.82677126147277,17.895738601196427,36.56648026148262,121.61886466952508,88.7827842866249
P004,2026-01-01T10:37:00Z,892,85.20832565967802,98.3847133810842,17.354515260706425,36.647112040246235,112.81798483906466,76.04037722042044
P005,2026-01-01T10:37:00Z,893,71.23357961559705,97.46986710975668,15.69339256932364,37.032912352276774,127.41549235345072,84.55134317336797
P006,2026-01-01T10:37:00Z,894,134.78132380460386,89.43629855081019,26.61494123235472,38.47356076527481,140.71342996647465,114.05761540408743
P007,2026-01-01T10:37:00Z,895,83.42888194311814,95.57829720284178,17.225799138847808,37.4651829166915,136.90245927707736,69.58742766432249
P008,2026-01-01T10:37:00Z,896,88.77389381375981,96.84671300035355,13.897170721472255,37.00377267362457,161.01290237071737,79.96551230190094
P009,2026-01-01T10:37:00Z,897,83.52411541199672,96.43651164940688,16.325181961830115,36.986116054491816,134.442022386877,79.91305824084273
P010,2026-01-01T10:37:00Z,898,74.4314962061184,97.94785201142996,18.794020770089197,37.06034638644827,139.3526554719603,81.01613480434366
P011,2026-01-01T10:37:00Z,899,76.13758210340568,96.48921390892798,15.096488153854358,37.45181266986817,131.93621497203512,73.88503391515957
P012,2026-01-01T10:37:00Z,900,123.26774660322191,90.61891014098512,26.74325821898129,38.413664418606814,192.8077055268534,102.05927540489597
P001,2026-01-01T10:37:30Z,901,77.23393674691373,97.76306404827729,16.031685276740756,37.33888964391593,143.37741700262745,79.68195880477677
P002,2026-01-01T10:37:30Z,902,70.24479459894356,96.28387690891019,17.98885593947311,37.2388102869385,117.16666759999458,65.18391870336391
P003,2026-01-01T10:37:30Z,903,83.87109261228245,96.96625616683656,17.960164207566702,37.271028857263794,131.73178856999058,73.37847760304953
P004,2026-01-01T10:37:30Z,904,73.38911151248242,97.37051751732288,15.755527797384813,36.56288038031072,111.83251969116453,65.4088693505599
P005,2026-01-01T10:37:30Z,905,76.89941978434366,95.88187844095485,13.375780938283757,36.540758220710885,119.9705118400235,76.90524233872814
P006,2026-01-01T10:37:30Z,906,100.01233184742028,89.9283451624821,25.817322531691147,37.6644398685878,164.11675466242946,90.76060801392525
P007,2026-01-01T10:37:30Z,907,85.34302530971702,96.40115540689213,18.465251898274545,,132.78189841685978,76.47185064079103
P008,2026-01-01T10:37:30Z,908,91.93725812968748,96.22163916064467,17.972392483605972,37.41372338314164,121.29323629260136,70.5281276912541
P009,2026-01-01T10:37:30Z,909,82.13394997129889,94.9166392358289,15.199426739636973,37.452154773672774,119.0450835633842,78.53963037492595
P010,2026-01-01T10:37:30Z,910,73.71076410129928,96.36447978825875,13.93117639261724,37.23822081811937,122.23986351800735,74.66659682144088
P011,2026-01-01T10:37:30Z,911,71.45321976157994,97.33954163067447,16.479778960236317,36.73300583571249,120.7027926431037,90.95174236140514
P012,2026-01-01T10:37:30Z,912,120.8760909231556,92.89332813321795,26.963373219913382,38.95312436087866,172.2858904902055,96.70604383473645
P001,2026-01-01T10:38:00Z,913,75.07185079095014,95.73788281320576,11.504961938556804,37.008333680588535,121.16228339034332,85.43007769028283
P002,2026-01-01T10:38:00Z,914,71.68143601029608,96.18427426354457,13.03592104112763,36.99210108708765,123.82612997965889,85.69657111701211
P003,2026-01-01T10:38:00Z,915,82.37140635679104,97.03151956601282,14.735522785237332,37.21306146615934,129.00719579749335,80.87324527925581
P004,2026-01-01T10:38:00Z,916,80.01165969689475,95.51686084511242,14.950065304201484,36.506092601473725,120.05949654545543,83.03276219020697
P005,2026-01-01T10:38:00Z,917,73.1722337258176,98.60049381454698,17.42873063354805,36.62452996127837,119.5963651545522,76.58934510955112
P006,2026-01-01T10:38:00Z,918,119.68630776224289,93.37991106836668,27.031061699959366,39.146972676791755,156.62547759128324,99.66540665547758
P007,2026-01-01T10:38:00Z,919,86.5028015282582,95.26064074142471,20.32186781487072,37.11550921789896,124.93365180326781,65.8429653593985
P008,2026-01-01T10:38:00Z,920,,97.71489573079464,15.363999457333524,37.42782792014058,134.81649651060366,81.82306553914874
P009,2026-01-01T10:38:00Z,921,76.22722977753986,97.34824554297303,,37.12030208654158,114.95775626730418,69.20041820707797
P010,2026-01-01T10:38:00Z,922,64.33245625657864,99.24676652728657,15.533849681761948,37.004342604651775,109.26651058138656,83.98122942135792
P011,2026-01-01T10:38:00Z,923,83.0451960738649,98.21960565470224,14.717809234518304,37.378534157639216,122.40765467892574,78.29847150472699
P012,2026-01-01T10:38:00Z,924,137.0329959006544,90.37426433140229,26.16536396931389,38.09599253169815,155.79386598214154,119.4837771578343
P001,2026-01-01T10:38:30Z,925,90.0252210739768,96.30102088886424,12.41342760793751,37.10225836452501,133.64980049661358,78.97810960403625
P002,2026-01-01T10:38:30Z,926,77.68914163055756,96.31722774866668,17.285149699878907,37.42789475148426,108.23692298049775,80.78329979821436
P003,2026-01-01T10:38:30Z,927,82.20421927341575,95.47896164847236,18.281202058869205,37.32752483497509,129.19871553958683,73.75673153359718
P004,2026-01-01T10:38:30Z,928,70.85426591103621,96.68026918239408,19.109138903862476,36.85065124077812,122.2711792632647,76.94937767162611
P005,2026-01-01T10:38:30Z,929,81.1378538617331,96.78900691674686,18.84763769388882,36.73931732542227,134.6963306286979,86.86970753630695
P006,2026-01-01T10:38:30Z,930,118.20815221640265,85.76899879612274,26.580044905579996,38.60123238054985,150.17553729638595,
P007,2026-01-01T10:38:30Z,931,89.38339866901354,96.5638277040633,,36.89568762480396,128.638731559863,87.79387139467879
P008,2026-01-01T10:38:30Z,932,74.0877346231073,96.1624529650943,25.178762638847026,37.19874398266665,117.31055458901638,82.77952304170533
P009,2026-01-01T10:38:30Z,933,74.1352631021668,98.58823368015973,16.613155075329136,35.975158457115356,143.78844664092952,79.09837414183372
P010,2026-01-01T10:38:30Z,934,77.68139668883919,98.48845318704713,14.704394883233764,36.68159280155407,132.98917334341945,75.25652876915345
P011,2026-01-01T10:38:30Z,935,77.33942761704897,98.24219374732164,19.67878444438961,37.35374503399932,130.2318714566654,77.10759245539676
P012,2026-01-01T10:38:30Z,936,127.44234687810714,91.2739195111837,30.080561344236393,38.5839934724183,153.3261183049159,94.28189313550703
P001,2026-01-01T10:39:00Z,937,75.38974062931678,96.74568498367154,16.856429272708585,36.84180290491576,127.46025975693787,82.6959623070537
P002,2026-01-01T10:39:00Z,938,73.49169481565818,96.01342355132537,15.304556209647508,37.3994828553518,109.59261451080187,76.3043708911338
P003,2026-01-01T10:39:00Z,939,77.9715247476593,95.31586766053407,14.177978168049432,37.13108361137843,111.41243893200296,76.70352162624744
P004,2026-01-01T10:39:00Z,940,76.78904172671707,96.11715572472534,15.148703000140282,37.563360772276866,130.38956939516794,77.22952450301216
P005,2026-01-01T10:39:00Z,941,77.54365549054525,97.25037322822088,15.384670401632837,37.22761710753789,116.89610924297489,79.96111048684395
P006,2026-01-01T10:39:00Z,942,115.40944241526496,87.80376370617026,23.945913894252175,38.764992046088516,160.8403539682267,99.53370963456854
P007,2026-01-01T10:39:00Z,943,77.4617527843682,94.84342860071118,20.633145557541972,36.94067353310999,120.70712273206045,79.60964260322709
P008,2026-01-01T10:39:00Z,944,78.68297783409574,95.01281079154644,14.740540648698673,,130.24760560764406,69.95290349351235
P009,2026-01-01T10:39:00Z,945,74.19087039473624,96.2588776491994,12.931880233557077,37.42670217906969,137.9190853282879,72.45240154839462
P010,2026-01-01T10:39:00Z,946,,97.60897197532671,15.589787989600014,37.03973547711541,108.37214704993113,72.95447659883862
P011,2026-01-01T10:39:00Z,947,70.02464844475301,95.56017133475618,16.289494094334824,36.80996280396113,109.6224660808819,78.37520047700262
P012,2026-01-01T10:39:00Z,948,118.7592430580949,86.72180942444808,25.639457188582053,,172.44265481124722,112.17035951660523
P001,2026-01-01T10:39:30Z,949,78.21681137131817,96.53033141086735,18.210226691045214,37.50268630609825,125.46631509463253,85.76950864085202
P002,2026-01-01T10:39:30Z,950,81.3809654433957,96.59037434786443,14.872904684930667,36.863685707201306,134.99329372652892,88.1629687657323
P003,2026-01-01T10:39:30Z,951,74.90941608072963,96.00248876275407,14.852313223873482,37.45625273661485,132.9180613013632,89.98193678283477
P004,2026-01-01T10:39:30Z,952,77.35344098337144,96.98055367453058,14.41474513070968,36.48721945480179,132.1936459132371,82.79183556629184
P005,2026-01-01T10:39:30Z,953,72.64694819843123,96.20709591159942,17.895179134829082,37.03685779122429,126.5107210061731,74.19838650728965
P006,2026-01-01T10:39:30Z,954,146.50141775529917,84.5383652384653,22.64746792611048,38.7083873983464,189.77192068420445,103.81955247289267
P007,2026-01-01T10:39:30Z,955,70.51651337404758,97.28048443908021,17.74411586409021,37.022347695989694,,73.1164792960149
P008,2026-01-01T10:39:30Z,956,82.45959244668188,96.65726907672425,18.447370151295875,36.78124530932844,123.17493917489448,83.73535902187142
P009,2026-01-01T10:39:30Z,957,79.92868651462848,97.83733730231158,14.979269689885909,36.534756944141364,104.26610116576924,74.30931894644799
P010,2026-01-01T10:39:30Z,958,75.53211698863343,96.74902847735322,13.6192677275248,36.702337956633315,113.59258823982206,70.11645179857553
P011,2026-01-01T10:39:30Z,959,84.98646326880177,96.42900415053457,17.00681611163291,37.2109915753773,126.0517457508029,69.75303615215381
P012,2026-01-01T10:39:30Z,960,101.36671267574857,87.1618113356325,23.936427668460972,38.71279982527909,166.30476611602236,106.1638490662107
P001,2026-01-01T10:40:00Z,961,83.05594064550866,95.80863786835405,18.822105723542197,37.0732724251989,108.76143111481284,72.56999070427396
P002,2026-01-01T10:40:00Z,962,69.13076364619693,98.09993652418682,12.0690032559893,36.648740377668155,123.08114089320118,87.47017841342098
P003,2026-01-01T10:40:00Z,963,75.66552425093025,97.03711166226591,16.38194134431427,37.343299849631286,106.7644495815517,82.34483263160212
P004,2026-01-01T10:40:00Z,964,80.72601585768577,97.91465261807441,16.943820008982428,36.212309587612445,113.15695558312042,86.30463507903553
P005,2026-01-01T10:40:00Z,965,88.46809026179807,96.42305043701158,14.41148531080146,36.60072527690705,132.93306028894568,76.54250573024936
P006,2026-01-01T10:40:00Z,966,118.20145796490058,85.09205915631655,20.759095095872578,38.04198064240012,147.6472157665576,83.58530726188707
P007,2026-01-01T10:40:00Z,967,85.39812087992593,95.91521831472014,18.66704907638344,37.19821520693311,128.3484742215917,99.3652625909327
P008,2026-01-01T10:40:00Z,968,74.07887719674548,96.61268907498815,20.160839450661733,37.27592552206356,136.3952906798874,
P009,2026-01-01T10:40:00Z,969,,,16.15137174073194,37.045267772325865,121.11974369641261,73.07795806354143
P010,2026-01-01T10:40:00Z,970,77.84719500838588,98.37848367175097,14.951091574341921,36.956602844507856,121.10815715816757,78.3508765383498
P011,2026-01-01T10:40:00Z,971,80.73576626766422,96.48521605656029,18.169969070167916,37.22485259922411,133.3155101102097,80.25973790807696
P012,2026-01-01T10:40:00Z,972,107.29332453613594,92.64232208822472,27.34086246309562,38.05294847857501,153.37644228153817,115.3900523744881
P001,2026-01-01T10:40:30Z,973,85.68529236133625,97.07071853177196,15.833504983684005,37.358685555259235,143.10728532026718,78.58039300169679
P002,2026-01-01T10:40:30Z,974,73.55318239147546,97.2166037208482,14.77974991798387,37.2830264444739,,76.5555627530778
P003,2026-01-01T10:40:30Z,975,87.21782362048712,96.13726895512195,18.812533626148756,36.75707827728922,155.15485854672858,78.03798476478622
P004,2026-01-01T10:40:30Z,976,78.63153655323784,95.71570034556714,19.505416884833227,37.137891265493515,127.75210121888038,67.58014732540055
P005,2026-01-01T10:40:30Z,977,82.2216604615057,97.67247680530278,,37.198552224960096,112.08913396612763,70.73648900916088
P006,2026-01-01T10:40:30Z,978,109.95122912779115,87.1350623462424,22.081549934711237,38.347894952349826,149.86170961045266,107.19908065980293
P007,2026-01-01T10:40:30Z,979,82.64490353802019,97.4989650694091,18.426167103393517,36.951546582726685,127.79690533620173,80.59458960767616
P008,2026-01-01T10:40:30Z,980,80.33065031452048,94.7996774394005,13.020509330594333,36.867792571830684,123.14207425723689,69.93636666645187
P009,2026-01-01T10:40:30Z,981,76.87835301438734,97.58191599829622,19.872205600605028,36.6525565111408,96.12665660190162,71.67927253314146
P010,2026-01-01T10:40:30Z,982,79.12380050952716,96.82971580023636,14.745764231336576,36.6725170791231,124.36810453922534,78.25565534256022
P011,2026-01-01T10:40:30Z,983,71.61771923961243,96.84479258537496,20.130390476176643,36.49534910387496,118.22921147014799,78.58960236066294
P012,2026-01-01T10:40:30Z,984,134.88998048737994,88.19936145495988,26.82670025893659,38.6233596223921,167.0579917184762,94.37386697086967
P001,2026-01-01T10:41:00Z,985,77.90762125844105,95.49928275222496,18.425821316052378,37.76294750873085,133.4159821223198,90.1888145084493
P002,2026-01-01T10:41:00Z,986,75.97792927562652,97.39831844952627,15.502666215785279,36.72112238489258,136.58688201897522,71.40083331708051
P003,2026-01-01T10:41:00Z,987,79.40992092515282,96.07229223206703,14.064214940871512,37.91906910085036,127.90815180613447,83.5430062810786
P004,2026-01-01T10:41:00Z,988,73.56999307361797,96.62571497909339,14.028044633161505,36.910632518911896,98.88773767424541,76.10706910848782
P005,2026-01-01T10:41:00Z,989,75.51060327741648,98.37732968415544,20.946031607846948,,131.79194390274594,88.29856488886249
P006,2026-01-01T10:41:00Z,990,121.5054311253538,85.10375545501815,21.311557969361125,38.69643934451261,149.40289966719925,101.9359762382696
P007,2026-01-01T10:41:00Z,991,73.6040893690377,95.9610069318448,20.451569541508633,37.44456217113304,118.35478048783166,76.23109266597608
P008,2026-01-01T10:41:00Z,992,81.34492268803844,95.91040191084237,20.34613016232888,36.890942857118446,120.79762281584064,74.12785210195347
P009,2026-01-01T10:41:00Z,993,66.12259415299118,97.78305120578601,16.451293851422378,36.761522700256215,124.94915318325148,67.64170058867529
P010,2026-01-01T10:41:00Z,994,73.1036081365565,96.00740065158863,17.553404467419558,37.283039156908345,121.7537555895997,76.16611870292179
P011,2026-01-01T10:41:00Z,995,76.0560203072588,97.3893324419884,12.950344033432156,37.09956532322548,122.03074295607661,93.31625432490092
P012,2026-01-01T10:41:00Z,996,136.33919640650782,85.94997651041155,28.494923208968427,38.36322233934581,162.3492923239077,
P001,2026-01-01T10:41:30Z,997,87.94199800827388,96.73134119668919,12.23757779041908,37.350874845342226,126.08074861068359,77.77179912237668
P002,2026-01-01T10:41:30Z,998,80.77703715393008,98.16663337918885,14.360773680280571,37.3354762115538,130.52167928163632,75.42354154505678
P003,2026-01-01T10:41:30Z,999,75.74738647296952,96.44285162149319,16.014049523768108,37.11049249767908,138.03338263064373,80.89560532168107
P004,2026-01-01T10:41:30Z,1000,79.63486480682272,97.01824623155504,18.06478578302138,36.81221079071618,124.22441393669935,76.13310341712386
P005,2026-01-01T10:41:30Z,1001,66.76471311484572,95.92076003105251,15.356878866737574,36.91236928957766,120.21613323710301,68.14718850220228
P006,2026-01-01T10:41:30Z,1002,118.87033663163162,93.13229368105131,25.768041606225303,38.37252137608803,180.5022512274548,112.56317445671036
P007,2026-01-01T10:41:30Z,1003,89.67973701899189,96.28448149870557,23.54464700745236,37.21909080952981,126.12139573407808,84.09800308981195
P008,2026-01-01T10:41:30Z,1004,67.58231176106754,95.74527579781343,18.338156646778348,37.14144866199838,122.665735798245,79.4762871863635
P009,2026-01-01T10:41:30Z,1005,75.00274051851358,99.37894233265814,15.718595226631383,36.816229726388094,118.19846201713041,72.1743646615416
P010,2026-01-01T10:41:30Z,1006,73.22236079704484,,16.393959610930487,37.368172581056434,128.75860674490266,81.14378886164427
P011,2026-01-01T10:41:30Z,1007,72.11033575553738,97.72890798416657,14.367480377885943,37.06004145378417,125.72456840727651,76.86358399316103
P012,2026-01-01T10:41:30Z,1008,110.84329540259876,85.46773618068322,31.56892168877993,38.42498364023811,,105.02669292608154
P001,2026-01-01T10:42:00Z,1009,85.09919637131037,97.46334330156667,17.891037155064627,36.82411885695937,125.66279126585562,85.37646573114498
P002,2026-01-01T10:42:00Z,1010,73.60272932249791,96.96525289898254,16.611062017512833,36.512138931296775,112.03504249556839,76.19249296247266
P003,2026-01-01T10:42:00Z,1011,81.2226420675275,97.15497217548698,15.416443655498334,36.620914691027785,123.84233679821531,80.52165321054508
P004,2026-01-01T10:42:00Z,1012,72.20923196243744,98.23483044347883,16.056941582218855,36.98842765861659,120.09650228512832,62.069026532725815
P005,2026-01-01T10:42:00Z,1013,77.40772099053792,97.18253929287016,17.487003204859146,37.220046879056255,126.13090909346626,83.16236153382344
P006,2026-01-01T10:42:00Z,1014,127.0326556583319,89.57225584211317,29.363615302975877,37.55822142269698,187.2501817235297,100.16498137020046
P007,2026-01-01T10:42:00Z,1015,84.68733458249424,94.87926997412221,17.60757719795347,37.04694153322473,132.69841045878175,87.02507896803426
P008,2026-01-01T10:42:00Z,1016,61.30420306069611,96.22601178443382,20.080298813138363,37.046185545601205,122.18899987841728,78.23125049441558
P009,2026-01-01T10:42:00Z,1017,66.72921456933015,96.70031091269858,14.85664986942967,37.54318258147084,115.834813082245,65.07020867699937
P010,2026-01-01T10:42:00Z,1018,70.65150719455133,,15.262872899347537,36.70255282913562,118.24633578061336,70.48627056661914
P011,2026-01-01T10:42:00Z,1019,77.2574184851387,97.2653632681223,14.891374577573664,36.759763061852375,125.49638239519253,86.34327752213608
P012,2026-01-01T10:42:00Z,1020,102.26445717947777,88.87069734848437,27.11040637511551,38.87754212479803,148.38358935475003,102.08973346735102
P001,2026-01-01T10:42:30Z,1021,78.81589064193888,96.47818071175591,15.840291568891022,36.51278429535169,123.52281037430184,85.1832188762701
P002,2026-01-01T10:42:30Z,1022,76.4973433685177,98.76893253738272,16.284062058002277,,122.9259605650376,
P003,2026-01-01T10:42:30Z,1023,86.28728127589886,95.8832021681069,12.749887241110041,37.31913004041941,128.63452227035737,
P004,2026-01-01T10:42:30Z,1024,73.56284579145438,96.69883563735918,14.524548477087563,36.861835262742034,117.63330186949572,66.85985854086968
P005,2026-01-01T10:42:30Z,1025,76.8039238111478,96.67471589831378,14.949160678875336,36.568932140707226,116.41712510730505,78.05287434904115
P006,2026-01-01T10:42:30Z,1026,117.92477231689769,86.40827532011522,23.31560539759214,38.73050575649905,157.36647943865418,91.0487718638841
P007,2026-01-01T10:42:30Z,1027,92.70193917715137,96.87710367824921,18.519497142968326,36.754848057861096,132.7183432435092,71.19465231674673
P008,2026-01-01T10:42:30Z,1028,86.05080899450572,95.6193048163708,17.984213877379194,36.58496790398899,127.30667535143549,80.43004130881428
P009,2026-01-01T10:42:30Z,1029,71.00044585070695,96.36065515776352,12.348292468333696,36.711235425706754,113.09580450399089,78.70823300194245
P010,2026-01-01T10:42:30Z,1030,76.51459866368702,98.16073489463815,16.25693239158155,36.71705386852841,120.89168235415738,65.69620337786077
P011,2026-01-01T10:42:30Z,1031,82.55236250068056,96.36468735459798,14.963845253513213,36.752223012813424,129.28590963995111,78.8730393157897
P012,2026-01-01T10:42:30Z,1032,115.24431707442592,91.21024231325733,25.512002524056797,39.074778899522414,156.2451589011987,95.10902672900424
P001,2026-01-01T10:43:00Z,1033,78.42941329941657,96.54377186800288,22.511162279055217,36.985253388989406,133.24653901244358,80.32108449167262
P002,2026-01-01T10:43:00Z,1034,82.0850395734898,97.2891086604321,15.543802085313521,37.30201698442389,105.47526618020302,85.63692482237452
P003,2026-01-01T10:43:00Z,1035,80.72225377877578,96.52756964263315,17.934144795822917,37.7206773930735,104.13034507801112,82.78986408889155
P004,2026-01-01T10:43:00Z,1036,83.1920331823802,97.18857287764243,16.240911236822583,36.385110628037665,115.55452523144618,83.44204574597998
P005,2026-01-01T10:43:00Z,1037,76.80101933324039,98.72477907712272,13.5500438214837,36.955395662289256,118.45681894468878,78.83683401510024
P006,2026-01-01T10:43:00Z,1038,117.53617385930697,88.09110938858677,23.644788960152603,39.19932579492595,159.92027919113116,114.83470309991414
P007,2026-01-01T10:43:00Z,1039,84.03211910503583,97.20653208747162,19.52484627814713,37.222467380427744,129.4262658949722,83.98120891384912
P008,2026-01-01T10:43:00Z,1040,,94.451277127628,19.780957230131303,36.61786215020614,106.1676261424558,86.50787382992976
P009,2026-01-01T10:43:00Z,1041,68.36558285249176,97.47634761634109,15.075084123931163,36.95551081420959,123.39633315403788,80.32079732654717
P010,2026-01-01T10:43:00Z,1042,76.89965317732151,97.70764397871922,13.426312809105475,36.80526804745128,112.17623489090977,82.46760825727725
P011,2026-01-01T10:43:00Z,1043,81.6862705395512,97.8498640732869,17.697419347880587,36.83052621631858,120.15866322827046,74.11151232879838
P012,2026-01-01T10:43:00Z,1044,139.5317903829108,86.94786574152795,20.567088762767597,38.95731394479478,154.19433026294575,99.53676982402173
P001,2026-01-01T10:43:30Z,1045,91.02181075048622,96.92478751787738,13.757075909473798,37.3303054024645,128.66680167185606,79.4902149757473
P002,2026-01-01T10:43:30Z,1046,69.82067214294943,97.14446338691354,13.738867086487305,36.383165063563695,118.89979540632665,86.69173130738355
P003,2026-01-01T10:43:30Z,1047,83.60410329981661,,15.163780179105162,37.23364880437297,140.6059896477987,78.57940967168538
P004,2026-01-01T10:43:30Z,1048,79.47134955270509,96.58978698733156,16.484126162759473,36.73070061748633,116.89684740426596,87.13856949741029
P005,2026-01-01T10:43:30Z,1049,71.49024774012159,97.34211712036789,16.451885388178106,36.51849103371009,114.1451828739773,73.13110507811987
P006,2026-01-01T10:43:30Z,1050,117.50390084373878,86.52830159402609,25.730215456775838,38.20424484952115,169.14247793664944,126.15938946116702
P007,2026-01-01T10:43:30Z,1051,79.08104302316436,97.56850077953113,17.86526734721271,,130.69566702236312,78.93504884085652
P008,2026-01-01T10:43:30Z,1052,87.80415835291251,96.48802960378795,14.807223102908747,37.03909491676743,137.68335000250207,71.36177221542744
P009,2026-01-01T10:43:30Z,1053,72.46288059840674,97.34502001660638,15.10433067581009,36.792658562965045,107.04855287504179,77.85338259080207
P010,2026-01-01T10:43:30Z,1054,72.23244668195909,96.76236265617474,13.058979052125757,36.8198763329705,123.31398882707738,88.2925265867954
P011,2026-01-01T10:43:30Z,1055,79.25190505003357,97.03698709567303,17.4340008694312,36.4208225931883,136.4376390813149,71.32509931065773
P012,2026-01-01T10:43:30Z,1056,123.49029451937074,90.82839532601075,31.927821089090823,38.765910773388356,188.99143934835627,102.8367528854023
P001,2026-01-01T10:44:00Z,1057,85.30666229264956,97.13843555119229,17.7749004783436,36.08963931596113,145.96097166642707,78.1168599884577
P002,2026-01-01T10:44:00Z,1058,79.17845694435893,99.0273270969028,17.6411431960298,37.23677945542637,118.60330971697935,78.62799219330347
P003,2026-01-01T10:44:00Z,1059,74.05056640121559,95.74528962013882,14.230005497068653,37.146320843442155,,78.30502705273557
P004,2026-01-01T10:44:00Z,1060,85.472270627836,96.95526682478517,17.10168040089622,37.16344557357714,120.23035071464696,84.89044648492404
P005,2026-01-01T10:44:00Z,1061,80.6097969319506,98.40634859972405,15.359924490916578,37.153342410889124,134.84276747297926,71.47584813765677
P006,2026-01-01T10:44:00Z,1062,115.38678774439919,94.93201538673026,33.012312273790194,37.88027623164969,172.78033622239167,
P007,2026-01-01T10:44:00Z,1063,83.11248436253904,95.24972474149929,15.84739298369872,37.088577262615075,137.247660482816,79.66459960337191
P008,2026-01-01T10:44:00Z,1064,95.90845094462296,94.07126511630881,22.122033932533945,37.151495964188086,133.57667039921606,89.54167432164371
P009,2026-01-01T10:44:00Z,1065,78.31421491581139,96.81009500527178,14.213421230783492,36.833013877677516,104.40249502036554,75.50853318564728
P010,2026-01-01T10:44:00Z,1066,78.13064483989508,97.2658990894203,14.598049823824844,36.93769604221213,121.54391638190368,71.16321466110712
P011,2026-01-01T10:44:00Z,1067,70.30607297084005,96.9738705330357,18.99513227217427,36.94897548796146,119.52170771300806,87.26482800723988
P012,2026-01-01T10:44:00Z,1068,115.0109888699558,86.72301605203158,36.10690927355453,38.75931328390263,171.49949403140218,97.84308659576772
P001,2026-01-01T10:44:30Z,1069,73.51966156980164,95.79072979327094,21.231784930752447,36.99141905946068,132.14016713001615,80.41910075571664
P002,2026-01-01T10:44:30Z,1070,76.14635841917703,97.10774396017858,13.995129057359176,36.51587609611591,116.77629774323172,78.77958677397
P003,2026-01-01T10:44:30Z,1071,81.88112977414332,96.379883270017,15.783515677681274,37.69105353915199,150.30788757165294,81.37876541494181
P004,2026-01-01T10:44:30Z,1072,74.31304523556425,96.42630976847639,14.203082280845127,37.24200663361298,,75.08713088187834
P005,2026-01-01T10:44:30Z,1073,87.7499576368691,97.16765435823483,15.964856478936667,36.72538599536637,119.43857041263378,69.08205014519928
P006,2026-01-01T10:44:30Z,1074,138.84819888139043,87.69688044569595,21.51834630177833,39.24188944903273,184.62611878686516,93.8455409975969
P007,2026-01-01T10:44:30Z,1075,78.42342812770318,96.93172251626486,17.33191781017688,,117.32395800466159,75.95464041561668
P008,2026-01-01T10:44:30Z,1076,,96.08063578379365,16.552499255143676,37.23850123641279,132.59432917735379,95.43394636533944
P009,2026-01-01T10:44:30Z,1077,72.9683956977306,97.84971250548406,14.812089704504224,36.900807247924405,128.0838633291856,84.67800123627906
P010,2026-01-01T10:44:30Z,1078,84.84404638073406,97.13101237213787,16.318114996108186,36.737242836022695,117.9256776863073,73.27742483430423
P011,2026-01-01T10:44:30Z,1079,66.72520242400385,99.92398643252557,18.95634688884662,37.302054770067365,115.92853873711795,78.05705840257872
P012,2026-01-01T10:44:30Z,1080,114.2222073981103,90.14807097826048,25.00160011684432,38.639793122416364,170.62586425890737,105.51837496659718
P001,2026-01-01T10:45:00Z,1081,88.27631730211034,94.41866112701527,18.557433110310644,37.399620924684186,107.4209285429652,78.35593229904647
P002,2026-01-01T10:45:00Z,1082,71.85950940039535,97.15227080002923,14.924914462874101,36.90094731682155,116.89447843480089,76.65877055067314
P003,2026-01-01T10:45:00Z,1083,83.69483677365137,96.99247400643503,,37.532821105461316,124.39874925574048,87.49100570358928
P004,2026-01-01T10:45:00Z,1084,72.1523977360009,97.15522126716465,14.479797117841505,36.584342339602095,102.84752777631763,68.70442345302774
P005,2026-01-01T10:45:00Z,1085,76.02801337345629,98.9029653902714,19.115273488033477,36.98227159580927,111.66198470685485,72.25700792850509
P006,2026-01-01T10:45:00Z,1086,106.25711750962054,88.6140113207208,28.620380998411456,38.1685996964118,,95.57636178731157
P007,2026-01-01T10:45:00Z,1087,78.36361247504692,96.0770955761404,16.499445621408025,37.09103941517567,132.17056105304314,77.41280940046742
P008,2026-01-01T10:45:00Z,1088,93.58245901300884,96.2376353558436,19.400043939966288,37.37877722410211,119.83634923966372,73.84949010674531
P009,2026-01-01T10:45:00Z,1089,73.6865967881485,98.2504236308504,15.65805742193413,36.65125690915015,116.08841100076162,59.83186462159072
P010,2026-01-01T10:45:00Z,1090,83.14029507159852,97.75556467259541,13.405121937121137,36.710828282528034,121.73744891301095,70.82323360705946
P011,2026-01-01T10:45:00Z,1091,76.34741145896163,,15.825558629005615,36.83646550990976,116.05596637453236,59.89325727470637
P012,2026-01-01T10:45:00Z,1092,108.77902478213161,89.68124703983499,24.200617499693305,38.0515826569547,180.84442734848395,100.39006731209948
P001,2026-01-01T10:45:30Z,1093,84.18310999404417,95.15564624898236,20.034514814471205,,132.24753192672534,69.02628946011811
P002,2026-01-01T10:45:30Z,1094,83.13420165304113,97.5321478584059,,36.627377003194134,112.24171474171617,79.20093453053116
P003,2026-01-01T10:45:30Z,1095,83.87435650214258,95.61515714654418,16.68176199939775,37.24191836896536,144.35055609717088,81.2897855921548
P004,2026-01-01T10:45:30Z,1096,79.27766341938386,97.91317153999069,16.250112382223783,37.16301197321276,116.93001670716764,
P005,2026-01-01T10:45:30Z,1097,77.80306286095073,96.00343590316366,16.94916850587904,36.525354382295454,118.14873531881513,78.23856575565779
P006,2026-01-01T10:45:30Z,1098,145.45569249681634,88.25914658867266,22.900470492534886,38.107829116893114,181.06612650577623,98.31763515253391
P007,2026-01-01T10:45:30Z,1099,99.406768436464,93.99280900848014,15.850958145153811,37.037917498388616,152.56040881468934,92.8610172907155
P008,2026-01-01T10:45:30Z,1100,80.92904680289577,95.92870220242727,19.83180030064191,36.54526520908811,,72.59689789928956
P009,2026-01-01T10:45:30Z,1101,78.22410605794694,96.41824691323181,17.363171738078854,36.838140293352716,117.64702794075893,
P010,2026-01-01T10:45:30Z,1102,77.70255402611483,96.65490550461608,18.56154663228634,36.72277207300621,134.58072180719782,71.70443649282728
P011,2026-01-01T10:45:30Z,1103,74.38515730457189,97.43133856766461,19.810298544097634,36.445823034977316,107.26024970136616,73.22695093674355
P012,2026-01-01T10:45:30Z,1104,122.36860284997331,91.49009245733652,28.886163793902032,38.369964972686404,148.97551912131593,96.87570956676227
P001,2026-01-01T10:46:00Z,1105,94.09593951087778,96.27278424253431,15.642759476047372,36.49367221573948,135.3071205392362,74.21638848365811
P002,2026-01-01T10:46:00Z,1106,63.421723378537266,96.43171315968567,13.439638988499153,37.057041826544115,125.71993961136948,61.81264873235625
P003,2026-01-01T10:46:00Z,1107,75.29574674581058,96.02953301133141,18.04690029475448,37.34533908211653,135.41149916725007,80.90102993414268
P004,2026-01-01T10:46:00Z,1108,68.41329191030243,98.81171647974995,17.421004827327284,36.81360093270026,113.58092168631819,84.46292046259349
P005,2026-01-01T10:46:00Z,1109,71.5907889590409,97.21695274069204,17.60949866034113,37.098623141008744,131.90685650292096,75.07516731119061
P006,2026-01-01T10:46:00Z,1110,119.01460259697338,86.76577706827308,26.087573827571433,38.67246612603835,163.5618640180302,116.15462354814815
P007,2026-01-01T10:46:00Z,1111,83.505350660387,96.48313845721842,17.138357537958402,36.77922868239792,119.11613697092864,76.4744649838718
P008,2026-01-01T10:46:00Z,1112,80.29599539093027,97.13237755421109,14.73879973077527,37.53995627124074,127.65152426250557,79.9639135377379
P009,2026-01-01T10:46:00Z,1113,66.70931088565415,96.38184122024599,15.23033336499137,36.796349633201295,120.83996382581512,84.19563807631127
P010,2026-01-01T10:46:00Z,1114,81.1647188190954,97.38640208710335,19.1584084200736,37.2128148341798,131.54914963903084,75.52877034783782
P011,2026-01-01T10:46:00Z,1115,83.82755504475983,96.63266911792756,12.323731063089449,37.20221092586808,110.49295790195603,76.8253472062561
P012,2026-01-01T10:46:00Z,1116,121.53092268721188,85.18779006588977,32.467481944584904,37.89871758809089,160.14984225741117,90.13013184875895
P001,2026-01-01T10:46:30Z,1117,81.84617649018168,97.50114054846713,20.209677208211165,36.73393018709461,120.32533114446434,83.6485287307906
P002,2026-01-01T10:46:30Z,1118,69.20845329612567,96.72383096868293,14.907078770942752,36.947963016390695,120.16420791788758,71.1270665197093
P003,2026-01-01T10:46:30Z,1119,84.069196504426,99.08370667798113,20.873917801867858,37.03155704216406,122.05541078188637,60.30192421755903
P004,2026-01-01T10:46:30Z,1120,75.46395559802491,97.82243281584655,16.172886276736367,37.19002764963494,125.32617626353023,82.97277228096408
P005,2026-01-01T10:46:30Z,1121,75.01458530567874,96.64957794250064,12.090062911484393,37.15906912922195,117.0482848232497,95.75000801614893
P006,2026-01-01T10:46:30Z,1122,,90.34356196321505,29.85585005772031,38.898169250297066,164.76937284733492,91.42553919624486
P007,2026-01-01T10:46:30Z,1123,80.4502052651577,95.66328438379885,22.762736333733546,37.20954142116208,139.20899776446058,79.50029286856547
P008,2026-01-01T10:46:30Z,1124,90.23749853135716,97.15678573016956,21.90297376946291,37.737285810283936,105.30788346715954,71.96965607349608
P009,2026-01-01T10:46:30Z,1125,67.08807371196126,96.06702288362932,16.002592413062214,37.25962378084634,121.77142337074024,73.2500417617078
P010,2026-01-01T10:46:30Z,1126,70.23271467727689,96.98503613742527,13.582516590478686,36.95571241126429,119.78197034073708,91.33195373510716
P011,2026-01-01T10:46:30Z,1127,76.578948895347,98.44601659633786,11.644624763809322,36.647329976159185,135.2755044250785,83.4721579995831
P012,2026-01-01T10:46:30Z,1128,149.55084541469472,88.93196772093653,19.32530835122011,38.79063599896688,154.9219595801484,112.48495746536567
P001,2026-01-01T10:47:00Z,1129,86.47258420201523,95.58788408467287,17.122334823715196,37.14785375989257,116.15121557558872,64.72064262996122
P002,2026-01-01T10:47:00Z,1130,66.10933331343219,97.58371965670736,15.555383669879854,36.82247986335956,110.15688394738392,74.06490546696864
P003,2026-01-01T10:47:00Z,1131,77.55765237320315,95.90777286295278,16.017115703323046,36.76588152603318,128.64227512645834,97.36212171913296
P004,2026-01-01T10:47:00Z,1132,84.15877486782847,96.81539278077467,15.395164360308756,37.412963559565995,127.69455292650103,64.68466907193503
P005,2026-01-01T10:47:00Z,1133,77.26376636350965,97.5271162378183,17.151057703826616,37.348789787946515,125.72500090652869,78.13739076284679
P006,2026-01-01T10:47:00Z,1134,118.22222098327993,93.26337582931404,24.378313189892488,,163.23800280219197,88.67622746875148
P007,2026-01-01T10:47:00Z,1135,90.48510469799675,97.92826663851568,18.550744993503624,37.122493426101755,135.61416530880484,76.30767485355368
P008,2026-01-01T10:47:00Z,1136,85.40066128621635,,15.836408106963386,37.017204624704725,119.45909034004208,74.53873588540705
P009,2026-01-01T10:47:00Z,1137,81.66647383886223,96.38893291445127,18.44822178383912,36.99808152377888,120.59190227367279,80.14848026687588
P010,2026-01-01T10:47:00Z,1138,73.7580683296796,,16.96335012455144,36.795700736653195,131.206893719696,79.22904997101942
P011,2026-01-01T10:47:00Z,1139,80.36038646394704,96.6760658942781,15.059928836547357,36.744919010352845,122.5644972445615,70.49544249204513
P012,2026-01-01T10:47:00Z,1140,133.59391536064587,88.44663587700492,32.59734405677255,38.371891073943395,131.8916546679643,101.28079430304147
P001,2026-01-01T10:47:30Z,1141,101.31181393072998,95.39159845217662,20.485443471778538,37.40417803276863,120.23939832832137,77.40391812856629
P002,2026-01-01T10:47:30Z,1142,79.9359919309726,97.45856715967432,15.872179954717692,37.00826755891772,118.31704063588175,74.44858497669915
P003,2026-01-01T10:47:30Z,1143,79.89708705327914,96.04784644095714,20.22270965399497,36.44800400963583,125.33021568364934,76.36166304322983
P004,2026-01-01T10:47:30Z,1144,76.24855006031166,97.33308353231413,19.671777995060438,36.95180219309523,117.36996345530865,66.54600546833365
P005,2026-01-01T10:47:30Z,1145,70.51306437918743,97.75137945182168,18.738788993756025,36.56784972067604,124.19344277337031,66.56997205107709
P006,2026-01-01T10:47:30Z,1146,108.2067943028134,88.57939202016779,27.129792639024476,38.207434263622666,192.80710194168535,99.61172964196165
P007,2026-01-01T10:47:30Z,1147,90.63264956744182,96.67211698346122,20.415508190316864,37.10534225455751,125.88005149389602,86.92500251999796
P008,2026-01-01T10:47:30Z,1148,80.16732209704958,94.69122928250455,20.014493080249785,36.67899266344736,122.42315238814683,77.14081454803058
P009,2026-01-01T10:47:30Z,1149,75.79935932278273,95.67333493865354,15.536518226708742,36.89401330664035,124.574083098375,73.57466912867514
P010,2026-01-01T10:47:30Z,1150,82.29073933338643,96.26257172725794,14.622340615632398,36.69557330823562,123.65954363829759,76.95598901348664
P011,2026-01-01T10:47:30Z,1151,78.07887660181137,98.44208342539166,15.633625802868865,36.74133719125623,130.3180833735553,72.09466873878694
P012,2026-01-01T10:47:30Z,1152,117.85995384004998,90.95306517363755,33.48989392337868,38.64676464197161,179.26902164765838,105.5906638509597
P001,2026-01-01T10:48:00Z,1153,76.16791050326849,96.37439803418275,23.332277653213325,37.677478403302324,122.36015638252107,75.41613469270723
P002,2026-01-01T10:48:00Z,1154,74.9254542347958,97.23339732242526,16.497886028521318,37.25961870158298,130.80013667191417,73.50154355587622
P003,2026-01-01T10:48:00Z,1155,95.91328099291367,93.9455479275003,17.939845515849832,37.12035164910662,131.16509018940752,73.66092529824249
P004,2026-01-01T10:48:00Z,1156,71.59446605934126,97.50815963815583,18.127623353251014,37.20471605609377,110.01581278660687,73.71988531379101
P005,2026-01-01T10:48:00Z,1157,80.08152402581642,96.43827972164868,14.935903726131189,36.96465035994059,133.36080181365452,76.56909550728943
P006,2026-01-01T10:48:00Z,1158,119.02320478292094,85.19932044012546,19.472333456076015,39.22595260591798,166.0928149996739,103.85785310687956
P007,2026-01-01T10:48:00Z,1159,84.33017452877124,95.85536527190673,22.629897550445797,,141.64783900719235,83.06996321929435
P008,2026-01-01T10:48:00Z,1160,91.41374324807713,91.3346347900564,19.100441564346028,37.21424101757449,127.61650420505966,84.66845743780875
P009,2026-01-01T10:48:00Z,1161,78.96223140224119,98.2415531767442,18.04337557387098,36.86616838393611,130.91279342740967,79.04431344025227
P010,2026-01-01T10:48:00Z,1162,71.82251602332829,98.89396226430571,16.505612130590574,36.661861360473864,119.60154759002376,73.71641124800645
P011,2026-01-01T10:48:00Z,1163,66.05038742173602,97.47986080693462,17.063841102239067,37.119065028588366,126.96056943434715,87.43630065442194
P012,2026-01-01T10:48:00Z,1164,124.05078915856386,88.33305298018742,29.462531561202162,38.464878962300816,155.28468931220226,97.1139822613406
P001,2026-01-01T10:48:30Z,1165,90.8898905211844,94.88409252131792,15.179923942169616,37.24912016190642,132.50967308491275,74.37028354141611
P002,2026-01-01T10:48:30Z,1166,82.45667360030815,96.42801350598442,17.95214536394428,36.611617204213,121.38361218835884,73.13930642074897
P003,2026-01-01T10:48:30Z,1167,71.69306842107704,95.64368913354616,16.680558370019938,37.680696960279,130.1002366463968,65.80841781246752
P004,2026-01-01T10:48:30Z,1168,80.29832944510032,96.18342921681123,16.915337955900707,37.011755399061066,119.52869366239912,80.3860677902743
P005,2026-01-01T10:48:30Z,1169,79.607295105949,97.10107261433122,17.782665132526088,36.919574138393955,111.66852845790851,82.92129692929956
P006,2026-01-01T10:48:30Z,1170,124.146472169534,88.6249525917684,24.83947117005731,39.26908978502316,167.866956544193,
P007,2026-01-01T10:48:30Z,1171,90.73500687738837,96.41267778327195,9.409373208913589,37.447021754189265,138.30899070253315,78.3164446439158
P008,2026-01-01T10:48:30Z,1172,81.97390047726208,94.99697421737346,18.780318002455743,,141.78766059047527,85.49064950319341
P009,2026-01-01T10:48:30Z,1173,84.74510398866482,98.91479087770935,16.211720306342283,37.06272382235724,130.89104492853602,78.32975069803476
P010,2026-01-01T10:48:30Z,1174,72.73508852368845,96.4225112625407,18.769781001205207,37.008506314601654,134.69376171754703,77.63910389531065
P011,2026-01-01T10:48:30Z,1175,80.56749247808116,98.09114508009479,17.33308978634201,36.86153695904909,135.96773580569285,83.35385092637728
P012,2026-01-01T10:48:30Z,1176,104.2102985495869,86.02065902076664,22.45240923901723,38.545949955740056,160.33356117103762,89.07896434534285
P001,2026-01-01T10:49:00Z,1177,86.34098571623295,95.13904337436053,19.65847761003434,37.14825602316216,125.48362220840352,74.41879215174131
P002,2026-01-01T10:49:00Z,1178,78.54576954737416,96.92439267107468,13.92507403630658,36.72903196744406,115.70145203514265,62.63455909240916
P003,2026-01-01T10:49:00Z,1179,85.1205173485703,97.50799071577698,17.738876798943217,36.524803665812996,123.57165411745633,89.40483396488185
P004,2026-01-01T10:49:00Z,1180,69.78398791051839,96.79306399583837,17.272300319692157,37.287159433565876,118.52448645170786,
P005,2026-01-01T10:49:00Z,1181,74.91009322825857,98.1632193543334,20.456919001411755,36.95389594551216,121.94084976825775,79.53516819414041
P006,2026-01-01T10:49:00Z,1182,106.3593203383075,89.27352977993051,27.829473761897642,39.080209073055315,176.64165730104787,101.01696302434114
P007,2026-01-01T10:49:00Z,1183,90.12355247349589,95.16583772708807,24.240175297053725,37.41207463305381,115.72266056512989,81.7466053165549
P008,2026-01-01T10:49:00Z,1184,73.00042133041117,96.61920169632072,17.485293624549595,36.901476863638315,122.68294637945213,70.15430331008977
P009,2026-01-01T10:49:00Z,1185,64.06336945165643,97.53068326128104,16.157985935216804,36.744783762694986,112.66340805079838,78.07657487192115
P010,2026-01-01T10:49:00Z,1186,76.29197367034647,97.2406734790704,18.592727594622044,36.63058263655784,122.20978683249463,85.13826001589763
P011,2026-01-01T10:49:00Z,1187,72.49556116548243,97.51451120021686,14.1046517233933,36.80063961678112,113.53153646306332,69.52035849261297
P012,2026-01-01T10:49:00Z,1188,124.41870534163455,90.60462425765947,27.0580288982261,38.450716393839464,166.86232088738728,98.25041670128297
P001,2026-01-01T10:49:30Z,1189,86.46015572295781,93.88972255475755,13.703890849077586,37.60487641236889,122.03718749529243,70.06315563082737
P002,2026-01-01T10:49:30Z,1190,84.54628097932795,97.55837092016009,15.332498277523767,36.743591483495514,135.18410332167713,81.54918027317235
P003,2026-01-01T10:49:30Z,1191,79.13347762081725,96.44137103700267,14.759014590373548,37.34768950673647,131.60534521917202,79.05184030044875
P004,2026-01-01T10:49:30Z,1192,72.44168624654165,97.03532386461559,14.895988694371965,37.35753573296468,124.84828142774786,78.0876014012833
P005,2026-01-01T10:49:30Z,1193,60.97931434518665,97.05800631261212,16.25103924109524,36.79812115326565,123.44327299120825,67.14187198254594
P006,2026-01-01T10:49:30Z,1194,115.08850992962383,92.80737836750286,26.239884018675642,38.546248577334566,176.74923317103526,102.19175902029517
P007,2026-01-01T10:49:30Z,1195,89.63894619662163,95.558744856145,21.140632198390033,36.78099877179875,143.95912349956356,83.77928058161892
P008,2026-01-01T10:49:30Z,1196,89.80876555666907,96.58471398257603,15.249086520577304,36.77366624541955,131.16603171291868,82.87730988827043
P009,2026-01-01T10:49:30Z,1197,74.00887353355505,98.3305417443586,17.969045945989773,,128.10115004800292,82.93785135806729
P010,2026-01-01T10:49:30Z,1198,74.2684320298837,96.56400214885781,13.053798854728694,37.10278558828471,125.11767314182102,69.96380054224473
P011,2026-01-01T10:49:30Z,1199,66.79622792638827,96.9906028562508,15.347845628483546,36.86301470453196,124.27445859060067,87.59142370686844
P012,2026-01-01T10:49:30Z,1200,113.32278604627415,91.33884273370067,30.794546081938027,38.3817554543478,159.96351094537357,94.46556933180952
P001,2026-01-01T10:50:00Z,1201,84.04140772077203,95.17908461288648,16.854461631033494,37.68724412039881,126.00341279686339,77.9826112815147
P002,2026-01-01T10:50:00Z,1202,86.76553362045257,98.5147322046869,14.398874134510326,36.56327203869081,,69.44482027301227
P003,2026-01-01T10:50:00Z,1203,81.02899030919487,96.27651009181089,20.814980222428364,36.95538339220804,114.3708700039754,70.28902582584695
P004,2026-01-01T10:50:00Z,1204,93.2077752061102,97.67423071668375,16.27358351216459,36.98359192809414,109.11794946590807,73.23076805422173
P005,2026-01-01T10:50:00Z,1205,88.29487621508022,97.03055936163064,13.620896431733975,36.88241929091697,124.37904621540201,70.31672053447578
P006,2026-01-01T10:50:00Z,1206,116.39397719076958,89.1837159050258,23.861785952970827,39.56985007551381,176.09191293631608,85.86500394946401
P007,2026-01-01T10:50:00Z,1207,81.82524137093073,94.45298861672725,18.957543145625323,37.08134114157904,125.66860590469952,91.82635588736987
P008,2026-01-01T10:50:00Z,1208,89.35557705029225,95.35317192354948,20.130908558480968,37.454851111803436,120.40541048849656,75.59089843072675
P009,2026-01-01T10:50:00Z,1209,75.57745858322146,97.74547016283691,11.906693844406618,36.715406707910475,124.59038907486999,84.6921930113547
P010,2026-01-01T10:50:00Z,1210,73.30818668286182,,13.782547731415422,,128.61902132244552,76.11931806323338
P011,2026-01-01T10:50:00Z,1211,78.39577883761352,98.10707168744057,17.51866346253488,37.55396679248459,132.0347483204589,73.65552262875107
P012,2026-01-01T10:50:00Z,1212,117.20773953839512,86.08138951285288,21.6694323363609,39.65592296774029,169.552250542581,94.58337747360102
P001,2026-01-01T10:50:30Z,1213,81.92249971569551,94.57741483996058,16.254161391733636,37.25204338974392,105.53124140321529,79.89328090157288
P002,2026-01-01T10:50:30Z,1214,68.86992354329432,97.6672661230675,17.19052702288346,36.58030597966305,113.65471719856616,78.81895196403435
P003,2026-01-01T10:50:30Z,1215,82.12100022669601,95.75731155501042,19.29247384886364,37.39436309097241,128.70302382020634,80.10023778303503
P004,2026-01-01T10:50:30Z,1216,82.76431831560396,97.32986473204622,14.845661972353733,36.82705786392369,,84.34397425791516
P005,2026-01-01T10:50:30Z,1217,63.21956413744888,95.92836579300594,14.51470932096142,36.632110085395844,124.60424562154459,82.86896245183992
P006,2026-01-01T10:50:30Z,1218,131.10623594601302,88.73295158058079,27.46749120095345,37.77257844249604,152.40130607104942,111.86357046327825
P007,2026-01-01T10:50:30Z,1219,93.24442397868927,95.7941710741478,,36.9263365236814,129.79512375608715,75.80767418001494
P008,2026-01-01T10:50:30Z,1220,78.0383172518838,96.23342377037905,14.055408933845303,37.394087547101556,116.65068641027695,80.84908081494137
P009,2026-01-01T10:50:30Z,1221,74.74721076146247,97.5109527445413,18.437287178037913,37.171487984575215,126.77893950366112,76.03239100327363
P010,2026-01-01T10:50:30Z,1222,80.97820369438094,96.36347248014374,17.635206812043496,37.063707102936306,117.09417340070797,87.3831558831076
P011,2026-01-01T10:50:30Z,1223,73.43072989952176,96.33175149128274,12.86186651232323,37.62463384854311,113.68956313254341,70.41846862799444
P012,2026-01-01T10:50:30Z,1224,118.21968007517656,87.52656483355999,26.783007667208363,38.21909430872017,156.876649526616,96.5038967620911
P001,2026-01-01T10:51:00Z,1225,98.52451318802682,94.69175375556414,17.7219390257399,37.18605214480118,127.17993608550336,77.34253088046357
P002,2026-01-01T10:51:00Z,1226,83.98626380073,99.29232356363633,18.434682562814384,36.69916596704174,129.62580837625245,82.26261107390758
P003,2026-01-01T10:51:00Z,1227,81.93427334780196,96.50036256502906,14.59915453479644,37.43262926854457,130.6416546670471,81.61535017240332
P004,2026-01-01T10:51:00Z,1228,76.3828425544825,96.68944818046057,19.741805590894444,36.80769337036831,107.5533966751185,73.5549377614269
P005,2026-01-01T10:51:00Z,1229,79.503005848772,96.39611099532206,17.76986652392823,37.31736985091962,,80.53510521778755
P006,2026-01-01T10:51:00Z,1230,112.95495141984895,87.70701076304735,29.267940722929207,,179.05511248359917,105.33812290300399
P007,2026-01-01T10:51:00Z,1231,89.2937084031261,96.06751655620035,14.720869451239013,37.23200290700553,119.68491973919241,91.96365327596143
P008,2026-01-01T10:51:00Z,1232,83.01266859347894,96.83845986021784,16.468824753469743,37.240938434670625,139.3992815588165,82.87469634697992
P009,2026-01-01T10:51:00Z,1233,,95.89224762328529,18.70163733408382,36.57011991363603,120.20512988012325,74.28287613787741
P010,2026-01-01T10:51:00Z,1234,88.79813061969526,95.48581609304645,12.829730184155412,37.42592545431493,126.26637500701746,80.04831649833645
P011,2026-01-01T10:51:00Z,1235,80.90914543043675,97.7946103903844,18.85686229347966,37.42927232307035,124.97428471678936,70.6347058942069
P012,2026-01-01T10:51:00Z,1236,120.93351519121559,89.62913128078989,24.145097984428205,38.51296251731267,154.2265102822302,100.20835570820282
P001,2026-01-01T10:51:30Z,1237,82.59334362479295,95.3878415597667,15.778519193191118,37.835816833980275,129.0077937752604,68.41074199562968
P002,2026-01-01T10:51:30Z,1238,85.1299479822817,97.13550235028686,12.64255117064274,37.01524017775334,123.26933107016197,75.30662719870001
P003,2026-01-01T10:51:30Z,1239,85.80423760104942,95.35042640388612,17.63125994713139,37.565219131898765,143.99799184601022,72.02035608568175
P004,2026-01-01T10:51:30Z,1240,76.3518178126421,98.13997497498816,17.576557361642575,36.52081078723057,126.94976560964459,84.03417954701574
P005,2026-01-01T10:51:30Z,1241,74.0449600187416,97.339052924215,14.882728421894658,36.90080313825297,106.25060617516895,86.09653018111173
P006,2026-01-01T10:51:30Z,1242,128.36377601517526,90.39397647185277,27.680533245187362,38.472892891371096,159.1600176193864,105.7884782151468
P007,2026-01-01T10:51:30Z,1243,95.0791641801957,,16.151799187416188,37.9247638757547,127.53311526468048,78.98256174172546
P008,2026-01-01T10:51:30Z,1244,87.37143440680377,98.6483458908995,15.58827325460205,37.69971273564779,108.60766341263891,82.03152833532006
P009,2026-01-01T10:51:30Z,1245,76.69617038372122,98.24732492096342,16.590700793242107,37.24996206038831,108.6964081523861,75.40218356574755
P010,2026-01-01T10:51:30Z,1246,78.92168656298085,97.20555242880081,14.95417532994278,36.73293944242587,112.37182880173972,75.62551052364681
P011,2026-01-01T10:51:30Z,1247,70.43887381177723,96.59588777001224,14.50283425941668,37.19430597805791,130.73529620164732,91.27127784165987
P012,2026-01-01T10:51:30Z,1248,117.29290452805287,88.19993809012779,24.80431902608892,37.419980740668485,165.98660263083872,95.61117605291916
P001,2026-01-01T10:52:00Z,1249,83.14016156342211,94.47173468701492,20.042513175080106,37.22557748436794,131.38034950048498,84.1132326577119
P002,2026-01-01T10:52:00Z,1250,83.5478406323077,98.22483072277555,14.870882327136009,36.45337168636972,110.14506374362922,76.12964392226934
P003,2026-01-01T10:52:00Z,1251,74.62298211147103,97.20123194759235,17.80461397164255,38.02769710115386,115.59071901594984,91.72906320277436
P004,2026-01-01T10:52:00Z,1252,70.54107144856268,97.19945464520264,16.04139196849272,36.41929341991765,,76.44289885702163
P005,2026-01-01T10:52:00Z,1253,80.82919809124643,97.4044979433889,17.408566040799005,36.897056753458365,124.08127299595301,76.55216590390037
P006,2026-01-01T10:52:00Z,1254,118.36532708412439,88.37600557731838,25.04405420676024,38.98245027763413,176.5930638956744,118.05471154110671
P007,2026-01-01T10:52:00Z,1255,85.90891063644406,95.15420115749323,16.270782891659394,36.990314392125576,136.52588591110379,74.0697672250758
P008,2026-01-01T10:52:00Z,1256,70.73636075128054,97.15413130251719,16.63977690051964,,118.17200385578374,83.19794221896848
P009,2026-01-01T10:52:00Z,1257,77.87729864557966,96.25599188433193,13.967363419742494,36.90458471374465,130.38795854004638,71.09406054757817
P010,2026-01-01T10:52:00Z,1258,71.60864226432312,98.05732522617143,16.43291408690727,36.66262775452258,130.6831391272834,84.07377439901508
P011,2026-01-01T10:52:00Z,1259,86.20125453205503,96.98764063514376,16.712208984861615,37.255740612854794,139.6000475471092,87.3418880129442
P012,2026-01-01T10:52:00Z,1260,137.5525020736316,86.70495368923079,26.431599930329966,38.225222931905186,162.26820178251361,99.97110885599955
P001,2026-01-01T10:52:30Z,1261,84.9664708043065,94.59174731336537,15.15974852435017,36.837193403821765,116.2903059872424,76.74354378993048
P002,2026-01-01T10:52:30Z,1262,,98.14562705105928,13.695259647990383,36.885190017469554,116.81698084673062,70.64372341268637
P003,2026-01-01T10:52:30Z,1263,78.14548369459969,95.34752038604499,17.173542397672126,37.08339124472227,110.43084095226294,76.24337651945119
P004,2026-01-01T10:52:30Z,1264,66.87324232368981,97.99960461563899,16.731601466187392,36.916699621052835,132.12336223675257,76.02390564458031
P005,2026-01-01T10:52:30Z,1265,75.53112998913537,97.73512965786419,17.560807194976764,36.731308627333036,125.77347197060233,77.96284383294038
P006,2026-01-01T10:52:30Z,1266,123.28132843918742,89.40821787574417,27.971461573441907,38.80379852771082,171.65507617129884,89.36020050845357
P007,2026-01-01T10:52:30Z,1267,84.26329961472071,97.10276378299045,19.45366788646224,37.666638268759975,130.86966676693245,71.08081878830959
P008,2026-01-01T10:52:30Z,1268,76.05440131681921,95.41732154095999,18.698929124250817,36.47671286851042,119.98165948213475,66.64815568657922
P009,2026-01-01T10:52:30Z,1269,76.80108028234727,97.97259101021683,,36.42797560397683,122.25828298171454,80.39166338081047
P010,2026-01-01T10:52:30Z,1270,70.87177298416263,97.45173666754647,16.390099960390156,36.76799647021319,127.99196839421211,84.16698953059378
P011,2026-01-01T10:52:30Z,1271,83.66298002412871,97.90499832211786,18.30597861068478,37.21551662705865,119.56460259583702,75.44634153883544
P012,2026-01-01T10:52:30Z,1272,120.91563613577019,88.45599672783723,32.341422830711416,37.830766827481504,156.8049277355579,94.01373325330313
P001,2026-01-01T10:53:00Z,1273,80.54137030078213,94.95790222721794,18.432735521382632,37.48670886415786,128.07079793967884,75.73644574157396
P002,2026-01-01T10:53:00Z,1274,77.76282136455707,97.6990536757297,19.930557889301568,37.12739031440535,136.34314096526725,73.08839777158958
P003,2026-01-01T10:53:00Z,1275,92.50000493085612,96.27755515171557,14.3482999705208,37.41823509635508,130.48930834516258,83.31860509004636
P004,2026-01-01T10:53:00Z,1276,84.38782144950423,96.08269323370291,14.657072478935179,36.63528920366335,117.91485255255496,80.4745389491932
P005,2026-01-01T10:53:00Z,1277,84.79643370925743,98.59741193811345,15.684370360564609,36.674447258006914,113.14182927667923,71.38932068055108
P006,2026-01-01T10:53:00Z,1278,110.37663700161833,90.11864896547337,28.26996886318129,38.67091158755981,170.01627614874295,107.53906123161735
P007,2026-01-01T10:53:00Z,1279,86.14050900374204,97.17314040059695,15.592944262120382,37.62874452377897,128.8798299194081,77.10692724475982
P008,2026-01-01T10:53:00Z,1280,77.07617125515416,96.7768998269744,18.094241061654774,37.4570467347963,127.5060742453628,76.58560750513536
P009,2026-01-01T10:53:00Z,1281,78.6452160786882,95.16953801314236,,37.29739670296459,136.607488148152,86.17588645804346
P010,2026-01-01T10:53:00Z,1282,76.10008707328463,97.26614563332912,16.799717659525374,37.08793202581847,115.47916309383804,71.65427763224659
P011,2026-01-01T10:53:00Z,1283,,96.01517087661435,16.852856308251994,36.92010130254014,120.0555654040222,74.25646625530256
P012,2026-01-01T10:53:00Z,1284,,84.89405286862976,28.25801347664796,38.4803550140618,145.0723985350118,94.62831304923195
P001,2026-01-01T10:53:30Z,1285,77.8745095004051,95.52001311350568,17.34857886918002,37.22070484579057,132.12437236285874,92.78869568583201
P002,2026-01-01T10:53:30Z,1286,79.73527841529437,97.01002816768843,11.888582142445031,37.06904228489174,130.0302632927712,86.64652338227597
P003,2026-01-01T10:53:30Z,1287,84.60607560133684,95.90706321845235,18.75854017062371,37.42673836189837,,75.38067305514453
P004,2026-01-01T10:53:30Z,1288,75.06940148860677,97.19193789324262,16.83687385581826,37.32333590854909,118.22211923429268,70.97032731399666
P005,2026-01-01T10:53:30Z,1289,78.4613351416509,97.74306957336579,15.465329597240292,36.70606843167308,116.68403882728418,76.02858902474627
P006,2026-01-01T10:53:30Z,1290,132.48142128681178,88.07756092945073,,38.544391438133665,167.92987381090776,97.2835389559347
P007,2026-01-01T10:53:30Z,1291,88.49281197549344,96.4343895011195,19.603701117594973,37.164778564998976,132.95800132013093,73.94600911171639
P008,2026-01-01T10:53:30Z,1292,81.90130026379427,96.02210789838571,18.059159276294377,37.26261111152699,129.44269998908538,70.94040276070943
P009,2026-01-01T10:53:30Z,1293,84.14317638551188,98.23671309533788,18.102573730348933,36.5389465097379,122.15426601175882,85.33664092489389
P010,2026-01-01T10:53:30Z,1294,73.8932455730496,94.99726453363104,13.829749710417666,37.667553549931334,118.57963300247103,69.43327699212125
P011,2026-01-01T10:53:30Z,1295,91.59416886874332,97.65326134802459,15.708988405035065,36.812112524810615,117.01760015075573,73.43451912115489
P012,2026-01-01T10:53:30Z,1296,114.97211132090396,88.20502047969998,31.094350579966825,38.21141670541385,173.85384810983265,95.98905165191167
P001,2026-01-01T10:54:00Z,1297,84.93382154767018,96.747629769219,17.836430036488537,37.004931715501826,146.3406234292982,84.82531568048579
P002,2026-01-01T10:54:00Z,1298,,97.14897976731231,18.40737373368599,37.27780154286359,126.78699307281619,86.24831394297377
P003,2026-01-01T10:54:00Z,1299,97.5748968094666,95.20236505768142,,37.09492133317246,124.7012614075981,66.77859569609545
P004,2026-01-01T10:54:00Z,1300,71.28762378435881,96.17763426830184,16.388686928963413,,116.83256813522264,79.03073769119773
P005,2026-01-01T10:54:00Z,1301,,96.91382960885666,18.35157205015051,37.49192836084161,113.06218100622121,73.5671284811601
P006,2026-01-01T10:54:00Z,1302,135.98000929335416,87.23550771911765,28.210271724403697,39.39542536055093,169.55453029222957,99.32258056620731
P007,2026-01-01T10:54:00Z,1303,76.78034863134427,94.15928589015847,18.108926427009152,,121.13985267426499,72.94743976801834
P008,2026-01-01T10:54:00Z,1304,83.60396485466055,97.39890895329418,20.445573345541113,37.31889524461416,122.34425198759787,83.8917053440063
P009,2026-01-01T10:54:00Z,1305,68.7506708321011,96.58847481424733,15.656601937322566,36.52487665484821,119.78317648775992,88.60377142893213
P010,2026-01-01T10:54:00Z,1306,76.45021157344905,97.54549722396662,14.069420094361307,36.94437580197274,135.22094434609056,89.74618405408341
P011,2026-01-01T10:54:00Z,1307,72.73247907644162,96.71853334055626,15.290144054828165,36.99602524163272,111.9987117167111,76.2911157918543
P012,2026-01-01T10:54:00Z,1308,129.95727174595254,89.4407425122549,30.286124130532876,39.035530292057366,202.47111069357805,112.96260363043838
P001,2026-01-01T10:54:30Z,1309,92.29315686730949,94.17002439292565,,37.12520939722613,119.54435045884938,71.91736302210992
P002,2026-01-01T10:54:30Z,1310,82.08544942441254,98.52367091893991,16.29553512496813,36.967662935631154,120.35131684433743,
P003,2026-01-01T10:54:30Z,1311,77.37370544199389,94.27825998491143,20.286639398405487,36.907575952361256,109.50859459343837,86.72101002006929
P004,2026-01-01T10:54:30Z,1312,66.61613429956243,96.63501120937883,15.94671262641359,36.75111243063486,127.78534917650317,84.53300366669008
P005,2026-01-01T10:54:30Z,1313,67.89448913816844,97.06634568453502,16.464556062508745,36.46522128456559,122.65335542391807,72.74870203043875
P006,2026-01-01T10:54:30Z,1314,112.67804377472476,87.6074906638559,33.5568392428471,37.788469764159835,182.9827374078758,116.89071633881244
P007,2026-01-01T10:54:30Z,1315,79.9565604928369,94.70155225009651,21.045852918605743,36.90179307658237,128.4863831218649,70.61859677420837
P008,2026-01-01T10:54:30Z,1316,87.51175936959599,95.68159938402519,17.431732670457038,37.44939922347298,122.61755121447118,86.56603908113387
P009,2026-01-01T10:54:30Z,1317,83.80869842331703,96.25898201189818,18.650392217307896,36.769966662614074,141.02632073392476,73.90912160810744
P010,2026-01-01T10:54:30Z,1318,82.1729066750647,,17.30965690631583,36.608567004983854,109.96413338270432,79.43259683312134
P011,2026-01-01T10:54:30Z,1319,85.01209747270136,98.89408034072602,15.267539967095932,36.399452495078044,109.54850978237793,75.22889171439773
P012,2026-01-01T10:54:30Z,1320,128.4949123561647,88.29744876161801,34.34940328416852,38.91410469821323,176.6191084248018,99.8210565233159
P001,2026-01-01T10:55:00Z,1321,84.97223414948627,95.47361797307546,15.367659579245293,37.28057145653693,126.47003681908525,87.06528749568795
P002,2026-01-01T10:55:00Z,1322,87.38854890710513,97.53440437952445,17.39991770347102,36.88911719144521,115.03050317885517,70.75094588591298
P003,2026-01-01T10:55:00Z,1323,78.48572393195086,96.27904620571971,17.560812483647886,36.7441400821878,150.19878096574382,75.21014283826219
P004,2026-01-01T10:55:00Z,1324,,96.59159373444858,19.983833708004013,36.9373860259927,115.62717604692888,76.19345206897385
P005,2026-01-01T10:55:00Z,1325,79.63995024904516,96.5971054742589,17.345562559396754,36.90951543988734,120.0403385891016,85.16486335523756
P006,2026-01-01T10:55:00Z,1326,123.49476855538651,90.29834121991847,,38.75654596733738,177.96608492824492,106.1379642040007
P007,2026-01-01T10:55:00Z,1327,81.0554408431883,95.50834120827649,18.554259356736274,37.369508244294046,130.94434467966406,78.95162175728596
P008,2026-01-01T10:55:00Z,1328,80.30611586945558,95.15005002405178,17.573323121665496,37.40451423488633,133.35323275394668,91.5771618509655
P009,2026-01-01T10:55:00Z,1329,72.06329841974146,95.87659002805658,19.052646784495508,36.525245521610195,125.94966610636038,72.71801176299982
P010,2026-01-01T10:55:00Z,1330,80.47699140095744,96.38950359633868,16.13921341748828,36.85424939213548,119.74618347406106,68.05716463260475
P011,2026-01-01T10:55:00Z,1331,57.38142429780687,96.43424141164226,15.652716269654595,36.70975381797117,125.48609308627998,86.35596389085337
P012,2026-01-01T10:55:00Z,1332,,86.76062136993336,28.85642260725755,37.85918556410616,149.7679358370719,95.9991928717491
P001,2026-01-01T10:55:30Z,1333,78.50308167125075,95.08829530140669,13.670587901870629,37.279296100494754,145.89169518997784,73.56997758589735
P002,2026-01-01T10:55:30Z,1334,78.51708573068022,,13.137708410163027,36.754566780924,113.9361723238036,
P003,2026-01-01T10:55:30Z,1335,92.98022545244262,96.36818155329112,18.756292736017723,36.99243198490882,129.67304415929252,84.71777955573238
P004,2026-01-01T10:55:30Z,1336,81.05219770824525,97.28423873175542,18.957931468730305,37.05240582493841,119.90185233923242,70.68148348175666
P005,2026-01-01T10:55:30Z,1337,58.82080052458559,98.02652592332679,17.3129653749752,36.92933370003775,110.96480092060939,77.46579786525137
P006,2026-01-01T10:55:30Z,1338,125.5807609293213,85.88874724445819,31.862271286796847,39.21278576135757,171.51664631874118,104.52645934488719
P007,2026-01-01T10:55:30Z,1339,75.39326783614233,95.21667622795717,20.866822682914915,37.103927241538045,122.10116043810085,76.37779559543486
P008,2026-01-01T10:55:30Z,1340,81.03991776996816,95.80828185017181,18.793782530327768,36.81031640268204,120.07500417916718,89.06697278623878
P009,2026-01-01T10:55:30Z,1341,69.21938800159317,97.03172456683151,14.462882731795798,36.901914197098364,123.3985936698625,79.40794839380956
P010,2026-01-01T10:55:30Z,1342,75.27212823765129,98.18278794134693,18.45367689421878,37.28630185062774,128.22042027299992,77.99619901874541
P011,2026-01-01T10:55:30Z,1343,75.29799069116822,97.79834264575817,13.244985874277111,36.549220317221526,99.71409560250757,77.19390482501024
P012,2026-01-01T10:55:30Z,1344,117.5558725541431,86.11704128354147,24.655575886734326,38.5134285154954,162.54655652839918,113.71947845741289
P001,2026-01-01T10:56:00Z,1345,93.34977218866837,,18.319610182646034,36.31220210170272,126.84388957539383,88.43877924550986
P002,2026-01-01T10:56:00Z,1346,69.26520985098331,97.76015552853319,16.576963623217218,37.082993833911914,118.2706596326191,77.65156212396448
P003,2026-01-01T10:56:00Z,1347,96.51685021171912,94.52664763824663,19.16189878050009,36.79823107656257,122.86339211522703,82.7377326758456
P004,2026-01-01T10:56:00Z,1348,75.41466723068457,97.52518014712908,16.45400040232967,37.093268377362854,124.85267961336234,80.81418396933705
P005,2026-01-01T10:56:00Z,1349,83.16234099386261,96.46121788983228,18.37288194423961,36.239237991625366,119.88415488305046,86.7241464181516
P006,2026-01-01T10:56:00Z,1350,117.13811075903872,89.1237772303458,22.440063804193553,38.80364508992009,159.1253832706339,104.64332507017987
P007,2026-01-01T10:56:00Z,1351,90.45358963773907,95.55568718494692,18.474024118371375,37.012081592107194,139.522797744288,82.84069983405234
P008,2026-01-01T10:56:00Z,1352,89.77723345879983,97.73337950659239,,37.55484173888707,129.29335892247082,83.36211844538008
P009,2026-01-01T10:56:00Z,1353,72.63623861028019,98.120439374237,12.700173516510297,37.064591421550084,116.20676024543249,82.38310583598127
P010,2026-01-01T10:56:00Z,1354,74.39752816760321,97.51071562173223,19.22698905089704,36.89721041973245,119.81740472115403,79.64180919069616
P011,2026-01-01T10:56:00Z,1355,77.55854037734393,97.32623872255427,14.612017697691252,36.923817889399096,126.63004513496954,76.41062367658031
P012,2026-01-01T10:56:00Z,1356,121.42682098519501,88.56955070068705,25.42923879344205,37.696257621741296,146.1714042503931,100.48750525231267
P001,2026-01-01T10:56:30Z,1357,89.01789773435993,96.75472127372811,21.45939869703601,37.01007482582605,140.21984055899017,67.7153017471511
P002,2026-01-01T10:56:30Z,1358,73.43978864978311,97.84211648487769,16.069110255428217,37.21880074187991,123.72350868683712,72.40913081341138
P003,2026-01-01T10:56:30Z,1359,89.95672074112255,96.16831095829326,20.179851253544438,37.44945622561399,105.05153119892648,83.58955348980615
P004,2026-01-01T10:56:30Z,1360,78.77294691825355,95.02828908550894,14.84723091719652,37.164165520018955,119.47987063651432,85.47002972279017
P005,2026-01-01T10:56:30Z,1361,71.16387072254963,96.62316713143863,16.566459554486727,37.21326404196432,126.62280460231133,82.50223344168495
P006,2026-01-01T10:56:30Z,1362,95.52034843231166,89.34193945909394,26.072561780136425,37.88150782491654,150.23544668370724,93.68034782824397
P007,2026-01-01T10:56:30Z,1363,74.6697186057526,94.06474823059938,21.57630918109169,37.32852855904683,129.94469138116693,82.43240085693213
P008,2026-01-01T10:56:30Z,1364,81.25906987942521,96.06048018420967,18.041718763421606,37.49448257027868,131.48429271651835,74.63909877600236
P009,2026-01-01T10:56:30Z,1365,65.65109657295517,97.09201366624053,15.450680230384716,37.334353566054084,120.59298113921163,81.64793266902966
P010,2026-01-01T10:56:30Z,1366,76.75945481365102,95.76946953815701,14.947929178913771,37.02142995379477,122.77150047717157,64.19753416795238
P011,2026-01-01T10:56:30Z,1367,,98.63300025084504,16.006608868167547,36.285757352185705,129.6432911417643,75.33891793215214
P012,2026-01-01T10:56:30Z,1368,106.86705757420866,91.40296418286559,26.743328378499196,38.56821399632242,,97.8813898077337
P001,2026-01-01T10:57:00Z,1369,,94.94639920510492,25.24092658006168,37.03338512626679,127.02776022713884,78.34507541566276
P002,2026-01-01T10:57:00Z,1370,77.25131263369526,97.53868077305741,18.217473352537247,36.566637021599256,144.4839008201447,74.92448921683436
P003,2026-01-01T10:57:00Z,1371,86.74371569689262,96.0391999148546,20.875611406041898,37.96155006258108,145.85570759779745,79.17938503313476
P004,2026-01-01T10:57:00Z,1372,83.5078479749323,97.01318937164473,16.522110788120177,37.25917914639889,106.66158015170032,75.32188541496686
P005,2026-01-01T10:57:00Z,1373,77.05771490314656,96.86482690086676,12.716003747126106,36.92457817653909,120.77167791415597,77.85545848681417
P006,2026-01-01T10:57:00Z,1374,128.31102536891277,89.01275464619884,26.757893346936935,38.080115925464256,159.76519094004104,108.63441802521491
P007,2026-01-01T10:57:00Z,1375,81.42026951802207,96.75486015383427,18.281758867608715,37.53139361676673,112.53290705790056,78.7145515943154
P008,2026-01-01T10:57:00Z,1376,81.3070652230895,94.55133828346004,15.746092513653903,37.27790374826979,149.03677643612767,83.73667604414341
P009,2026-01-01T10:57:00Z,1377,76.65839180683663,97.4694180513329,16.988551338566154,36.77604061410732,114.40328947361027,84.19332156332919
P010,2026-01-01T10:57:00Z,1378,77.2421207696789,96.21850787293829,15.437549535656025,37.365505413523664,110.35249384747958,73.48524237508212
P011,2026-01-01T10:57:00Z,1379,67.66668417482478,97.72360239906867,16.51826418766159,36.6922300460162,111.57087541273579,76.3765612491068
P012,2026-01-01T10:57:00Z,1380,122.05694788859896,93.1533721454948,27.76223529486978,38.57316094738149,177.08111248379183,108.2659399664722
P001,2026-01-01T10:57:30Z,1381,95.0632003487888,95.05460951304404,20.354288955465094,37.24509895588474,139.99745514620477,79.37010185022206
P002,2026-01-01T10:57:30Z,1382,75.55477485702367,96.778591999442,16.72826179374717,37.098145567208036,107.65332433426254,80.254085535137
P003,2026-01-01T10:57:30Z,1383,82.09245052253894,94.51461227838945,13.896472503919842,37.56977813419882,136.92122043173777,89.05442251579927
P004,2026-01-01T10:57:30Z,1384,86.07407468738214,96.98394234114144,14.268500556421872,36.62485533665057,115.80938649478136,91.32616077885072
P005,2026-01-01T10:57:30Z,1385,,96.59276611536255,15.10501460048577,36.914693583750996,114.60460886452437,79.71587387477632
P006,2026-01-01T10:57:30Z,1386,131.1775296088412,85.74353174237113,34.607202179126816,38.56373820410613,170.76574983468288,95.22524918782348
P007,2026-01-01T10:57:30Z,1387,85.5950915010807,95.71466832026768,16.61727978845878,36.91828928412626,124.11788289162297,84.096929985125
P008,2026-01-01T10:57:30Z,1388,82.87392913989089,95.3121080495707,15.798220322260704,36.98891203848652,130.67350555720074,72.94227250020447
P009,2026-01-01T10:57:30Z,1389,74.81357662229132,96.31118148963411,17.147861230732858,37.30534518593172,129.5751032249246,84.14767870632521
P010,2026-01-01T10:57:30Z,1390,81.3789317420433,99.57023602248543,16.192618163214593,36.813282468527525,123.59622113294404,72.50968346587919
P011,2026-01-01T10:57:30Z,1391,70.21829761149351,99.06843009056723,,36.97201348980923,107.44075863510506,74.27965565927965
P012,2026-01-01T10:57:30Z,1392,134.89996426357146,90.89075676854408,26.561801952595406,39.38183433718078,147.37262090524248,93.25472101629366
P001,2026-01-01T10:58:00Z,1393,85.84005245751362,95.77386165183523,15.517276128638928,37.28266463887412,123.42537424335765,73.99815917657568
P002,2026-01-01T10:58:00Z,1394,78.43361358077365,96.82177702278493,18.63762012024479,36.28928175170144,119.3384700141131,82.80642895240392
P003,2026-01-01T10:58:00Z,1395,77.83612201845445,93.9049569793902,14.750720528137993,36.84956858080685,142.81842903070591,78.71546227351871
P004,2026-01-01T10:58:00Z,1396,78.18654629900708,97.21517714935985,16.80024766465048,37.0171579496901,138.7139397715692,81.12132439093035
P005,2026-01-01T10:58:00Z,1397,60.97486048212225,97.40983229670191,16.543245841757795,36.83157328725384,120.15932665039313,78.5484586389689
P006,2026-01-01T10:58:00Z,1398,109.9715668018814,90.55291466688253,29.567137255729673,38.809630118266085,150.61730501294073,95.2283726349283
P007,2026-01-01T10:58:00Z,1399,77.71601812055333,94.89518902796372,17.03216017501411,37.33163567422348,130.0132207675156,73.2339074406102
P008,2026-01-01T10:58:00Z,1400,96.7232021079842,95.56087640912946,16.056021791539443,37.39271833257823,116.79080857658121,79.42601725708941
P009,2026-01-01T10:58:00Z,1401,78.0181245347705,96.96805509475111,11.284350009200086,37.010298297983184,,66.45979634116192
P010,2026-01-01T10:58:00Z,1402,74.50355255922845,98.44767895066362,19.130226695128183,37.0537676080424,115.02268106218253,74.69837741386961
P011,2026-01-01T10:58:00Z,1403,68.41755238887258,96.74383675064821,15.894945262553655,,119.5653386175226,73.76287682324666
P012,2026-01-01T10:58:00Z,1404,126.18071472276004,87.10618816187494,21.48471118628075,39.23579818286431,170.39624281855524,93.40803883943455
P001,2026-01-01T10:58:30Z,1405,84.27993073882327,95.33548482089242,,37.756417877402676,132.06128333707184,74.36116482513187
P002,2026-01-01T10:58:30Z,1406,70.07824056323913,97.54847852013329,13.650259726851944,36.792213466491674,116.21396166206534,58.45579414400055
P003,2026-01-01T10:58:30Z,1407,86.87003843088476,96.3322366022631,20.617021280602813,37.351497808849075,132.41134326866532,85.903728429942
P004,2026-01-01T10:58:30Z,1408,71.83674100561173,,13.434188796429067,37.56792206969194,109.02004914102241,78.413916421899
P005,2026-01-01T10:58:30Z,1409,69.85527659446798,96.94623455725973,15.476175804158988,37.04867647668988,125.31536983766351,82.33335092954017
P006,2026-01-01T10:58:30Z,1410,123.86809545962714,89.98891551146386,32.11415232115089,38.963023466645105,166.40442319022193,105.87065875959034
P007,2026-01-01T10:58:30Z,1411,86.43074873863809,97.1287172519932,20.91948081363596,36.86782648539175,94.84027302532498,83.69270259427465
P008,2026-01-01T10:58:30Z,1412,96.77809180148816,97.39237241188239,22.103043935055418,37.17819615124578,115.12990925644385,98.30089178137689
P009,2026-01-01T10:58:30Z,1413,75.40953349964627,97.61634789147467,18.144049353202217,36.571757123510906,127.93971370028183,85.36000185982044
P010,2026-01-01T10:58:30Z,1414,75.86814621051856,95.74216353520036,14.137632098203895,37.08939608663218,125.1844972171331,66.32201064620128
P011,2026-01-01T10:58:30Z,1415,78.12099573067471,98.39243484765451,16.160951226779133,36.94164580992171,119.43274610661882,79.57780285660299
P012,2026-01-01T10:58:30Z,1416,122.44486508163308,88.25788720722653,21.764052602297173,38.75215053732081,168.72839087795225,94.00097432016683
P001,2026-01-01T10:59:00Z,1417,78.43830768182812,95.88931010202641,20.67614934702225,36.78456700175661,130.06970904847515,90.32748686119612
P002,2026-01-01T10:59:00Z,1418,74.88321774982289,95.08218596937442,15.802410810620842,37.04112119045837,128.6607546822422,72.71622501148846
P003,2026-01-01T10:59:00Z,1419,92.24269810693633,94.05045196496015,18.15586646436062,37.37340760828703,128.41640652348914,72.66895658375306
P004,2026-01-01T10:59:00Z,1420,74.0719758691176,97.64079023307522,18.86507389274145,36.92490327848213,139.11530939959272,69.00346868119887
P005,2026-01-01T10:59:00Z,1421,81.3066178333075,,12.681316799729617,37.348588400756704,108.50388614589149,
P006,2026-01-01T10:59:00Z,1422,,91.56108189331897,27.544807556373293,38.30000280664985,,83.79695657875062
P007,2026-01-01T10:59:00Z,1423,91.34673004431238,94.42217868556271,20.63131667474303,,132.51774891404315,81.25690769349447
P008,2026-01-01T10:59:00Z,1424,87.77302629678714,96.07523344427226,17.277917191965727,37.08936875750851,132.10537424242978,79.73648359025005
P009,2026-01-01T10:59:00Z,1425,69.74407850621972,98.68156740820132,17.395243044865182,37.193128715667534,126.09046564616585,
P010,2026-01-01T10:59:00Z,1426,67.63594933066017,95.65062953310543,12.624449264241346,36.77585646222825,119.91183780998496,82.09559782607936
P011,2026-01-01T10:59:00Z,1427,66.81109422053203,97.47117926164249,15.636699076501532,37.13452637925135,121.81253538959736,
P012,2026-01-01T10:59:00Z,1428,116.25607648174675,89.74134317930739,24.94062319482478,38.67287119951952,165.11391819750946,104.9272292933867
P001,2026-01-01T10:59:30Z,1429,87.63506504661072,98.8396835460312,18.60379518808135,37.53311965235931,,90.78052478717912
P002,2026-01-01T10:59:30Z,1430,74.37044626121329,98.58742211172749,16.934552537010294,36.513344991036256,131.85844431116055,72.65091491803632
P003,2026-01-01T10:59:30Z,1431,93.49420362036003,94.94048995805016,16.61478271537918,37.09698436142965,133.00956339404274,71.10166608227334
P004,2026-01-01T10:59:30Z,1432,74.17143729327405,96.48119057830411,16.477782116155726,36.890924823456636,132.6752513138955,72.42828710187091
P005,2026-01-01T10:59:30Z,1433,68.34117369058208,,12.705226373838045,36.46786749112135,116.28758203644917,85.93394204805696
P006,2026-01-01T10:59:30Z,1434,,86.81398023430225,28.64630100014447,38.970137153745775,,111.03043182335429
P007,2026-01-01T10:59:30Z,1435,87.26397708333566,95.34781743809438,19.7991209203942,37.55059779409454,137.95408985670676,86.00665299814085
P008,2026-01-01T10:59:30Z,1436,98.16825288299472,97.40873739901569,20.884718098671563,36.887146028508575,,64.27016723042604
P009,2026-01-01T10:59:30Z,1437,71.04781122345541,97.05291763575133,14.044347492207102,37.426786219502574,110.27865602240959,76.81768033866466
P010,2026-01-01T10:59:30Z,1438,72.73323465991457,97.07681889957,19.914860003835987,36.95165316476777,126.7958048717663,75.21321134591703
P011,2026-01-01T10:59:30Z,1439,59.4683677695895,96.48915180126151,,37.07861708841743,136.76831780948106,75.91366659040814
P012,2026-01-01T10:59:30Z,1440,129.27658824163893,87.39703731719788,28.077359045569448,38.697664082516305,159.840965792929,94.06833554064393
P001,2026-01-01T11:00:00Z,1441,92.42545951031035,96.78572071253994,18.84312244170638,37.07031103934578,113.39660880341465,87.07180311064951
P002,2026-01-01T11:00:00Z,1442,75.34568945280574,96.85209446382002,16.090216002426793,36.78401047969079,132.13591147712913,83.31486083745231
P003,2026-01-01T11:00:00Z,1443,91.76591606659021,95.59017231977136,16.183812608071822,37.73929389087133,131.0035254909873,80.08882777862286
P004,2026-01-01T11:00:00Z,1444,71.4259315319293,96.68635044092,14.591129041196671,36.72387893900881,114.44976982385766,79.48328506571983
P005,2026-01-01T11:00:00Z,1445,75.62286025381435,97.44641921839053,16.04139638052485,36.96076751871344,116.72134889586677,75.03473214252105
P006,2026-01-01T11:00:00Z,1446,120.04420311909658,89.9640321899522,30.783701845176736,,177.99589123398192,98.16204185009198
P007,2026-01-01T11:00:00Z,1447,92.90562151129173,96.45201345894233,19.5107749041604,37.28015259036567,122.16286230533451,62.89760582696146
P008,2026-01-01T11:00:00Z,1448,67.4971337366456,96.4378747394976,17.64081128596379,37.60775391554386,136.00328244650478,85.22078326575925
P009,2026-01-01T11:00:00Z,1449,67.37355517745314,97.30483096250359,17.068097879007922,36.89046195594744,117.51088552395439,72.31555102656644
P010,2026-01-01T11:00:00Z,1450,78.25754140169403,97.99849979606807,16.655741763862,37.13973803687942,103.40024663431336,75.04286001777668
P011,2026-01-01T11:00:00Z,1451,70.24936772159806,96.77177229101828,15.183506183021267,36.72202524228548,113.73496027033059,80.40945952513226
P012,2026-01-01T11:00:00Z,1452,143.5963909259406,89.26263190704555,26.85753477172105,38.5484386371763,162.2008380681643,107.85959510463543
P001,2026-01-01T11:00:30Z,1453,76.89887730744296,97.18865814050216,21.117344857151082,36.50691822465927,144.29791215644883,79.5621694186689
P002,2026-01-01T11:00:30Z,1454,63.84260905609157,97.99034304512206,18.684060691488952,36.65560654174858,119.57198031735143,74.65640466968728
P003,2026-01-01T11:00:30Z,1455,88.65829423713717,94.42872605779337,18.12724115334773,37.25452343456194,138.853052915986,79.19672673387285
P004,2026-01-01T11:00:30Z,1456,71.15490476584849,97.59165180418354,15.860913994933838,36.842136612032974,132.58040304407766,84.13071882094209
P005,2026-01-01T11:00:30Z,1457,74.79488928315202,98.27559067831376,17.68684307652048,36.81286487792553,112.5836758758226,76.77621475804516
P006,2026-01-01T11:00:30Z,1458,111.294097138404,88.13325913364618,30.900912718083106,38.1167415543235,197.0535214278517,93.51029786854211
P007,2026-01-01T11:00:30Z,1459,85.77990366787158,94.13172455383543,12.3159153766677,36.906845836186804,149.54019852508043,94.0128945190866
P008,2026-01-01T11:00:30Z,1460,106.9272099534428,97.04646960165236,18.026174073984166,36.951032829443704,140.42286263487566,84.4927623052418
P009,2026-01-01T11:00:30Z,1461,77.74553138993151,98.45357411989006,12.805785761163087,36.66063531643247,122.23904617382921,73.62079450242456
P010,2026-01-01T11:00:30Z,1462,76.23813719473796,97.70043369721178,16.94877714951095,36.8583521704422,111.2626421757911,75.35316449017462
P011,2026-01-01T11:00:30Z,1463,85.0501646097084,97.80555466133706,16.224469363683916,37.081003975313386,115.91815626832071,65.34747470423747
P012,2026-01-01T11:00:30Z,1464,135.09814744977749,88.04263156801447,25.49661706335983,38.264176866454065,182.5633146867728,109.93215731141446
P001,2026-01-01T11:01:00Z,1465,75.6496936140918,96.60635715861031,17.989904519087997,37.421023336775846,132.78434664242502,84.88978777947267
P002,2026-01-01T11:01:00Z,1466,78.23839050287339,95.94836587798329,16.03288796698939,37.38299711818082,128.97140103798463,66.8955543153556
P003,2026-01-01T11:01:00Z,1467,96.06806852172357,95.45049418429963,21.149438973873064,36.91113895039281,133.72088578439536,63.62294339380911
P004,2026-01-01T11:01:00Z,1468,75.48263447733869,97.25484381288379,17.463937606171477,36.79705118978003,134.23260094746723,72.06437360339153
P005,2026-01-01T11:01:00Z,1469,71.27290526328785,97.73880383688478,18.189096550466914,36.497822625595475,125.93698359855122,65.30091448522371
P006,2026-01-01T11:01:00Z,1470,121.90474541302386,84.30984062686059,21.10905055433804,38.648873216464715,148.49060612985926,103.2301766451509
P007,2026-01-01T11:01:00Z,1471,83.84531839968426,95.44166329839278,17.79761657459474,37.44338578837508,122.4709830489095,93.12523059424197
P008,2026-01-01T11:01:00Z,1472,82.76278506638634,94.87803968185293,18.644268205888974,37.16954277143005,117.31321556225265,78.07941094956641
P009,2026-01-01T11:01:00Z,1473,70.48256182070618,95.79901549118495,14.595106651786926,37.17121586020215,118.18024751572541,75.92388789783575
P010,2026-01-01T11:01:00Z,1474,75.58920319857901,97.26113414258529,16.4887008142329,36.91714948208042,129.1371969798583,77.82445603222243
P011,2026-01-01T11:01:00Z,1475,74.44257210627313,95.2968428401862,12.106311875468649,37.39425576614924,116.73047657210552,83.79372256531325
P012,2026-01-01T11:01:00Z,1476,119.7801431012994,88.04312167918546,24.619846601387884,38.002998672035,184.63781805625499,116.10578195516894
P001,2026-01-01T11:01:30Z,1477,84.62400736672043,95.52494263026092,24.595196841924672,37.02367886194164,147.72691582107,91.20304147376605
P002,2026-01-01T11:01:30Z,1478,80.53754769430032,98.08648652439996,18.340048604133884,36.78534638508464,112.46517408157904,80.11008849882471
P003,2026-01-01T11:01:30Z,1479,84.22628262862794,96.1467274938352,19.83126714319257,37.32913089369861,135.82390851326514,75.10395987067936
P004,2026-01-01T11:01:30Z,1480,83.12507124492092,98.47103568538245,,36.55110042788747,119.39319145902519,78.48171924604426
P005,2026-01-01T11:01:30Z,1481,76.1259612603058,98.14576265480585,14.839990210070985,37.07230487775743,122.90081965545718,83.14085036332976
P006,2026-01-01T11:01:30Z,1482,141.42479044056532,92.56713499844868,19.741452393117907,38.68839219367291,174.8792757662303,105.97534327486034
P007,2026-01-01T11:01:30Z,1483,81.10231683620154,97.15450980356833,16.580114433673895,37.06409160218953,127.05220919399667,83.56457375293306
P008,2026-01-01T11:01:30Z,1484,93.83920239081512,96.41953381701695,21.850140678641566,,132.27435717390986,88.72763864299561
P009,2026-01-01T11:01:30Z,1485,63.05354268573758,97.01983195403564,17.999110145617067,36.67043801301943,130.2885179876439,79.10165498634207
P010,2026-01-01T11:01:30Z,1486,82.09540121668249,97.38278848762972,12.710667934021952,36.7865637380603,105.7603781949812,
P011,2026-01-01T11:01:30Z,1487,67.5105040671507,96.8775033484747,19.232503471865513,37.22797115470641,127.96056865826979,76.91027862839614
P012,2026-01-01T11:01:30Z,1488,95.04006169520383,90.26920443283322,24.574472881766496,37.98843930007354,176.45102927825084,107.03440053465587
P001,2026-01-01T11:02:00Z,1489,93.90897841994568,95.98717264819652,19.533141550334452,36.705171056431645,130.42486781453246,80.70613902014318
P002,2026-01-01T11:02:00Z,1490,73.19185126576076,97.37416217072807,16.171065123788846,36.776516081366445,117.94402900918983,78.403335527907
P003,2026-01-01T11:02:00Z,1491,95.98231328385172,94.26622862743453,20.2018990281095,37.636412193502366,145.1393005404228,75.70496830890232
P004,2026-01-01T11:02:00Z,1492,76.8676977221985,99.23745624234269,15.911316762933415,,126.95214893560885,77.30225708995626
P005,2026-01-01T11:02:00Z,1493,83.79100993716565,97.50189246010451,16.71157142248888,37.125055459564386,116.64706807785822,74.18532568806502
P006,2026-01-01T11:02:00Z,1494,110.45042738869608,86.26353389561116,34.194463653158834,38.09888343199138,147.08952954677017,103.93243857349782
P007,2026-01-01T11:02:00Z,1495,91.61553302520716,,17.108661594565035,37.60406087714429,138.5850110219914,82.42676087683556
P008,2026-01-01T11:02:00Z,1496,82.16591857459845,95.63111597617477,20.9797609038381,37.37149494004611,130.41925155553773,83.03895432556241
P009,2026-01-01T11:02:00Z,1497,75.54756503197649,97.63823739698401,16.28365583691281,36.81320031388151,135.75882352438654,82.2483931920608
P010,2026-01-01T11:02:00Z,1498,74.28144232829356,96.90802706211566,15.091486487370481,36.66848699970045,,70.7717832325027
P011,2026-01-01T11:02:00Z,1499,69.45739807197457,97.78989736482272,17.207140647370046,36.97260342429576,118.47635114593544,76.85741079821388
P012,2026-01-01T11:02:00Z,1500,118.81130558533847,92.39212817844225,23.484032493095068,38.26944814155314,,104.19390129173189
P001,2026-01-01T11:02:30Z,1501,81.94132048313679,94.03177905838656,19.644638363350598,,132.7277593158731,66.00931128765447
P002,2026-01-01T11:02:30Z,1502,66.13760313512866,95.38949498441141,14.668629812829355,36.85334895922205,117.35594992726269,73.90030744402571
P003,2026-01-01T11:02:30Z,1503,81.45824761374173,94.92793667398188,13.475943026549102,37.02155097615856,141.96585610700447,86.73097401432504
P004,2026-01-01T11:02:30Z,1504,76.16562938103225,96.59593952366025,17.10384925351294,36.7684599114936,114.46227054074538,72.80788912279746
P005,2026-01-01T11:02:30Z,1505,81.91388075966555,97.33040847338647,12.87797455483738,36.65644356531503,,78.21871066139622
P006,2026-01-01T11:02:30Z,1506,86.9543652292499,84.68209764983646,26.07738707400785,39.278021815742484,191.42865239303757,98.26952258853277
P007,2026-01-01T11:02:30Z,1507,79.24486139738676,95.64733640517179,22.05613342775061,37.072319015578685,109.84278067717472,78.60493522677773
P008,2026-01-01T11:02:30Z,1508,90.22823335235468,96.79770338141105,19.90321899400494,36.860119428504554,118.09830651183238,81.8053772659867
P009,2026-01-01T11:02:30Z,1509,78.88164008947423,97.50776503685495,16.668445174279892,37.348196704307,111.96688485468088,75.45774990989595
P010,2026-01-01T11:02:30Z,1510,80.11263581057017,96.26307918925038,18.74635416785837,36.53998148661426,111.73628282563962,80.32724478698248
P011,2026-01-01T11:02:30Z,1511,,96.6433191262574,17.35297591637227,36.65047373997537,130.21839971938437,78.38776751741553
P012,2026-01-01T11:02:30Z,1512,126.78771762386718,87.08780284239644,26.15989465273266,38.57763987246537,188.01289798936094,107.26054977712282
P001,2026-01-01T11:03:00Z,1513,84.10238307961944,95.10022212506709,16.45044088707646,36.93248617226171,119.7878553383566,83.71793433278253
P002,2026-01-01T11:03:00Z,1514,71.34927565831731,96.40762907442634,19.39137401814974,36.439993568436776,140.2075798455021,79.73325830015453
P003,2026-01-01T11:03:00Z,1515,79.21757161249477,93.58970456276114,16.971897203604442,37.870391722378336,127.96686632840513,95.03460999333493
P004,2026-01-01T11:03:00Z,1516,77.36996940212003,97.46535542509382,,36.94489894055026,128.76964308638077,75.20509286822077
P005,2026-01-01T11:03:00Z,1517,82.66025495510016,97.049932614429,18.320899275753433,36.96180487468264,121.20323898257897,78.94932291772076
P006,2026-01-01T11:03:00Z,1518,111.55817769902995,91.54625718758433,27.77341387753086,38.2126523801259,144.65884746297468,95.84409625991745
P007,2026-01-01T11:03:00Z,1519,76.92973429665948,95.52441756140652,19.477049970393544,37.27213239655107,111.05904815510587,82.06827718161634
P008,2026-01-01T11:03:00Z,1520,85.86662437335998,96.35016958556051,15.812033644462144,37.35389879125379,121.71063081751781,80.14666268561095
P009,2026-01-01T11:03:00Z,1521,77.01793071306562,97.0949557319979,18.656804658104104,36.999150730431644,129.37609450680628,82.2915443210708
P010,2026-01-01T11:03:00Z,1522,87.35540917483604,,13.832658439445265,37.12870519828559,118.92765632217342,79.8439640196063
P011,2026-01-01T11:03:00Z,1523,74.7849247879431,96.84572553392772,14.955076887081736,37.34093515650975,128.21292407402436,66.60579944137098
P012,2026-01-01T11:03:00Z,1524,134.7690252565473,90.19864503330284,27.2715181249049,39.172669715267055,141.91531285958692,101.23432758601298
P001,2026-01-01T11:03:30Z,1525,93.56332555684608,96.5263063988881,18.49371820990323,37.45374081213207,127.72250000889905,82.20241766933997
P002,2026-01-01T11:03:30Z,1526,89.97068978771746,97.83263499602126,15.07741489719049,37.05354691434594,126.21936574841375,81.6810641610623
P003,2026-01-01T11:03:30Z,1527,83.56890301585018,95.62008878778005,20.39071373120371,37.43924333746961,137.86530703003726,85.56168000122298
P004,2026-01-01T11:03:30Z,1528,,96.37443423007957,15.94047476077913,36.70765255445704,134.41299127181418,87.84285932645311
P005,2026-01-01T11:03:30Z,1529,70.94477211087829,97.2990878356931,20.285574212403876,36.74999594392491,129.68443616635864,81.14282667682207
P006,2026-01-01T11:03:30Z,1530,114.52707475602197,86.19678719835674,,38.66826089130922,177.5104119020862,95.13903732942576
P007,2026-01-01T11:03:30Z,1531,69.20668216588922,94.22061707466696,20.601868723984154,37.339183236341704,118.12144358341132,85.01011498625546
P008,2026-01-01T11:03:30Z,1532,79.94880603001022,95.88437039951965,20.59925510706426,36.880655502818875,112.40066378853474,
P009,2026-01-01T11:03:30Z,1533,66.91695375209909,97.48864715465322,16.45901414913682,37.138660889450165,111.69269481495752,76.8486745153655
P010,2026-01-01T11:03:30Z,1534,66.33428899949674,96.03380440907351,17.3419738949908,36.466115028791364,124.8109573131939,78.15445605529544
P011,2026-01-01T11:03:30Z,1535,72.96789396761736,97.82052620796699,17.0888878270178,36.11348965022286,124.28818642650361,67.53244300904652
P012,2026-01-01T11:03:30Z,1536,108.28243597003215,88.42086698196447,21.596937718018452,38.36151101240616,183.87308966742302,88.44329491310356
P001,2026-01-01T11:04:00Z,1537,85.39858595830408,95.92420046602844,16.452117047617683,37.566052980252685,,87.16329488135628
P002,2026-01-01T11:04:00Z,1538,73.25054800587452,96.73563273257506,16.475444149647654,37.14587623781181,115.83897711880921,78.75947566305678
P003,2026-01-01T11:04:00Z,1539,79.02651974410115,95.0045106578879,15.680965356889553,37.078867211991266,117.63486038659354,86.50535909423066
P004,2026-01-01T11:04:00Z,1540,77.48364530359314,97.75773645192393,16.649265324986175,37.278911492737976,116.8851718905342,74.34134471207614
P005,2026-01-01T11:04:00Z,1541,71.8843311181162,98.39386140442548,16.41399404177934,36.907355075861524,128.0864878470958,83.28052714112384
P006,2026-01-01T11:04:00Z,1542,103.19588009211157,89.18063075189444,,38.550935630582025,157.0018890698468,103.22180284209585
P007,2026-01-01T11:04:00Z,1543,91.35861586874067,95.69306577589572,19.044553991228078,37.577805822042315,121.26524428021878,77.56465338931683
P008,2026-01-01T11:04:00Z,1544,95.14519098813511,94.8627200783603,17.849982551454172,36.65487803772767,,87.26565204589377
P009,2026-01-01T11:04:00Z,1545,79.92934694786729,97.99656169198056,14.94270258269181,37.11774965813151,121.0123436226437,84.88282788947288
P010,2026-01-01T11:04:00Z,1546,72.48173741062477,97.08049688531749,15.287268987558758,36.84051462358347,129.5418949545035,66.62512966868306
P011,2026-01-01T11:04:00Z,1547,75.70584091320694,96.29283508014251,17.749908512628494,37.41691362929126,114.02473726904392,78.2355124437002
P012,2026-01-01T11:04:00Z,1548,97.26702410817046,91.1188960449645,,38.766668090123936,173.10536202811164,103.4563709083368
P001,2026-01-01T11:04:30Z,1549,84.52310166365689,96.1026836789119,21.4416251679129,37.34286687619932,121.14277908971123,65.95690929688568
P002,2026-01-01T11:04:30Z,1550,78.89848931249311,98.91825055498323,17.430278807979853,37.22571202299151,118.76987955541138,71.55294430002425
P003,2026-01-01T11:04:30Z,1551,74.67180636317029,94.24099666332289,18.101611279341878,36.87567831228241,127.55351106349639,85.42811013695446
P004,2026-01-01T11:04:30Z,1552,78.11733952620011,98.28129244589589,19.458404239238746,36.75503162156114,135.37906928587842,76.43670287524954
P005,2026-01-01T11:04:30Z,1553,81.27588990037394,99.06189466960807,15.484654990601893,37.15624699960991,135.3616278592167,79.24999020109655
P006,2026-01-01T11:04:30Z,1554,117.38556518550455,84.99550004483989,30.14200736064809,37.95768744019258,173.6713989892015,108.80162984993659
P007,2026-01-01T11:04:30Z,1555,76.86475427195836,96.54855508765566,16.755811986067048,36.550316592141066,135.77996502851113,74.80867528951809
P008,2026-01-01T11:04:30Z,1556,83.37813070098727,97.28756117062898,19.67551962253963,37.48715524531355,122.24655118876983,75.69452574427424
P009,2026-01-01T11:04:30Z,1557,81.79030650768402,97.04946839016337,15.558576464100478,37.21805627076534,113.76713130021012,
P010,2026-01-01T11:04:30Z,1558,78.33408816828096,97.57764923380503,13.402951508300209,36.990863674928846,130.16708404881805,84.84186138222393
P011,2026-01-01T11:04:30Z,1559,82.7822769542623,96.34452407035182,15.908043632587969,36.97455283305213,130.1071213174013,67.94629050079529
P012,2026-01-01T11:04:30Z,1560,110.52918098492809,88.85459962149734,29.280284438811137,38.01213999579282,177.81486916852236,104.46908092704885
P001,2026-01-01T11:05:00Z,1561,81.13264533959348,94.44958859356993,19.137165313107953,36.9111313165435,138.93138320593707,85.39562772523986
P002,2026-01-01T11:05:00Z,1562,79.12845234948121,97.33453193742331,17.81534923005646,36.60565014857502,118.60971450879056,87.86620021059795
P003,2026-01-01T11:05:00Z,1563,79.27322661645715,95.88162479129142,15.444289403557631,37.01914327438732,130.12371245961745,86.4256661882731
P004,2026-01-01T11:05:00Z,1564,78.82154683560726,95.15576062043957,17.106299242656,,121.01265291474027,86.794337634159
P005,2026-01-01T11:05:00Z,1565,74.73187569756186,96.72521323492978,15.37903423561416,36.78535608269832,111.28838294525201,78.9897035164639
P006,2026-01-01T11:05:00Z,1566,100.36309197816742,93.3253554493646,29.317377987806466,38.253790039410106,188.70417124973991,114.20546145497428
P007,2026-01-01T11:05:00Z,1567,75.86634065841062,95.92660065756873,21.629578271915094,37.36507708374469,129.29322009741898,76.57328768296621
P008,2026-01-01T11:05:00Z,1568,87.0766974653823,94.87570148671733,17.463993803600538,36.790347295279005,134.9351270206045,78.28328909877426
P009,2026-01-01T11:05:00Z,1569,75.00327654502317,98.05990057738587,15.281288369381668,36.89966223018101,123.40669344742595,86.32371760288095
P010,2026-01-01T11:05:00Z,1570,82.97691239271242,97.21174433160009,17.4556170897483,37.12361629592554,123.34048512241465,79.154241748422
P011,2026-01-01T11:05:00Z,1571,75.75655976297465,97.88576772211533,18.521434565958224,37.297288309453954,134.76618912478776,73.45751383626595
P012,2026-01-01T11:05:00Z,1572,122.38731356120311,89.7219699094007,31.38226257440506,39.31481434699162,177.73486764739468,96.71448991533731
P001,2026-01-01T11:05:30Z,1573,87.78882815653076,95.31437999896261,16.416375980904814,36.50587829414493,124.34178445320048,77.6778177313621
P002,2026-01-01T11:05:30Z,1574,88.57177706758416,97.07303922588194,10.410998551201983,36.68467515733204,114.1190399022272,74.06509120880219
P003,2026-01-01T11:05:30Z,1575,83.77006657067932,95.54133601996126,15.913339516185223,37.252357244417745,132.717101383692,79.73920973200323
P004,2026-01-01T11:05:30Z,1576,78.52252353651535,98.97383981733465,18.350538338612893,36.96815688844226,115.4920382004234,73.79059515138303
P005,2026-01-01T11:05:30Z,1577,70.14717959979066,98.09952450120736,17.00199113869456,37.25927089933857,130.79687450644704,77.49027959575253
P006,2026-01-01T11:05:30Z,1578,103.27193082632856,89.39302594669637,29.453960948617866,38.80460670461008,181.04329301950904,105.52134139710716
P007,2026-01-01T11:05:30Z,1579,81.3170794771219,95.34906107172442,22.26308450552202,37.71081073562438,132.25708553197595,81.675870105211
P008,2026-01-01T11:05:30Z,1580,84.66218237509972,96.38187852596072,17.601589632802177,37.14640142424127,137.00104232850174,75.85995143037925
P009,2026-01-01T11:05:30Z,1581,84.97046814269785,95.63293581794882,20.044478436802695,,126.10954714583201,82.99357582461307
P010,2026-01-01T11:05:30Z,1582,87.91961843014742,97.2902470912223,13.022342877309939,37.393293186367025,111.01141149566207,
P011,2026-01-01T11:05:30Z,1583,83.10027930821731,96.10034576017814,17.99131990609573,37.1792336232974,116.06836289079646,66.10452578479304
P012,2026-01-01T11:05:30Z,1584,102.45582794961301,89.63154811045396,23.578175792548826,38.18373812990471,170.2568886780465,117.75210314521998
P001,2026-01-01T11:06:00Z,1585,86.23635773234409,94.96542842812332,13.939947002424223,,124.00448094394959,81.71170513987718
P002,2026-01-01T11:06:00Z,1586,80.17310408481526,98.1293059523941,15.704250631112306,36.62126542128509,125.02092343538513,
P003,2026-01-01T11:06:00Z,1587,,93.90479327246258,23.890507849438777,37.015577605412254,139.78401243080782,80.53840236652238
P004,2026-01-01T11:06:00Z,1588,76.17629618208215,96.59187399508242,13.019426820176204,37.459673409310795,117.03267161190273,90.37102943100689
P005,2026-01-01T11:06:00Z,1589,74.40877835481966,97.00821595342525,16.29862370428381,36.82012375515116,123.69317600469475,77.85853522706968
P006,2026-01-01T11:06:00Z,1590,128.12742759005405,90.33000563686163,27.10533933413461,39.17068605236721,186.99056456886942,109.27221611530754
P007,2026-01-01T11:06:00Z,1591,96.71444891164482,,16.396670610917703,,119.87094098413243,90.03141413983302
P008,2026-01-01T11:06:00Z,1592,95.24817975548984,95.97530328639564,16.610275194019327,37.15127296799057,122.63331893438034,81.98307568649928
P009,2026-01-01T11:06:00Z,1593,73.46554368355008,95.79418999620371,15.833398938204327,36.80303339730393,128.3858094264762,83.43646544025702
P010,2026-01-01T11:06:00Z,1594,64.5997876001325,97.06093174558106,14.264576986192433,36.96942999921131,114.88090856617727,81.63408534018203
P011,2026-01-01T11:06:00Z,1595,82.05714231915726,97.40200317394232,16.06407502062379,36.88294195587152,104.59628098218121,73.36602537225905
P012,2026-01-01T11:06:00Z,1596,120.91043542004466,89.79681089697078,25.32951031945464,39.22349062401934,171.2098707104943,90.415520636478
P001,2026-01-01T11:06:30Z,1597,88.07032417320961,95.64026524918742,13.392815823052564,37.504762420128365,135.68439504617123,74.43167106330132
P002,2026-01-01T11:06:30Z,1598,74.16075987883531,97.57080289763555,14.757773611592354,37.23308901228639,107.51259997168995,82.90042304490194
P003,2026-01-01T11:06:30Z,1599,86.12232729478562,96.05816027206056,16.15192845671338,37.45517528082952,110.00766459120408,76.65010560017846
P004,2026-01-01T11:06:30Z,1600,79.65751408847596,97.25942011245883,15.827530890662784,37.291987749623665,140.73691427061837,75.41120002281951
P005,2026-01-01T11:06:30Z,1601,85.20885594759093,96.57474067109484,15.516885710098784,36.83391212999457,114.9457694607196,79.44144085197374
P006,2026-01-01T11:06:30Z,1602,108.3353281492986,90.09565474384229,24.76089969793122,38.14829886872746,156.73592682587946,101.09119154979555
P007,2026-01-01T11:06:30Z,1603,74.82313234470199,96.74092836973,22.69532418489768,36.48728735990334,139.28230151406717,92.79015920514146
P008,2026-01-01T11:06:30Z,1604,91.53908148997493,97.6071512268758,22.372351756108895,37.22929748452397,164.50466476700086,90.7805485393159
P009,2026-01-01T11:06:30Z,1605,78.92253348002514,96.64796413496839,15.728261978206586,36.822676079121635,129.20045603471297,72.72721342538502
P010,2026-01-01T11:06:30Z,1606,81.11727987712116,97.24904601943918,16.81685662531811,36.544596059942535,129.31174626477775,91.03457018714732
P011,2026-01-01T11:06:30Z,1607,,96.31254953270137,17.49254901136358,36.49125234068475,110.01997539732139,78.05298759100727
P012,2026-01-01T11:06:30Z,1608,120.5694481440175,89.82142798838277,31.136993181739385,38.37233382744756,155.744914554528,86.80445619463575
P001,2026-01-01T11:07:00Z,1609,91.90171179545302,94.01107175033405,17.685796538869404,37.37710094207974,123.48403873203405,75.68913279216197
P002,2026-01-01T11:07:00Z,1610,69.9505870450837,96.93263293807496,13.471531624004722,37.24891657114593,,75.53656151055546
P003,2026-01-01T11:07:00Z,1611,80.3753994177489,95.98817803290494,17.04180332895679,37.04590873912527,129.26022997181454,70.92656402442248
P004,2026-01-01T11:07:00Z,1612,87.83102755050197,96.74416924045285,20.678105991165253,37.18127235881627,116.19217577351232,62.508961561126355
P005,2026-01-01T11:07:00Z,1613,80.23982371567024,96.88106216936322,15.279164285314785,36.4441838735827,122.82080433600447,71.32840835107483
P006,2026-01-01T11:07:00Z,1614,125.02746383078717,84.57242403510357,31.37783262622484,39.0969700217278,172.34232442824614,71.60612255871321
P007,2026-01-01T11:07:00Z,1615,96.23089280700785,95.21028663317662,23.30509433391808,37.32788547340193,135.94988820808314,78.12786930806229
P008,2026-01-01T11:07:00Z,1616,,96.74508116868701,19.13722618455235,36.58497352233024,139.28924643308457,71.27906641782205
P009,2026-01-01T11:07:00Z,1617,80.59527797447878,99.3201208548679,17.725226438017746,36.70654700770268,124.13313316510474,80.88468109865589
P010,2026-01-01T11:07:00Z,1618,53.79945064545615,96.54694336102439,15.992778785024676,36.74241459515657,113.02751070431293,78.24878774870898
P011,2026-01-01T11:07:00Z,1619,69.25277606590099,97.0083271770672,18.22684130707491,36.65289338725706,127.36291535597032,78.56734146008587
P012,2026-01-01T11:07:00Z,1620,104.03205154803987,89.67927742069845,27.222303118677505,37.84172495413122,168.56329398586857,96.26706391780914
P001,2026-01-01T11:07:30Z,1621,90.0143304234857,95.6308734977736,16.049872934463828,36.920574335401646,123.75850981886525,91.1845135364543
P002,2026-01-01T11:07:30Z,1622,84.43414973683767,97.18298411681373,16.432313609202545,36.96727746184,112.75006842535082,78.65132218704316
P003,2026-01-01T11:07:30Z,1623,88.36092517998581,96.32885529129577,15.411877447733694,37.037304380505496,106.28026463627808,80.37758365527829
P004,2026-01-01T11:07:30Z,1624,87.15479535076565,97.62816194971823,18.36996798098184,36.75445040649113,,77.5748279450241
P005,2026-01-01T11:07:30Z,1625,84.55488898408525,96.18830974685103,16.697677527138485,37.03292544339583,122.66556173310995,73.29249458290681
P006,2026-01-01T11:07:30Z,1626,143.28781479738421,85.63545923046266,21.593854160987053,38.55899700968599,161.3873374280073,111.87824209278943
P007,2026-01-01T11:07:30Z,1627,81.07621007124354,95.75070131979386,12.265801466824396,37.22607336050287,142.46030718216588,85.59028883209295
P008,2026-01-01T11:07:30Z,1628,69.64909606608157,96.68630811240928,,37.29093082063053,122.86893355286338,88.13106402338389
P009,2026-01-01T11:07:30Z,1629,71.67466985915183,96.58277666379077,17.7704800951155,36.60149146167133,129.95098160909419,78.60820034825343
P010,2026-01-01T11:07:30Z,1630,77.20616137729677,97.75555859024647,16.74237186123485,36.79713968798949,107.74907327394371,79.28953235462525
P011,2026-01-01T11:07:30Z,1631,82.10742289109513,96.3491574383162,19.56145674623582,37.24433202017922,119.94980653703156,80.75615907452678
P012,2026-01-01T11:07:30Z,1632,106.76544173128889,84.81561849569124,25.992691978180762,38.61920404218426,169.60969018173802,89.22206057903178
P001,2026-01-01T11:08:00Z,1633,96.72221188835206,96.54749451315904,19.213274167951848,37.75394971728795,131.41587896373065,77.05644952863744
P002,2026-01-01T11:08:00Z,1634,74.71438341098781,96.49656178320973,13.387373532399224,36.74812801129744,110.5820831529531,90.0570697871412
P003,2026-01-01T11:08:00Z,1635,84.908383119594,98.43617653408543,20.797345431937178,37.69707406802129,145.1838430580036,81.41121722173627
P004,2026-01-01T11:08:00Z,1636,79.55965426436487,99.3263558020082,11.680911804712103,36.534886889991014,118.8018920510117,86.95496678408523
P005,2026-01-01T11:08:00Z,1637,73.89034679991609,97.35583757652226,15.814087305663827,36.824551312617466,114.4340507094113,76.13619237497012
P006,2026-01-01T11:08:00Z,1638,110.50334799263806,88.90061361161045,29.003005142774647,38.62352647391144,171.7234066781941,94.2334408476858
P007,2026-01-01T11:08:00Z,1639,94.10104586499807,95.37042318198603,15.867795985658496,36.856816364103416,131.87175575721346,70.22434933576957
P008,2026-01-01T11:08:00Z,1640,67.17225789151738,95.01251905012845,23.247465472923214,36.95025226987598,128.19086905649868,77.51800825641982
P009,2026-01-01T11:08:00Z,1641,74.44371663190925,98.73637448573378,13.269942227220191,37.17936404735731,121.38585702022401,81.63926301607735
P010,2026-01-01T11:08:00Z,1642,70.24861824867645,97.94159338620031,14.01467468554352,36.91620463234643,127.90515424376859,72.98830241243651
P011,2026-01-01T11:08:00Z,1643,82.24693624018049,97.29770143673244,13.09176100939341,37.15669241351646,118.340588909809,69.5819199626312
P012,2026-01-01T11:08:00Z,1644,108.55476401686445,,34.19212522389595,39.27333163548555,181.67479933275737,104.82716209919278
P001,2026-01-01T11:08:30Z,1645,87.63588968937322,95.58716470687465,17.222395002995135,37.52967472188291,119.0718959747886,76.59615681875931
P002,2026-01-01T11:08:30Z,1646,76.86302436490938,97.70432957893435,16.63511802698622,36.98194870216207,112.29351496603695,80.32965983584499
P003,2026-01-01T11:08:30Z,1647,84.06094975727417,93.97260912499604,18.127389137904657,37.32001832002068,110.4790059998333,78.66218131360408
P004,2026-01-01T11:08:30Z,1648,81.86892909900718,95.79280146406681,18.620355194853513,37.273747588205175,121.40288050228212,77.28762785590081
P005,2026-01-01T11:08:30Z,1649,87.55523620341067,98.10465800073042,15.21234716251019,37.55463319558602,112.1344948876406,69.16895867677526
P006,2026-01-01T11:08:30Z,1650,118.70577779450686,83.41288391545547,21.696588222286763,38.40734436728529,153.19899678113168,99.91391261568494
P007,2026-01-01T11:08:30Z,1651,90.1607253828755,93.6125203151656,19.62117900442704,37.37679398470274,130.84344229229265,77.43492261073447
P008,2026-01-01T11:08:30Z,1652,,95.95514106846863,24.711375561856823,37.547899038320494,139.74496580600916,81.69086709148534
P009,2026-01-01T11:08:30Z,1653,81.02431653052487,95.31375213933643,14.155226414830665,37.00882944781197,104.6798482655412,67.40321300468824
P010,2026-01-01T11:08:30Z,1654,68.15584248306851,96.85383514521567,17.415058615993456,37.12581666104614,,81.2826896117683
P011,2026-01-01T11:08:30Z,1655,80.75623079043405,96.2869639980677,15.356469048993018,36.3420970527532,127.34938477012875,85.4807416543529
P012,2026-01-01T11:08:30Z,1656,110.1318144411093,88.05957442425634,27.245851412479794,38.43214743065025,143.07166509551223,90.88491911795457
P001,2026-01-01T11:09:00Z,1657,89.17709499445989,97.02444313277934,21.539192802913945,37.47427340162111,142.3977937122632,81.8377604336039
P002,2026-01-01T11:09:00Z,1658,77.3453886461904,98.41389555966032,15.781284990464341,36.343119750370406,,78.78653128312344
P003,2026-01-01T11:09:00Z,1659,78.2857055791353,94.64619906050237,23.329814660912554,37.198727746735166,121.41187324172269,78.28570672545708
P004,2026-01-01T11:09:00Z,1660,83.89865566026388,98.37614365631666,15.748295993021802,37.17743814100929,138.09724716908622,70.41742654125521
P005,2026-01-01T11:09:00Z,1661,82.71169175717907,97.62886319690446,15.644246810647257,36.64802356275269,117.74801733955667,79.56699661727419
P006,2026-01-01T11:09:00Z,1662,131.63268671521197,88.78589870466863,26.291190048843383,38.9493302478262,174.2602893410402,90.69812636940037
P007,2026-01-01T11:09:00Z,1663,72.23585726496071,96.264849573662,14.065157433137486,37.142916598661536,142.77203025487808,77.73974815893473
P008,2026-01-01T11:09:00Z,1664,82.84524921170704,,15.795131611226205,37.866371505907665,128.2396776642655,87.57169166988656
P009,2026-01-01T11:09:00Z,1665,68.78044846761338,98.53578244957826,14.530289859134207,37.00622516460852,120.18016211990808,77.05280633265953
P010,2026-01-01T11:09:00Z,1666,73.00331882250472,98.69688910159975,17.422977654120853,36.7964410353421,130.8349007115694,68.47683719167577
P011,2026-01-01T11:09:00Z,1667,72.24514341175842,96.84412515746807,15.871510363093122,37.310664459270114,114.2970948249599,72.22762981458204
P012,2026-01-01T11:09:00Z,1668,122.2395132223389,88.30068495244424,33.07468272476595,38.60770199724573,178.16496467461286,119.6245333126702
P001,2026-01-01T11:09:30Z,1669,101.58499112491239,,18.077230291456747,36.85083026391153,143.6723111568708,81.43257139554224
P002,2026-01-01T11:09:30Z,1670,73.07425498626186,96.53029214929802,14.565421607359529,36.59759384486053,117.6551189185719,72.63180934935627
P003,2026-01-01T11:09:30Z,1671,91.31777757273093,96.0224065804026,19.02133169689981,37.2372359677784,119.44913039531765,87.34743688013387
P004,2026-01-01T11:09:30Z,1672,83.48014628139254,94.89533223914678,19.860451489915626,36.4984664166751,126.45600961253783,80.56449699688517
P005,2026-01-01T11:09:30Z,1673,76.27222965376443,96.23173366020191,17.298170206186906,36.82617607925204,139.6498539696776,76.4629280589571
P006,2026-01-01T11:09:30Z,1674,114.48078714606558,85.29513654278487,29.255605057066504,38.809743292731746,176.8077519539364,99.5329902428884
P007,2026-01-01T11:09:30Z,1675,89.05619796972853,94.74618271743864,17.28299403052441,37.21323665678172,120.5630306090303,79.87133174173823
P008,2026-01-01T11:09:30Z,1676,82.91189904374858,97.86706707461101,23.894340952782454,36.63386956762098,146.82551357455995,
P009,2026-01-01T11:09:30Z,1677,84.01217547454088,97.54786614188922,15.280416825437706,37.062423333251374,109.3416778219559,72.9668352948238
P010,2026-01-01T11:09:30Z,1678,84.92870161941602,96.57198589097911,16.83807789941164,36.866368604053875,127.0669385033119,74.36707808869838
P011,2026-01-01T11:09:30Z,1679,70.05025273142819,97.99310659654812,16.665569776153248,36.88123876734638,123.66646645760613,
P012,2026-01-01T11:09:30Z,1680,124.90670719971551,92.54698284209064,23.603507023409048,38.508633628119114,138.3000564124978,
P001,2026-01-01T11:10:00Z,1681,97.36770787265203,94.42016261830292,19.644784480080876,37.521193214177345,137.00317180047435,85.73780723146693
P002,2026-01-01T11:10:00Z,1682,72.21659879873818,97.48825037162912,14.554330752009527,37.6557707446335,142.7778906505411,77.33855411138073
P003,2026-01-01T11:10:00Z,1683,75.56366148130958,95.76562798587871,18.810934485385058,37.35927015982174,129.8973044445907,78.97762445565019
P004,2026-01-01T11:10:00Z,1684,64.11632104456618,99.09331189985771,16.548760287555133,37.55533676823772,114.17589446287431,71.29412770431561
P005,2026-01-01T11:10:00Z,1685,77.69890333990412,96.04566719973145,13.245987404522547,36.78581046045953,125.87593086795545,89.92655542353776
P006,2026-01-01T11:10:00Z,1686,113.04123620326907,87.76260450691869,30.127449574754124,38.110611621156956,175.68801450607242,107.21684848592463
P007,2026-01-01T11:10:00Z,1687,89.91943869977426,94.56614085732451,16.504679140997748,37.86769007461126,121.81669333907217,85.98918453867022
P008,2026-01-01T11:10:00Z,1688,84.4526107510106,96.69412494444921,20.744767959979352,37.205226789698074,118.21981789523792,74.02018782161852
P009,2026-01-01T11:10:00Z,1689,69.63378836880203,96.0954285094448,17.5916440740761,36.81529440333154,132.56259333407306,78.85879942574711
P010,2026-01-01T11:10:00Z,1690,70.83286087951403,,18.943669547001054,37.305512731611735,110.17043924660919,75.80418213760676
P011,2026-01-01T11:10:00Z,1691,74.65780550070015,,18.239530696504595,37.14592991015613,121.64756046196308,85.37741842607817
P012,2026-01-01T11:10:00Z,1692,134.7409043534604,91.73807567310153,25.448189276633894,38.09748313406787,183.46648252632556,88.12445363764164
P001,2026-01-01T11:10:30Z,1693,82.91853474162005,97.87765701500143,20.01190302501826,37.64747116278262,114.79415712463745,71.27110731284618
P002,2026-01-01T11:10:30Z,1694,77.15866791284925,,13.388952193660648,36.501624692815625,105.02592710482185,80.85950281928754
P003,2026-01-01T11:10:30Z,1695,85.18344879718526,94.65856143715683,19.41790458482181,37.8185367318613,143.32892277178166,79.73152703459647
P004,2026-01-01T11:10:30Z,1696,72.57992540603722,99.83052297831424,16.981270975565955,36.67511231002141,,92.18973364709035
P005,2026-01-01T11:10:30Z,1697,86.64166537992566,96.18482640189359,17.289260655527823,36.87813071859536,117.50859188547156,84.43304500673965
P006,2026-01-01T11:10:30Z,1698,141.16760053202566,89.51863266551129,27.06876003075123,,179.30887490291795,117.92349093486185
P007,2026-01-01T11:10:30Z,1699,91.20643191180152,96.62462236010435,21.27793016702847,37.110156966577364,136.51726688755684,76.09540035624254
P008,2026-01-01T11:10:30Z,1700,80.96970989861052,93.87798353738613,23.840239471147527,,134.44212130884353,69.21219630628954
P009,2026-01-01T11:10:30Z,1701,71.05483996774554,97.09282454615892,15.738777837537468,37.65159358910352,118.96165876596682,83.94136195236993
P010,2026-01-01T11:10:30Z,1702,79.27577857317472,,21.183894095476173,,112.09430420785475,78.30636459302673
P011,2026-01-01T11:10:30Z,1703,76.95721804192645,97.39120268499259,12.782916147166565,36.767522012225676,110.90112721831903,75.55734835566984
P012,2026-01-01T11:10:30Z,1704,101.83369225863851,88.17595455090759,29.265974085302446,39.09605216145756,171.6198269180266,113.32624407612637
P001,2026-01-01T11:11:00Z,1705,84.29397304631028,93.01468623735951,20.05859956361663,36.80191723637331,134.48546630267137,70.80285588487155
P002,2026-01-01T11:11:00Z,1706,74.69815846759687,97.91150450458441,13.97624010167093,,144.22610117054467,76.56432624579394
P003,2026-01-01T11:11:00Z,1707,89.32873746724282,93.84336467694669,21.496599039895376,36.820060269802156,122.46085903611831,83.15639440873949
P004,2026-01-01T11:11:00Z,1708,73.57554841598837,98.11066431713665,18.66064343765276,37.435187753661474,126.51730969749458,78.9446214621158
P005,2026-01-01T11:11:00Z,1709,79.58630795688897,95.89124405303413,15.63605145942039,37.49843085273909,130.96038883552,81.69714077527632
P006,2026-01-01T11:11:00Z,1710,117.95608972597202,87.51618104210456,34.59984071047331,39.51217139255003,179.4593642714747,93.67205910534861
P007,2026-01-01T11:11:00Z,1711,87.33789454937622,95.80477165261618,16.206197829483333,37.16046750328473,119.59491167452492,87.63067610994703
P008,2026-01-01T11:11:00Z,1712,87.6168380064599,95.86270635422996,14.527745504057597,37.19597621558961,122.61870679318888,85.2892494493918
P009,2026-01-01T11:11:00Z,1713,76.64559071963781,96.97377558400629,14.472128034586255,36.356494939076576,115.77641944197418,72.24369095099281
P010,2026-01-01T11:11:00Z,1714,72.704973678432,96.63403539493504,14.998988679592083,36.79358392455277,110.17848245603662,73.78791803004144
P011,2026-01-01T11:11:00Z,1715,82.74381132620617,97.33884732377793,14.87589314190935,36.39666312133465,141.5736136168527,82.81948363828431
P012,2026-01-01T11:11:00Z,1716,110.43883951090353,87.39151064993452,27.339502014089966,37.96630054502014,169.61193911324554,99.19237611113158
P001,2026-01-01T11:11:30Z,1717,90.06785050270712,94.74774671571886,18.833268265475343,37.13568318708096,136.30520141724486,81.99375503224259
P002,2026-01-01T11:11:30Z,1718,,97.67446272969478,19.258566071243596,36.565021068067374,132.20106555934814,83.61468038140877
P003,2026-01-01T11:11:30Z,1719,97.59714071846766,93.61003769207728,19.351405361931903,37.409996794409786,,84.69202027279286
P004,2026-01-01T11:11:30Z,1720,83.81515354750108,99.08987933112739,13.61213247967725,36.2906697472187,127.12218412117119,84.42223730541426
P005,2026-01-01T11:11:30Z,1721,68.30674262233887,97.19247432974548,16.600077238118335,36.87005711004191,121.6570463793607,87.40336838212743
P006,2026-01-01T11:11:30Z,1722,123.82692435938527,88.36086141051771,24.10977899508129,37.661947437781976,171.05795262588447,100.43645435759716
P007,2026-01-01T11:11:30Z,1723,86.02020864808492,96.66715696070315,19.079835644777194,37.281448239803,127.35514147544008,75.34735332604777
P008,2026-01-01T11:11:30Z,1724,88.80378910690757,94.5310444516941,18.166010843433412,37.091526962916085,158.56316418562506,88.7164142901926
P009,2026-01-01T11:11:30Z,1725,79.6691676938924,96.99840652923682,15.802937769824249,36.761595351812595,131.44041646326596,69.33995734363167
P010,2026-01-01T11:11:30Z,1726,82.74391087682666,98.41863859856936,15.861545329440053,36.975129856918265,117.92710001998941,81.76132632870916
P011,2026-01-01T11:11:30Z,1727,73.97049337789828,97.69013959384948,15.281207305967786,37.35744352743602,122.07476293431174,92.52333078605248
P012,2026-01-01T11:11:30Z,1728,103.73143882459374,84.53037255726022,26.853876023745254,39.28938516957459,170.53992380576048,117.3825434766823
P001,2026-01-01T11:12:00Z,1729,87.4831534113327,92.50571060672962,19.70107975393961,37.51215329407968,132.5896220055705,84.01272094252961
P002,2026-01-01T11:12:00Z,1730,81.87220281076729,97.4457592703782,17.53873944619919,36.55350349929285,121.27195063382406,85.7687046567435
P003,2026-01-01T11:12:00Z,1731,68.6543626071956,96.50547831292666,16.292545066988126,37.04650337358658,106.98440969850648,88.76038877417889
P004,2026-01-01T11:12:00Z,1732,70.08900406955257,96.79344560059843,14.502514457727331,36.81854653510614,124.21579732410916,84.03862989753115
P005,2026-01-01T11:12:00Z,1733,76.0672531568771,97.80677798450947,16.189396294099193,36.806441238100724,111.44561220622512,79.48301133848199
P006,2026-01-01T11:12:00Z,1734,108.83021731694419,84.80694458518803,34.015685904062835,38.37555730974211,152.98164151620068,91.85902457709592
P007,2026-01-01T11:12:00Z,1735,85.74955452583484,95.13246619646506,20.39909061576116,37.307849073053085,130.48500654453687,71.76047728653451
P008,2026-01-01T11:12:00Z,1736,85.28847599167757,95.35241366456206,19.99741065677385,37.14571093227816,123.65758795643518,90.31136105314853
P009,2026-01-01T11:12:00Z,1737,77.38731165179395,96.82213662459364,16.1922699474915,37.35924420797868,131.43966610752105,84.3344300617172
P010,2026-01-01T11:12:00Z,1738,84.36305801603778,97.81728900007828,18.115973361459012,36.767564982470034,117.3198147141574,83.69334362797895
P011,2026-01-01T11:12:00Z,1739,,97.98757519631282,12.980670286544095,37.088715740503176,115.62603117128467,76.73819763127834
P012,2026-01-01T11:12:00Z,1740,118.30059179283913,88.22291375490512,24.743715471767697,38.39602808943466,156.02360308294084,108.8880975472305
P001,2026-01-01T11:12:30Z,1741,67.43827944532985,97.27899287796387,21.65752773445206,37.04268135788181,126.10387301148698,
P002,2026-01-01T11:12:30Z,1742,77.05465149544027,97.75918532564687,17.48212657209002,36.27408999675361,118.84215218571205,75.27102026277404
P003,2026-01-01T11:12:30Z,1743,92.3977959600493,97.34508810347339,18.30494783362246,37.55316831836874,138.87428726092324,85.41668405749091
P004,2026-01-01T11:12:30Z,1744,73.50695573295889,,15.599021665822452,36.62604625386443,119.60151737872835,82.92377908324796
P005,2026-01-01T11:12:30Z,1745,76.657841164944,95.97174031494238,18.14487443444558,36.87240827308974,116.85367709087653,84.96335596833872
P006,2026-01-01T11:12:30Z,1746,108.21073071260001,88.6535898793177,25.195070520469717,38.58434249692855,163.3536288160557,105.66796674160474
P007,2026-01-01T11:12:30Z,1747,82.56375358631085,96.5197952280864,18.87268315253433,37.30537613158633,130.815527686531,66.72123808915883
P008,2026-01-01T11:12:30Z,1748,84.28331792835591,96.32230389865884,20.828383287997845,37.068804915324726,130.5133332076587,83.55839500334686
P009,2026-01-01T11:12:30Z,1749,63.18505349793183,97.33617588600876,17.295047909717667,36.13338446707607,123.69457730831756,81.62526208339106
P010,2026-01-01T11:12:30Z,1750,78.28622420233278,98.1983122200367,15.59195589179517,36.98523144266901,133.2479182573111,77.20061901114146
P011,2026-01-01T11:12:30Z,1751,72.18500363802212,96.67385956110708,16.08973678365624,37.4064794503322,112.27512529798524,91.45321253157859
P012,2026-01-01T11:12:30Z,1752,124.02433753286887,86.22617296341855,24.20963947606927,38.552564917947876,153.52050960138456,111.4747342309077
P001,2026-01-01T11:13:00Z,1753,94.1256384303091,94.8398708588657,19.115836187319204,,137.12794194782674,80.2887008206977
P002,2026-01-01T11:13:00Z,1754,81.70993939434919,96.8604317209253,15.081418575347492,36.56480429880715,118.34829586806147,89.79535574978621
P003,2026-01-01T11:13:00Z,1755,83.6566109206396,94.22519390222891,16.921207206581066,37.492318279978974,130.2311061708021,77.25956910052923
P004,2026-01-01T11:13:00Z,1756,72.1312654050947,97.68945617625046,18.1196137569044,36.99792786387601,114.14776961606486,74.03391997201659
P005,2026-01-01T11:13:00Z,1757,86.58440101851696,97.84436487765464,17.260331414473058,36.907075630165025,121.55855524405398,77.47621014558146
P006,2026-01-01T11:13:00Z,1758,127.83514310122196,89.90130936782057,29.950254736702274,38.36181712174906,170.7245923067066,108.64099190593528
P007,2026-01-01T11:13:00Z,1759,84.38179994152625,95.24279574647778,21.45267890506799,36.924373981796755,119.45711395557962,78.86869567880252
P008,2026-01-01T11:13:00Z,1760,79.46024555740169,95.68806382078003,20.25702533736035,37.43802704435149,137.8302963432745,77.26523569623788
P009,2026-01-01T11:13:00Z,1761,73.20678217404642,98.16078082509706,20.069351794276635,36.91612276848229,126.49376009246691,72.41683026780908
P010,2026-01-01T11:13:00Z,1762,80.87211844459164,97.66700955809954,15.722024347654315,37.14998890662904,132.0067048057215,74.67483339588001
P011,2026-01-01T11:13:00Z,1763,74.67882559033636,96.85449339851172,16.46434257369319,36.66472723829166,119.8825075720091,72.57269443136472
P012,2026-01-01T11:13:00Z,1764,112.70785221587886,89.89709892395014,24.531774501420973,39.007119200189955,179.5222784000505,111.76055663335087
P001,2026-01-01T11:13:30Z,1765,76.24884503338015,96.63587294966972,15.291169331529144,36.64455518083175,119.11618051015323,69.50681592632898
P002,2026-01-01T11:13:30Z,1766,71.71779295917686,97.13282512322431,15.286353453060226,36.80115503188418,132.613582808625,90.87926875394145
P003,2026-01-01T11:13:30Z,1767,102.2021147513735,93.30675497150361,17.79480083241549,37.80690011207653,125.44499883707581,87.20145453902096
P004,2026-01-01T11:13:30Z,1768,89.11631719956168,95.92722197155352,16.993613138381146,36.145647232779545,109.83895536299441,83.32162368839948
P005,2026-01-01T11:13:30Z,1769,66.86880895291807,97.22717022555926,17.162496030820257,36.83979789296239,123.04393414981179,78.22876089292465
P006,2026-01-01T11:13:30Z,1770,125.63455061883741,89.52402614014039,24.516019226441816,38.367843631230286,174.51570343706555,114.39217337525798
P007,2026-01-01T11:13:30Z,1771,82.23479247538721,95.14926597606399,15.374932621402552,36.65796696502607,156.8428729817647,82.11652652885802
P008,2026-01-01T11:13:30Z,1772,81.45333090613865,95.93788655186886,19.53341172967036,37.405017720110294,138.9429929322182,80.48133261391212
P009,2026-01-01T11:13:30Z,1773,69.5358942562393,97.99671421538318,15.710463232481684,36.520930782710444,139.414515071086,68.33588241361561
P010,2026-01-01T11:13:30Z,1774,84.10364667404097,96.81325747433647,12.790911287708164,36.97125481590806,119.72698267586723,67.08444071173527
P011,2026-01-01T11:13:30Z,1775,63.763240720839725,96.69158449996681,16.801990758016725,36.94961289191864,117.14579468686753,77.770151207214
P012,2026-01-01T11:13:30Z,1776,138.562657458761,90.32051393252314,33.0933545623334,38.26404281688991,142.70620578016232,100.73747288360184
P001,2026-01-01T11:14:00Z,1777,85.5909591359958,95.78028214384763,21.78107741061327,37.807510914927924,131.61087928201692,75.98907972483805
P002,2026-01-01T11:14:00Z,1778,63.32505975917311,96.26479125203201,16.61377644138612,36.69730590043472,119.16248109495902,81.67684908495555
P003,2026-01-01T11:14:00Z,1779,87.45699610834978,96.9476334308983,19.461353047227107,37.73337468330323,110.63981940487267,84.91453316248281
P004,2026-01-01T11:14:00Z,1780,79.5648882784356,96.5492356440081,14.32939210607367,36.42282743262048,118.96221292486732,76.9350747701606
P005,2026-01-01T11:14:00Z,1781,66.46295653736574,97.76232300152296,16.892794298958936,37.06703070848427,115.44580009857413,79.02647917261058
P006,2026-01-01T11:14:00Z,1782,113.61528596700117,90.60874121240265,24.15414036496823,38.67028764139754,168.43549696887712,99.75277356848873
P007,2026-01-01T11:14:00Z,1783,94.49441199634221,93.15890697275229,16.711593620099407,37.16111445061266,157.82206119055445,79.50841217845489
P008,2026-01-01T11:14:00Z,1784,78.39143685508381,92.10860330381739,22.28793953842265,37.05422577480986,110.71175485531836,84.76572714702051
P009,2026-01-01T11:14:00Z,1785,80.92984110433098,95.30762490556886,16.256412672182513,37.1796365473442,130.01770802316327,82.251369509024
P010,2026-01-01T11:14:00Z,1786,65.4770389324681,98.80773991650508,14.14695633076097,36.80674532861007,126.7470917641624,82.6373199617311
P011,2026-01-01T11:14:00Z,1787,84.51210904992011,94.96163194869574,18.068831273187698,36.70976700958265,128.34958533155185,81.06116523179521
P012,2026-01-01T11:14:00Z,1788,79.74224406474185,87.58551661271899,25.3059093503009,38.41121591230102,152.02985464501342,109.85190752281432
P001,2026-01-01T11:14:30Z,1789,,94.92170406352922,20.32009276322883,37.482628183164195,141.09899123340628,69.73825068076664
P002,2026-01-01T11:14:30Z,1790,79.58178120955657,97.08008191470634,18.852933324246607,37.431885916244845,131.006399437714,
P003,2026-01-01T11:14:30Z,1791,90.1061910464692,93.6393116726169,17.981851847747507,37.34699785488159,138.3923889607697,81.54354073544124
P004,2026-01-01T11:14:30Z,1792,70.9070536806277,96.98709420580663,19.023676685753617,37.06327746977897,120.53720260979235,71.84497942968211
P005,2026-01-01T11:14:30Z,1793,72.93337060364452,99.04228999406071,14.887065356144232,,107.25154269752807,75.88086667722173
P006,2026-01-01T11:14:30Z,1794,109.0933992649625,88.70030054732594,28.688941332207136,38.51052137871702,169.094516309531,107.2963735810521
P007,2026-01-01T11:14:30Z,1795,72.82903987985048,95.05367761779881,16.443151588520884,37.44621619341389,140.1751669103909,66.50119797983643
P008,2026-01-01T11:14:30Z,1796,81.44720213670436,92.56481884942963,21.13922990356942,37.973387942536725,151.06466318168668,80.36018537756647
P009,2026-01-01T11:14:30Z,1797,82.1710828208952,98.15910126212756,14.954624630576875,36.62306625858407,99.5079574440483,75.92303183940123
P010,2026-01-01T11:14:30Z,1798,75.29985964038006,98.71778310834173,17.47629783266607,36.775241743876755,118.65872060643083,82.73027816102422
P011,2026-01-01T11:14:30Z,1799,,98.75696313179061,16.681323563519445,36.837471637412705,105.53358472698076,78.06520707264026
P012,2026-01-01T11:14:30Z,1800,119.98829494284641,89.44957940193436,30.912886743590107,39.45630269639701,159.71043512345068,103.65381643611632
P001,2026-01-01T11:15:00Z,1801,90.34937706316964,95.04272492096405,13.464975643761038,37.253651361229224,123.55883161041028,93.49568786946607
P002,2026-01-01T11:15:00Z,1802,79.62205289293365,96.88655652438302,18.134430550336322,37.19780545073116,107.2496716573737,69.62884893635334
P003,2026-01-01T11:15:00Z,1803,84.72054828452606,95.26826497247909,18.898904027838213,37.66928839862387,151.55731863038054,78.39757503017489
P004,2026-01-01T11:15:00Z,1804,76.12762820860074,96.15425194592986,16.021664120958494,,127.47310609245869,88.66836965213714
P005,2026-01-01T11:15:00Z,1805,84.92628964477811,97.32259308588104,15.790407469761066,36.66668816195071,106.27960381392924,79.97539161790762
P006,2026-01-01T11:15:00Z,1806,122.86098005325827,88.00321425658923,24.931522430002843,38.16916398713155,163.1802090793245,110.32035211982793
P007,2026-01-01T11:15:00Z,1807,91.40720652981919,95.1353835161732,19.585169551923805,37.10386560164223,114.31891346530915,84.14985096671141
P008,2026-01-01T11:15:00Z,1808,76.1509248821361,95.73064362658882,17.24480532573595,37.61964121737352,141.97678682815408,75.27518134733309
P009,2026-01-01T11:15:00Z,1809,72.70890334060743,98.1842911271066,22.019540266838725,36.828352849755305,110.7759570946696,74.9190469535096
P010,2026-01-01T11:15:00Z,1810,,96.59694375028279,15.172282900659136,36.60017208072473,115.63569503251011,81.86181600362244
P011,2026-01-01T11:15:00Z,1811,71.24740702565327,97.80921513817167,15.256695547904691,,120.29725022141969,69.11919282164764
P012,2026-01-01T11:15:00Z,1812,136.68105024001707,,26.55857392431016,38.30873512847957,151.14827047170985,82.07782839214241
P001,2026-01-01T11:15:30Z,1813,99.2232248928197,95.22842182024768,17.495114490536572,36.91168934678352,129.88148641558777,92.33026094684794
P002,2026-01-01T11:15:30Z,1814,74.51546106643895,98.18822564744328,15.214006789915747,37.17085453092582,119.76451534791701,80.76820989550212
P003,2026-01-01T11:15:30Z,1815,93.21925110432589,96.34675316762781,18.696744718549358,37.8597361954093,148.18935676306992,
P004,2026-01-01T11:15:30Z,1816,66.03779652006972,97.71913257749651,18.044256541052548,36.897624679527205,97.72482147405344,76.48204341350942
P005,2026-01-01T11:15:30Z,1817,71.78844328270803,96.49941284054528,20.064812337215056,37.013516218023156,130.40872169928778,80.96801830724532
P006,2026-01-01T11:15:30Z,1818,112.84867317625303,90.65833338484157,27.8991068888167,39.56273643222139,180.40372973014544,114.28232194009941
P007,2026-01-01T11:15:30Z,1819,79.16092874486279,98.61613266265451,18.790253559168022,37.46296080579567,118.89070950205277,88.48980879943986
P008,2026-01-01T11:15:30Z,1820,90.53297909765165,94.48497588869886,21.639876026004583,37.13985040005443,124.94269699035877,88.04570953246707
P009,2026-01-01T11:15:30Z,1821,81.73548779657435,97.45132025624852,16.765982050699147,36.824837322651874,119.27556047891392,87.16793034097135
P010,2026-01-01T11:15:30Z,1822,79.32966161209559,95.74490616191243,17.50755816105743,37.29107346108087,123.56200891110234,89.87881833361
P011,2026-01-01T11:15:30Z,1823,78.99825154424934,96.83639458374563,15.017859575157946,36.824946827696174,117.40348362896734,86.08265382508371
P012,2026-01-01T11:15:30Z,1824,,90.46197976469719,31.714739361297013,38.24076607623217,165.51110881873336,95.10917088660469
P001,2026-01-01T11:16:00Z,1825,77.6181243330638,95.92402403684639,22.9179694388197,37.27132284302612,114.69867081653679,96.3932916969561
P002,2026-01-01T11:16:00Z,1826,71.9206772310854,97.14864124533825,,37.39924847486892,130.053865807725,74.85399078840216
P003,2026-01-01T11:16:00Z,1827,88.222024401257,94.97974586258957,25.407952631718402,37.487988701433736,118.83135300446786,71.0505462988802
P004,2026-01-01T11:16:00Z,1828,71.94830766395722,97.59783324453142,13.894495140302508,36.94584527818757,109.97465160908828,78.03711251387072
P005,2026-01-01T11:16:00Z,1829,80.64140060860868,96.64839380594687,16.181556519784827,36.65961961962662,124.90033959814288,82.8229685709817
P006,2026-01-01T11:16:00Z,1830,116.70763388056079,88.21650933883073,28.82374645103434,38.93037517621521,162.74597351777922,91.89597535239042
P007,2026-01-01T11:16:00Z,1831,85.53176649439894,96.20326013452656,21.36500616026307,37.170506087400184,141.94612233319708,82.76886828123352
P008,2026-01-01T11:16:00Z,1832,88.17008560862014,95.6428963361495,17.45430518850124,37.52197703732119,151.4021728790675,79.3267257878561
P009,2026-01-01T11:16:00Z,1833,82.12114083680467,98.35361463611105,19.19977917591595,36.96789133163381,113.08185042841569,75.3719031050569
P010,2026-01-01T11:16:00Z,1834,67.85299113516639,97.09027165462048,15.435081601773199,36.752630496960464,125.09374610727387,70.71316482536383
P011,2026-01-01T11:16:00Z,1835,82.25872270311567,96.80049356372452,15.39141945184155,37.30435411236469,109.65574017532566,75.58115818652644
P012,2026-01-01T11:16:00Z,1836,129.09077821987856,88.52520593129772,30.823359986217785,38.77089648166487,177.02768234949164,92.74467473316302
P001,2026-01-01T11:16:30Z,1837,82.9164685436896,95.81490224224125,16.966527702656776,37.080582738065246,125.48084085807143,79.77927069408435
P002,2026-01-01T11:16:30Z,1838,79.66361328110372,97.11621515685087,13.959381341752355,37.441551743813065,130.34781189166472,87.6769620836135
P003,2026-01-01T11:16:30Z,1839,84.2173009875898,92.29283579801839,19.154681839389298,36.90387750741169,123.59429161157486,87.77572867827996
P004,2026-01-01T11:16:30Z,1840,68.32798493244904,95.89134995945244,12.921428003429487,36.404344870676866,125.02894068644105,72.13326408366497
P005,2026-01-01T11:16:30Z,1841,70.49137920374446,97.44848186800473,16.99374315478485,36.75753502647327,123.48276893514243,70.4902906202299
P006,2026-01-01T11:16:30Z,1842,117.09723384429617,85.31528010144717,24.07572713138673,38.198572572703156,173.04663041756908,110.50452994337243
P007,2026-01-01T11:16:30Z,1843,91.76126994229267,94.85659511628313,18.94117095691387,37.52526778038488,123.41046281449277,88.57283610075575
P008,2026-01-01T11:16:30Z,1844,92.40656070102796,94.81839343014099,18.960494740579485,37.0515877936818,141.6034141780996,83.91951347287028
P009,2026-01-01T11:16:30Z,1845,72.04868183391235,95.97118710169337,15.686917050831177,37.21934197802019,124.04025490246862,75.34907456102098
P010,2026-01-01T11:16:30Z,1846,65.46850978419766,97.71806124756358,13.79450161617924,37.25327934904767,99.99287362704376,88.04654965516028
P011,2026-01-01T11:16:30Z,1847,71.22067448346364,96.84027724789617,15.395844115035258,36.73848124254653,104.59239283047899,77.85199760094903
P012,2026-01-01T11:16:30Z,1848,124.59255623387646,89.49755397134697,28.60255076602094,39.51052499742384,166.28156921172445,92.89791050841535
P001,2026-01-01T11:17:00Z,1849,90.56010666415955,,21.641796623309226,36.93984484074807,120.74023185947274,95.19239106028725
P002,2026-01-01T11:17:00Z,1850,75.9567886945912,97.08241926468341,11.761365171714512,36.80426650203439,124.08996655248075,79.38997745815546
P003,2026-01-01T11:17:00Z,1851,86.66085521289085,94.85421462131647,20.318860906174784,37.22538774765704,138.49930029584766,74.7863888276921
P004,2026-01-01T11:17:00Z,1852,76.6997110138232,96.91971908025259,12.038887857787172,,141.73441847552402,80.88257562019602
P005,2026-01-01T11:17:00Z,1853,72.8239487785333,97.53061783336312,17.81442346916798,37.18048192263885,107.78737176214025,69.13332134851152
P006,2026-01-01T11:17:00Z,1854,123.76560516403894,86.23144800847803,20.11632578536104,38.68563638077284,172.3700238156367,111.06709466369733
P007,2026-01-01T11:17:00Z,1855,86.75554895133195,95.38114089815527,20.50381893932957,36.74856117178078,128.1925070371134,87.9267250009523
P008,2026-01-01T11:17:00Z,1856,85.65300143534793,95.23553133630121,19.117186500952922,37.348681714720236,125.08504506818433,78.85296241499931
P009,2026-01-01T11:17:00Z,1857,64.7991334803118,96.88495408658017,15.238085043985219,37.28257335812474,117.14693037413525,82.00674107924097
P010,2026-01-01T11:17:00Z,1858,73.55647645619003,97.81834574738902,15.92071477262883,36.35036911863604,118.80290719415464,70.9009272586813
P011,2026-01-01T11:17:00Z,1859,79.72337620978651,98.23319373223258,14.195157537452133,36.57076785151769,139.5588644627095,77.94139232102995
P012,2026-01-01T11:17:00Z,1860,,86.24323298062733,24.608671657474524,38.041098912347586,168.0490121702136,113.01499914285
P001,2026-01-01T11:17:30Z,1861,93.60322620681741,94.92921792519128,18.48553118412496,37.22832689429054,139.6720817342053,83.03351871117057
P002,2026-01-01T11:17:30Z,1862,76.27770135436084,97.16739803541523,14.439234194872123,37.23211527370163,117.65919690327348,78.77532330410436
P003,2026-01-01T11:17:30Z,1863,,96.28886429998495,,37.21782491844242,,87.80181109003544
P004,2026-01-01T11:17:30Z,1864,86.43984280846279,96.11530729473714,18.284709527017615,36.78952965488662,133.42696833438325,75.99932782191505
P005,2026-01-01T11:17:30Z,1865,69.68546928294955,95.9966985136613,15.590120320621736,36.72194662137892,111.48066480824215,77.78740431163689
P006,2026-01-01T11:17:30Z,1866,105.23744938052175,89.62594282775878,28.514377234697523,38.0911392865239,164.82804775371622,109.42491975012891
P007,2026-01-01T11:17:30Z,1867,86.17535001096829,95.79857205748868,13.2178496918249,37.10048692160848,136.41015119905015,83.45590876438878
P008,2026-01-01T11:17:30Z,1868,84.17015533435392,96.54957409159358,17.743472641576265,37.70415889095317,146.22171783602283,89.22580272143158
P009,2026-01-01T11:17:30Z,1869,,96.68483691330246,17.839222052074625,37.247865932495564,127.42989242494359,73.84818434461017
P010,2026-01-01T11:17:30Z,1870,74.57496952550846,96.66892773696841,15.404506151781002,37.2646097910957,121.51070879995883,89.14749705845168
P011,2026-01-01T11:17:30Z,1871,73.47923467058608,98.57482125826957,16.23600674454699,37.150996678363676,111.02260119881855,80.09048369525584
P012,2026-01-01T11:17:30Z,1872,103.19259940490939,84.32354995775839,28.73930603161269,39.39059939767921,151.50475548381766,120.87663670358725
P001,2026-01-01T11:18:00Z,1873,78.9881266331127,95.39219375779653,19.26690265347089,37.239944916929964,127.54132048488309,79.36110437123064
P002,2026-01-01T11:18:00Z,1874,68.79232892626767,95.56948481894574,18.033930108775728,36.6169424877273,118.5847176324634,74.32740216070334
P003,2026-01-01T11:18:00Z,1875,83.90242601788606,96.33341518893832,17.97909531164116,36.552004944815934,135.23286172218926,87.27169338320077
P004,2026-01-01T11:18:00Z,1876,74.64110148386185,97.10489549207334,,37.02083477213735,,79.67550832766412
P005,2026-01-01T11:18:00Z,1877,77.4387385325132,98.94763639836131,16.109632976818357,36.32320227386209,113.77483115110735,79.57372717122549
P006,2026-01-01T11:18:00Z,1878,107.2489224856325,90.63024748044622,26.011533838949216,37.876003297019736,173.30531380860825,114.57789256752947
P007,2026-01-01T11:18:00Z,1879,82.70506629758543,95.41041326258187,17.928523855424114,37.164358867669044,134.81267577385407,77.22724182270048
P008,2026-01-01T11:18:00Z,1880,89.69701257302921,94.48016586871684,,37.65995744116356,106.65364556274244,79.35717842924305
P009,2026-01-01T11:18:00Z,1881,78.49659205530119,97.80280981730213,16.7978778675463,36.92177769727293,124.59984145180316,70.94360946650397
P010,2026-01-01T11:18:00Z,1882,74.02013521119791,96.70589338301023,15.292794567485114,36.419329077648534,108.28775191238593,81.72661805380866
P011,2026-01-01T11:18:00Z,1883,71.2091879249668,98.07446970876877,17.457582769677565,36.47670496872783,124.2703998019403,73.70953926248912
P012,2026-01-01T11:18:00Z,1884,109.58074628855867,87.3321300672298,29.298350103512146,37.84180535475482,178.87080577273008,87.55338238658796
P001,2026-01-01T11:18:30Z,1885,77.30499868189783,93.97623261015801,20.12051475541116,37.542861121562765,123.01784946391513,77.87255032219254
P002,2026-01-01T11:18:30Z,1886,70.28520061220554,98.25143475080354,13.442558568756617,37.24971607733332,106.56230373405728,77.37266608879138
P003,2026-01-01T11:18:30Z,1887,90.75429310546554,96.30579909640068,19.455317864535186,37.19389398059528,140.24577793522974,83.74047124119178
P004,2026-01-01T11:18:30Z,1888,77.46287499439974,97.43705895518558,17.76779115248967,37.100611986091586,124.6430703121776,76.86848967873001
P005,2026-01-01T11:18:30Z,1889,74.13052943818725,97.7416527079203,16.531114561019546,,133.32289098847286,82.26712677404335
P006,2026-01-01T11:18:30Z,1890,112.2437997336024,90.1686628573143,29.08061049906162,38.412375426293416,190.61604628038825,95.29288815248881
P007,2026-01-01T11:18:30Z,1891,80.80866514932507,93.27659358938197,20.228040715092188,36.828080040152706,137.33547933765544,79.79123093982497
P008,2026-01-01T11:18:30Z,1892,83.00062673894679,95.43308497065615,17.325109120158004,37.14406614432482,127.20349439251831,83.97852660819048
P009,2026-01-01T11:18:30Z,1893,79.41494689467612,96.94308133083165,16.409038819399072,36.96600720148358,136.41390935946987,80.28950220937668
P010,2026-01-01T11:18:30Z,1894,77.14893876620928,96.46334487211259,15.763639389780531,36.878555149005265,121.49682895151763,85.40785121829273
P011,2026-01-01T11:18:30Z,1895,69.66053407008475,,17.98743963623393,36.484703659275084,114.29836315663026,78.98910504166953
P012,2026-01-01T11:18:30Z,1896,113.85638061549177,85.98168973413513,25.495418871373047,38.797031286692366,161.73599580512715,114.66474277363331
P001,2026-01-01T11:19:00Z,1897,88.85658223638781,95.47873049724228,15.10647949627862,37.576609321721406,132.05236076958965,84.45348989456028
P002,2026-01-01T11:19:00Z,1898,84.62947964158533,96.3864143780692,21.09756257321118,36.61444987098477,131.50928048409853,75.82563465784499
P003,2026-01-01T11:19:00Z,1899,88.03200291263842,91.69276390648034,20.048188182828934,37.536355329785444,124.00911138134602,76.99151823467477
P004,2026-01-01T11:19:00Z,1900,66.57685744484098,96.99599624508329,17.05296480079004,36.91796804291384,127.70982348522165,83.18051985689831
P005,2026-01-01T11:19:00Z,1901,86.9920197103344,96.14286900352401,18.00220018369183,37.24041517336999,108.70838460582023,82.27417028650915
P006,2026-01-01T11:19:00Z,1902,112.64349383989348,87.749822097044,23.221625680243122,38.36393297121526,166.64737474584788,105.6394327798426
P007,2026-01-01T11:19:00Z,1903,86.9306126252341,95.54003542057772,20.59013936977849,37.38940732844777,129.99930086430828,76.34032737169598
P008,2026-01-01T11:19:00Z,1904,87.76756305998248,95.81439570225135,19.29971260551111,36.42765173650096,136.170367962674,91.23524275087789
P009,2026-01-01T11:19:00Z,1905,78.7170487053539,97.27230159471583,14.861187515607115,37.29925701846894,121.64606734836524,68.60509794225268
P010,2026-01-01T11:19:00Z,1906,76.09655944792732,97.84784757956382,15.392415428386585,37.140791312649085,95.47328240611093,77.56330046504594
P011,2026-01-01T11:19:00Z,1907,75.77701816171387,97.65032778706842,18.861921597807775,36.95853115656401,129.57257323743343,78.86922103103753
P012,2026-01-01T11:19:00Z,1908,115.33645283064156,85.14298326203262,26.35388883972354,38.60065293395213,190.31827480540315,
P001,2026-01-01T11:19:30Z,1909,100.70270940818314,94.71307889587928,20.16484285899817,36.41233945319479,140.9967522173984,90.26478365076704
P002,2026-01-01T11:19:30Z,1910,72.13707100262287,96.9414830418827,19.726530774103043,36.699077960358295,146.22417241743395,85.45154350409481
P003,2026-01-01T11:19:30Z,1911,90.09714548490848,95.05254033400104,18.02130447612292,37.67513221805941,122.21592782738743,78.78831339888758
P004,2026-01-01T11:19:30Z,1912,80.33829405854512,97.86680684572241,14.54480333446506,37.05999658587478,120.33352919979555,86.16650983847045
P005,2026-01-01T11:19:30Z,1913,67.45175252155158,97.26718821739078,17.068993989771034,37.00921925683892,116.6096187406992,83.95159178112746
P006,2026-01-01T11:19:30Z,1914,121.54343456321382,88.66644752013971,27.9104765569311,38.966452965480855,168.37084850397423,85.71434850165826
P007,2026-01-01T11:19:30Z,1915,80.98317547449561,95.83325308422907,22.55722738741069,37.40318992884657,120.36299849688419,76.48613099449446
P008,2026-01-01T11:19:30Z,1916,85.20307627681053,95.64011551938185,21.583962377629856,,119.82426438391222,79.98744454178535
P009,2026-01-01T11:19:30Z,1917,77.25135569112832,97.54586661295193,13.966018744993049,37.20691699407717,133.3717091806754,66.77788156548527
P010,2026-01-01T11:19:30Z,1918,70.04462000785867,97.67144520958318,15.427910662488632,36.507173303602684,112.68495780395868,70.2453224178517
P011,2026-01-01T11:19:30Z,1919,76.10059258177641,98.45563943858069,13.257322616115385,37.396910091425745,130.6414409803217,77.87006102977561
P012,2026-01-01T11:19:30Z,1920,117.38358653197912,89.99410540031543,30.668663745208637,38.189422479115564,175.54393529168513,93.16213426986438
P001,2026-01-01T11:20:00Z,1921,87.82346437778396,95.9462782586372,15.304058522269212,37.264176465107916,133.36704998695677,72.4424088530202
P002,2026-01-01T11:20:00Z,1922,73.62894207112438,97.46866958521387,18.489242013586637,36.23388093406676,127.60701909171644,
P003,2026-01-01T11:20:00Z,1923,85.9690492813148,95.25553536160886,,37.452909209617566,149.4491599206626,75.19700190428534
P004,2026-01-01T11:20:00Z,1924,70.04107482144057,97.31393132136282,16.00604589099794,37.09077037345346,116.27414563619935,73.90802625269656
P005,2026-01-01T11:20:00Z,1925,80.07575728401952,98.53935368020124,18.475140132234372,36.57453653006737,129.20523698849064,79.59213903479105
P006,2026-01-01T11:20:00Z,1926,126.57209503314348,87.22189608839646,27.29211910962933,38.06502402086047,169.18274198959165,106.57321852322609
P007,2026-01-01T11:20:00Z,1927,86.76869589967744,95.58740252251911,20.190462063361846,,125.00843515742544,81.58703363474191
P008,2026-01-01T11:20:00Z,1928,81.98837452444373,96.80757739497001,18.96484439753123,38.17547083037624,135.98862441148765,73.39749609454392
P009,2026-01-01T11:20:00Z,1929,74.73560094530238,96.34979294106161,19.457641561932782,36.53321661622574,,80.8793072884916
P010,2026-01-01T11:20:00Z,1930,63.56789666506921,97.5482804905102,14.255009240088437,37.08936578207108,120.18540831598143,76.50112602891718
P011,2026-01-01T11:20:00Z,1931,74.15572611707145,95.89550705851418,14.881942042421942,36.93036076947657,117.98518591839301,80.39889531837413
P012,2026-01-01T11:20:00Z,1932,124.90085106909567,86.44611064445624,25.140617425305816,37.97779406204534,156.56827987111888,96.91531007473131
P001,2026-01-01T11:20:30Z,1933,76.78279917513548,96.79820687123195,23.389437599558235,37.28299194713901,122.68340315909866,77.37511470683097
P002,2026-01-01T11:20:30Z,1934,69.0783296563497,96.50694896133153,16.12144252630486,36.53966997094677,124.73584655496896,82.8307411284621
P003,2026-01-01T11:20:30Z,1935,92.06938813983585,95.61781703118179,16.159575849051762,36.918086031983705,135.2202878464746,
P004,2026-01-01T11:20:30Z,1936,75.47561384622696,98.24459159512014,16.484260057400675,36.72026944360785,125.23633434989756,90.85447943532587
P005,2026-01-01T11:20:30Z,1937,76.01613256647481,98.49385702110547,16.30078478604731,36.57626046261077,141.6006306740535,88.57468978767545
P006,2026-01-01T11:20:30Z,1938,117.064209307883,94.20222974384949,22.077116766818435,,,106.64405025770566
P007,2026-01-01T11:20:30Z,1939,78.4918137327577,97.60391896363686,20.693414539922582,37.37561736645645,125.1933597622643,74.9997006500511
P008,2026-01-01T11:20:30Z,1940,87.17214448398083,95.7486505021075,21.206677565503707,36.834556807354936,150.51859580526713,85.40782698658077
P009,2026-01-01T11:20:30Z,1941,69.98353786494368,97.6577560109353,15.604929721699088,36.893492662052054,143.3930243513502,83.21441482658825
P010,2026-01-01T11:20:30Z,1942,63.71737740071073,97.91138100492591,13.4661580053792,,121.61276584735484,78.7683522885862
P011,2026-01-01T11:20:30Z,1943,70.15255017150844,95.80062483799365,16.996699736975454,37.26554697654097,118.35423348985512,80.42710612940857
P012,2026-01-01T11:20:30Z,1944,129.10826118952298,85.99955371824278,28.302084844208284,38.98870353422126,157.9817737002924,100.5041023483804
P001,2026-01-01T11:21:00Z,1945,87.12101885691486,94.32045404634624,22.035286539798964,36.72074654641883,134.848719395629,81.74260485012556
P002,2026-01-01T11:21:00Z,1946,79.70432664734784,96.89859529011726,16.38785091305605,37.18718164958393,135.63645551416334,79.73208086885673
P003,2026-01-01T11:21:00Z,1947,90.33707431488678,,21.613876325326483,37.86878066353231,134.79457359363877,94.32940853485782
P004,2026-01-01T11:21:00Z,1948,71.34842121920674,97.2742163827163,16.330437818643553,37.18263797754936,118.50969606995032,72.78369750926826
P005,2026-01-01T11:21:00Z,1949,81.24407651809321,97.8123284295232,16.739071266840714,36.844191515531314,126.60895923714587,74.68060509375539
P006,2026-01-01T11:21:00Z,1950,113.01905554676,,30.464501011578058,38.83076624212894,156.14856189850173,113.54640427675744
P007,2026-01-01T11:21:00Z,1951,76.39406713695958,96.07518929551401,21.101857549677938,36.49962691200614,137.7424375692298,94.34538477222799
P008,2026-01-01T11:21:00Z,1952,90.20732966350968,97.93820655873303,17.813230252147154,37.30109617571923,137.77358033836381,77.7796181519652
P009,2026-01-01T11:21:00Z,1953,77.81319633320261,97.7062953961275,13.582131915840693,36.73088933472173,125.1407377358426,82.21447296002108
P010,2026-01-01T11:21:00Z,1954,78.87066310717695,96.82866146538657,16.914723908712958,37.041388363603375,143.3394187571166,75.98242654737534
P011,2026-01-01T11:21:00Z,1955,77.77407906812398,96.93381160752308,15.013250028138382,36.62495084686139,116.98801159133295,70.22923164520634
P012,2026-01-01T11:21:00Z,1956,110.8870681454439,90.74953070926252,28.436670555524962,39.11706087698192,154.67483228822073,89.55135475807863
P001,2026-01-01T11:21:30Z,1957,85.55878017384153,95.47581888635585,20.38642267333682,37.53140816081014,140.49235000718593,80.87432079529766
P002,2026-01-01T11:21:30Z,1958,70.1683730191429,96.48941628516845,11.665267509171247,36.78040196136804,131.58283265576603,77.0873938791032
P003,2026-01-01T11:21:30Z,1959,94.73256978549864,96.6794582875224,21.05230773742785,,128.40201100017714,
P004,2026-01-01T11:21:30Z,1960,72.8837305908961,,18.383650636032193,37.10033424379927,126.80636204176012,80.64529283369198
P005,2026-01-01T11:21:30Z,1961,,97.24584283790138,17.773171122434988,,122.2983114815604,82.27808916646512
P006,2026-01-01T11:21:30Z,1962,124.20249936183954,90.17421873024804,22.102850464203925,39.187662563163315,151.358108504184,100.90966672834804
P007,2026-01-01T11:21:30Z,1963,83.84865919622695,95.71578283306667,24.258681450176773,,142.59012969965988,70.91996485071247
P008,2026-01-01T11:21:30Z,1964,89.20466298812777,,21.151930519623626,37.3871511942872,136.32265694734227,
P009,2026-01-01T11:21:30Z,1965,78.22628191155867,98.39972612141209,19.684645602900446,36.623634513938576,110.15723411273783,79.95430301512096
P010,2026-01-01T11:21:30Z,1966,72.13504038782648,97.00896577589693,17.38794301155093,36.80205579792742,122.49785143422054,91.47706698143975
P011,2026-01-01T11:21:30Z,1967,77.90473560923193,95.42150668484118,16.19399137489472,36.728704912770745,134.4543057397005,83.78774438529017
P012,2026-01-01T11:21:30Z,1968,94.34185701070056,89.47987561108734,30.826933722937618,38.55564348464399,174.07073738398506,102.92839082902042
P001,2026-01-01T11:22:00Z,1969,84.36676338655374,93.71107024971235,19.596035249336385,37.578546859030446,132.4716507061056,74.63631400753975
P002,2026-01-01T11:22:00Z,1970,77.53914352394558,96.16311075521764,16.567590423643942,37.47560300937213,132.76277789647253,71.91930116258017
P003,2026-01-01T11:22:00Z,1971,75.08660079909406,95.61556823084916,22.13407342541271,37.23359441590092,132.90792964810296,86.09988201678972
P004,2026-01-01T11:22:00Z,1972,79.8068556296043,96.20124713478306,,37.239117641115094,116.18384547750486,83.10950312606555
P005,2026-01-01T11:22:00Z,1973,77.44509724860723,98.23211474589891,15.275982281969773,37.049824359975446,126.89117132595237,72.4269979544099
P006,2026-01-01T11:22:00Z,1974,103.21444727874777,91.25858145916266,23.05272458201315,38.141729192957804,162.93889510973622,118.86113161542842
P007,2026-01-01T11:22:00Z,1975,88.44686908103756,95.11127452806207,20.159927281565313,37.029677882436125,133.76659113644712,73.74848902284062
P008,2026-01-01T11:22:00Z,1976,108.82776919978278,95.13266469591774,17.362842174066156,37.154405535879135,115.6986019303372,80.96049854981459
P009,2026-01-01T11:22:00Z,1977,71.6481590174425,97.56000606305798,17.230856830377533,37.06285441525096,120.64025050395489,84.54546780391536
P010,2026-01-01T11:22:00Z,1978,78.32345156006824,98.35523191301867,14.678962983636769,37.44445125608713,122.24477618848682,77.30682271681086
P011,2026-01-01T11:22:00Z,1979,80.79298270362568,98.71340419875665,17.228925164908883,37.192466807113334,122.4889256509525,82.40239372461133
P012,2026-01-01T11:22:00Z,1980,127.82699919873508,89.90713433307803,34.00015068065609,39.12631486981829,162.09847353419568,106.07764353443322
P001,2026-01-01T11:22:30Z,1981,87.67472320059892,,21.706250237301628,36.86157463521302,,90.24292112884604
P002,2026-01-01T11:22:30Z,1982,,97.66578073078712,13.492460233314683,36.53669111095468,132.52140468309904,81.30723126944046
P003,2026-01-01T11:22:30Z,1983,82.20317719002963,95.24491630897556,17.096757083556163,36.89382092645069,107.42375431901893,83.2958011945068
P004,2026-01-01T11:22:30Z,1984,71.0283668291467,97.36709213069314,13.93434026897646,36.86865182214509,118.88221350344037,77.93087030693043
P005,2026-01-01T11:22:30Z,1985,76.17793624425015,97.78405101377899,14.999532319506134,36.78058636919748,117.62226797646306,74.96568213955811
P006,2026-01-01T11:22:30Z,1986,130.45609091266286,87.91535206354725,23.519631012429933,39.46908665573238,174.60620211327284,104.86821407675752
P007,2026-01-01T11:22:30Z,1987,92.80584958366964,94.9135000567468,23.853907986238614,,143.17519756804273,83.66527333100714
P008,2026-01-01T11:22:30Z,1988,78.46432803722969,95.50798246813102,18.10370371658906,37.124838673824115,131.33525739797912,82.49056406878088
P009,2026-01-01T11:22:30Z,1989,73.69952475622087,96.6949813278676,20.29108525281274,36.6695555191814,101.91439397099671,73.75230414501087
P010,2026-01-01T11:22:30Z,1990,64.74538441955251,97.08502425961152,15.351690378024706,37.147605107970385,125.16388947410637,85.12123752756457
P011,2026-01-01T11:22:30Z,1991,77.3959750136068,97.16733978857958,16.819860328963873,37.510480333343764,119.81683956598809,75.81305903150748
P012,2026-01-01T11:22:30Z,1992,120.24045555776617,93.1405380192742,28.160599562425602,37.48038668935645,145.26161886819767,99.74097073719764
P001,2026-01-01T11:23:00Z,1993,89.62497607759298,95.53436133220235,19.825346479778343,36.47105430182466,,81.09471938987322
P002,2026-01-01T11:23:00Z,1994,82.90177664257415,97.44779880203505,20.29083657525201,36.7115411026329,111.33101202716095,77.93497195867023
P003,2026-01-01T11:23:00Z,1995,88.40044530355918,95.27268697509176,21.246019292986684,37.09047477406499,141.98742469568103,74.51549918018459
P004,2026-01-01T11:23:00Z,1996,76.83017894817262,97.83588806355866,15.962723732962655,36.8025930452338,110.81503502492025,73.63721726890833
P005,2026-01-01T11:23:00Z,1997,76.60725332609523,98.45424961559318,13.952414607516603,36.79539893158496,117.7903204875715,81.88342856417705
P006,2026-01-01T11:23:00Z,1998,125.88527307713156,90.76724317141141,24.4995270583496,37.601201746208176,139.43228451348014,104.35246433262283
P007,2026-01-01T11:23:00Z,1999,91.07533548464487,96.20260044030579,21.633830819124658,36.86688745062751,140.05875316979453,75.01275470089936
P008,2026-01-01T11:23:00Z,2000,72.86028372650227,96.51951094579734,22.464351758248835,37.40480811570607,136.68937618630844,88.40133388657931
P009,2026-01-01T11:23:00Z,2001,70.8433654082576,96.5313114424119,20.468217753562996,36.63243427416772,125.32963339989983,81.47879505879965
P010,2026-01-01T11:23:00Z,2002,86.44401510000895,97.58621274949537,14.599692947829494,37.00268686618459,113.67631004981342,79.54667447996155
P011,2026-01-01T11:23:00Z,2003,73.40956501222482,96.65557326023234,16.94233220580517,36.70845118963402,112.14843829795626,77.8055136185746
P012,2026-01-01T11:23:00Z,2004,121.31800081886436,93.39770156254332,31.661178096180777,39.570959734644255,157.05232167352344,117.07219413724071
P001,2026-01-01T11:23:30Z,2005,75.79977783744306,94.96355092266424,21.660177133112366,37.41459756461786,137.60168068097576,76.91503320998535
P002,2026-01-01T11:23:30Z,2006,78.07281149707408,97.42009299744541,20.101569324983153,37.042139750855235,132.80447018879053,79.63759696536658
P003,2026-01-01T11:23:30Z,2007,86.65411027440379,95.00166036688954,16.351242871518934,37.802461267024746,128.72773948279522,75.37035077517643
P004,2026-01-01T11:23:30Z,2008,84.07489582321219,97.62259176943789,15.931183438985022,37.155730162716374,122.24778702015418,80.4093136550121
P005,2026-01-01T11:23:30Z,2009,69.44871349744182,97.36136250673192,15.102259621391445,37.16501360760023,124.21981161345545,
P006,2026-01-01T11:23:30Z,2010,118.1224582252679,90.99325936730891,23.945772960228016,38.519508013461056,161.04939659187087,86.46425020988436
P007,2026-01-01T11:23:30Z,2011,87.29327403851228,95.21779845007951,19.68552959229691,37.290535417872505,128.1719979304237,81.41405822079564
P008,2026-01-01T11:23:30Z,2012,86.13479199585923,96.77133585494124,20.84219612511168,37.24578417432062,147.52141250349297,75.06655753637241
P009,2026-01-01T11:23:30Z,2013,82.78840555585234,97.41635518458261,14.255522455198598,36.621029291041474,135.62115181334536,73.68743032806742
P010,2026-01-01T11:23:30Z,2014,69.75301244838407,96.70205768948888,16.74500727723573,36.834336465277055,127.16424684406059,69.19336724745284
P011,2026-01-01T11:23:30Z,2015,68.12522412625573,98.35584353636752,16.314817528481925,36.69095652713341,112.50948733352516,74.20166000524576
P012,2026-01-01T11:23:30Z,2016,121.02217116393867,90.97551561655972,31.85138652158917,38.729107585244996,169.45937204848744,96.98273580946322
P001,2026-01-01T11:24:00Z,2017,86.64970252846712,94.13779114461761,18.065814687008732,37.86991706585174,120.27847611389225,76.94214242960687
P002,2026-01-01T11:24:00Z,2018,80.36812212673289,98.56691838891088,12.212032837673126,36.502385549228165,120.92404480189813,94.72602033515442
P003,2026-01-01T11:24:00Z,2019,86.3753473561411,94.64347959882066,17.629114948900504,36.9778252555376,147.78458578050981,75.9943019243924
P004,2026-01-01T11:24:00Z,2020,75.02861698446151,98.67878872709385,14.061544573802664,37.1162714137322,131.04149781253594,79.85938681344194
P005,2026-01-01T11:24:00Z,2021,81.78470787223873,96.95222519317994,11.782939077472552,37.054071054845046,112.29499003002067,82.45125865175504
P006,2026-01-01T11:24:00Z,2022,131.33704250458453,84.92406958455507,30.840597662923617,38.81219923933683,162.21585734720006,105.10604533771301
P007,2026-01-01T11:24:00Z,2023,69.86572432626916,92.78448012011994,20.911316628891075,37.17375976885453,123.11218010257129,81.82882168510137
P008,2026-01-01T11:24:00Z,2024,95.03684519754442,94.58081980247634,20.38742488125844,37.276108445567914,132.98891401745007,82.85125767427681
P009,2026-01-01T11:24:00Z,2025,71.60097545217597,96.70114579694821,15.648325195712417,36.884261710762104,,69.12158492072757
P010,2026-01-01T11:24:00Z,2026,80.68092715967705,98.14287138939463,18.142491520495867,36.79606593561281,111.7837038923293,73.11244609880029
P011,2026-01-01T11:24:00Z,2027,70.4441078454499,95.48488876890926,18.042378987602305,36.85193857803749,127.14174458092613,78.38048209398045
P012,2026-01-01T11:24:00Z,2028,151.73724260808814,92.19952468023513,20.77434424938627,38.528447261036376,159.31745823628304,113.52117432729
P001,2026-01-01T11:24:30Z,2029,81.33369650238355,95.37894504546705,16.888185949702045,37.22331926033651,116.58370266831584,76.70395147544598
P002,2026-01-01T11:24:30Z,2030,70.75888438394055,96.5405646495165,16.81518214291376,36.816255782991846,121.87538736473452,77.01518833251242
P003,2026-01-01T11:24:30Z,2031,94.1451550522602,96.19209697212935,16.943147875738386,37.058423334505804,116.29337804019384,83.16564966465931
P004,2026-01-01T11:24:30Z,2032,81.69338382845922,96.71528149338363,12.744868251061916,37.142396873961495,116.80461504487033,84.37582196176128
P005,2026-01-01T11:24:30Z,2033,76.97421916189606,97.35463817588303,15.145760352875008,36.67136619297692,118.67160029931375,71.91262389724321
P006,2026-01-01T11:24:30Z,2034,120.32538216496457,89.75877348795916,27.351639612087922,37.816625504678186,139.5436415724985,115.58089401430595
P007,2026-01-01T11:24:30Z,2035,89.76503170589218,98.40071409673571,19.845783449626698,37.794382287389844,116.07695757007153,89.36566722631765
P008,2026-01-01T11:24:30Z,2036,84.01135039176656,96.06805299263765,20.639471978883655,36.786834218290544,138.22356006245235,74.64860350235317
P009,2026-01-01T11:24:30Z,2037,83.56667801384398,99.8056913071166,16.09361068385988,37.35059705589037,115.70489900966483,85.52926865957626
P010,2026-01-01T11:24:30Z,2038,79.66870047262537,96.86905509310822,13.205302982277242,36.87870697964778,120.92925644488606,79.06148988785341
P011,2026-01-01T11:24:30Z,2039,73.62944764804563,95.84615782776945,15.942639059797528,37.003581139428164,104.22056103397752,71.57849771044133
P012,2026-01-01T11:24:30Z,2040,112.72049603873258,89.26223045090647,30.62940655174232,38.54619419472291,133.65487873892445,112.32959512931092
P001,2026-01-01T11:25:00Z,2041,87.4406873184318,94.43183973740284,18.36641966005425,37.58386922830863,135.43629354131284,78.78139623818487
P002,2026-01-01T11:25:00Z,2042,79.50863194676583,94.73586480821344,16.170698468857086,37.212220993012735,125.49835317344721,75.52595424169103
P003,2026-01-01T11:25:00Z,2043,88.62646389629988,96.9084825642537,27.005649261127292,,119.45490744503262,80.39128502454047
P004,2026-01-01T11:25:00Z,2044,60.958090303734295,97.16431257211642,,37.0930071609779,105.06746011514754,73.56400265569478
P005,2026-01-01T11:25:00Z,2045,85.65645800671817,98.78598130391117,15.752195251915321,36.913620936855644,121.54350602186061,74.13000367105582
P006,2026-01-01T11:25:00Z,2046,116.03373733558101,90.50897375207597,23.989715907016947,39.050851284068294,167.75739447649815,103.28557748278777
P007,2026-01-01T11:25:00Z,2047,97.94786291989661,95.15308103103489,23.800907413478768,37.077663570139926,126.71163480292618,80.11022246831128
P008,2026-01-01T11:25:00Z,2048,95.90603862552084,97.71222097399537,19.74262828425606,37.734126994148156,159.23551276060397,85.06463495047329
P009,2026-01-01T11:25:00Z,2049,74.37631325366728,98.27435589343403,16.525734546405676,37.44808954729755,114.35858669610109,72.89411758780437
P010,2026-01-01T11:25:00Z,2050,83.27047233594563,97.17668310145187,14.145814339268371,36.821217597571795,114.45332192173349,78.41494935009865
P011,2026-01-01T11:25:00Z,2051,85.47294938668271,96.67202372791364,16.549717007982387,36.772515706755414,108.66052542941513,80.13456521231313
P012,2026-01-01T11:25:00Z,2052,113.27943911692628,87.42245516342186,30.94276697935026,38.4392149158932,166.5519364290238,100.21245413727972
P001,2026-01-01T11:25:30Z,2053,83.27137660635395,94.90913911702548,22.179501130521974,36.91794700319474,142.4938255855252,
P002,2026-01-01T11:25:30Z,2054,85.25743009647155,97.35833671072228,18.377737756834755,36.3140524597593,118.01662663846133,80.38040267053556
P003,2026-01-01T11:25:30Z,2055,98.5641727675958,94.05730200114768,20.346562518410412,37.39085166640852,133.20810380976835,74.53271520930474
P004,2026-01-01T11:25:30Z,2056,69.83545195079381,96.7112566292272,,36.98479282173905,112.57496646639373,78.84565749948706
P005,2026-01-01T11:25:30Z,2057,74.94244587629599,98.02207387438115,17.581627968480703,37.17234902857785,125.62798945866199,84.60460134263644
P006,2026-01-01T11:25:30Z,2058,108.31657749807967,92.91915915000872,26.641395916825896,38.59615610197108,155.60951250011877,92.96960915838058
P007,2026-01-01T11:25:30Z,2059,,94.85722100528496,,36.87983434157982,118.70491026790747,83.1294099511891
P008,2026-01-01T11:25:30Z,2060,89.98506584610024,93.83720585841644,18.052417831395797,37.51437729919554,132.4253036700842,78.93458009230885
P009,2026-01-01T11:25:30Z,2061,80.24329700439374,96.51700205289215,15.990285246786737,36.723341818654866,140.20479331586603,71.19535252971052
P010,2026-01-01T11:25:30Z,2062,71.83879678675893,99.82458231978009,17.110852267302146,36.73480141535145,123.84986353561598,81.78500176061576
P011,2026-01-01T11:25:30Z,2063,87.81332690530128,97.92086840571588,16.07739343510124,36.91676576481341,119.08612044684821,76.83369465023105
P012,2026-01-01T11:25:30Z,2064,115.61144632821197,89.58425131884097,20.90024483732009,38.5943754089061,166.11273647517714,102.72404068109566
P001,2026-01-01T11:26:00Z,2065,82.06964316752313,95.97814156056491,20.191517597535057,38.0343095323857,137.0042479750618,86.50808671496544
P002,2026-01-01T11:26:00Z,2066,74.75959067986065,98.43497982100381,,36.511253960951684,99.53060184443254,85.24986302946039
P003,2026-01-01T11:26:00Z,2067,,95.45524874786555,23.795176383852933,36.761451420365766,131.99778308540004,83.6859104992462
P004,2026-01-01T11:26:00Z,2068,79.16964991824909,96.93930999080189,17.10535768092927,36.93267986113131,134.0779934024545,70.99366608365712
P005,2026-01-01T11:26:00Z,2069,67.11759882802198,97.45311573342588,18.633561327142864,36.95153008644339,110.21037624540666,75.99685729143091
P006,2026-01-01T11:26:00Z,2070,125.0539751077425,87.98707612341533,29.210597208019554,39.16994785824211,162.69599612407023,89.96555759551515
P007,2026-01-01T11:26:00Z,2071,95.43971778672547,97.50091077194612,19.28005750771144,37.36307244492668,121.03290280933992,77.26320598914374
P008,2026-01-01T11:26:00Z,2072,87.36877081830599,93.90575652994946,20.05226227757783,36.75868649501872,134.41736138420268,80.34888804849446
P009,2026-01-01T11:26:00Z,2073,68.54360034259639,96.84886125499943,18.751000277020285,37.05818140452903,123.16887537251392,72.4541510043084
P010,2026-01-01T11:26:00Z,2074,77.07621964464968,95.67614274830738,,37.34081196400659,112.62642005649322,83.05278925177235
P011,2026-01-01T11:26:00Z,2075,65.35630384349196,97.73742287409516,17.03447548103933,36.50213638021176,,81.624010813189
P012,2026-01-01T11:26:00Z,2076,127.63518847019384,89.67447152464614,25.519469688568563,39.219718526270135,174.2077193524666,105.46710502476172
P001,2026-01-01T11:26:30Z,2077,90.1544901402646,95.13767278244838,18.114455902985654,37.50495454807593,,91.49009847673413
P002,2026-01-01T11:26:30Z,2078,63.45643272727213,96.37976521301758,17.055769886785207,37.0571627224774,116.13917090791794,74.42606460220148
P003,2026-01-01T11:26:30Z,2079,86.50108831048186,93.98357844471201,24.187891124512262,36.99499709372042,121.49794296356643,75.28555721016963
P004,2026-01-01T11:26:30Z,2080,76.0398892091059,97.7193197288425,16.935060358587872,36.83796807307008,130.89318372704003,80.71288731109763
P005,2026-01-01T11:26:30Z,2081,67.8377848957612,97.43255733693134,16.382638873860948,36.95848425041853,123.32297225559829,74.08567088326116
P006,2026-01-01T11:26:30Z,2082,115.51366166245072,84.23317545138268,32.185915598104415,37.622451279605684,173.20485950786434,120.99213166025211
P007,2026-01-01T11:26:30Z,2083,81.83349680704163,94.64449871980858,23.95624564812044,37.130593186857496,137.54578076969875,
P008,2026-01-01T11:26:30Z,2084,86.24120910542729,98.06336237805088,18.27252503428846,37.50159935156787,116.30297840949694,83.2547287518499
P009,2026-01-01T11:26:30Z,2085,70.33368314498568,96.45560428533959,16.60547595204396,36.94733583401613,124.32133931703157,74.7893381619811
P010,2026-01-01T11:26:30Z,2086,74.27347658110469,97.29132960219654,17.328485712850473,36.79940509259057,125.44364897835119,79.50453451099223
P011,2026-01-01T11:26:30Z,2087,78.91274293572675,96.82801690078406,15.87209533624335,36.86587055451091,118.3290780808774,80.29773206077296
P012,2026-01-01T11:26:30Z,2088,125.28869712157986,87.71465758285048,33.89088229707844,38.37996324884691,136.97268643332407,106.07465719509992
P001,2026-01-01T11:27:00Z,2089,94.6968601698345,92.99586421048586,22.921579019896296,37.16862531705693,149.71774374275006,76.46641397723279
P002,2026-01-01T11:27:00Z,2090,82.97782761498307,97.9294681780934,14.359464222088663,37.12992506852558,,73.7416120787619
P003,2026-01-01T11:27:00Z,2091,101.96543928749753,94.25377629080108,22.867095581112515,36.97401437494347,138.44786204412736,84.18756579041327
P004,2026-01-01T11:27:00Z,2092,62.39365735075367,95.52729108914274,12.769877301772866,37.07870866355998,141.9302084148007,65.76023596948804
P005,2026-01-01T11:27:00Z,2093,91.64296979749159,97.33008625886995,16.711377546290656,36.9252770877794,118.26782089075742,83.69922245341235
P006,2026-01-01T11:27:00Z,2094,103.35164414323927,90.83785928264714,29.28168371411533,38.60986415955911,167.36221703048196,89.45782263034454
P007,2026-01-01T11:27:00Z,2095,98.633040691895,94.91859910000292,20.399159766529444,37.26225105438306,131.48563060134637,83.53695026070828
P008,2026-01-01T11:27:00Z,2096,97.39371719782336,,13.493407026835746,38.1912359024077,137.46185643072454,88.71251254914654
P009,2026-01-01T11:27:00Z,2097,75.7013040210231,98.49720337908916,15.680163048230769,,128.27909755073148,84.20112261357889
P010,2026-01-01T11:27:00Z,2098,77.90988943842835,,12.259490581529498,36.84361320353266,130.74156372838786,80.69818464838646
P011,2026-01-01T11:27:00Z,2099,73.86840694994032,97.59330686758648,12.56690107125999,36.9540143747914,120.801872651525,85.55539744122288
P012,2026-01-01T11:27:00Z,2100,,88.86509111160166,25.227410291720517,38.43813621212749,149.23118617587255,84.03054901041762
P001,2026-01-01T11:27:30Z,2101,87.48049164604413,95.00920229118155,20.71170025826206,37.514081810022006,128.44391929783288,75.3169265296629
P002,2026-01-01T11:27:30Z,2102,84.58529574112974,97.42410963668213,15.356524026775705,36.79502913130747,120.66658578798916,92.38164105920268
P003,2026-01-01T11:27:30Z,2103,95.90061006700932,95.28822258921916,21.53322340984911,37.83737681233673,133.95521971204732,79.4043051284387
P004,2026-01-01T11:27:30Z,2104,71.48706537652653,96.04194037885723,13.778449154162278,36.72867349172271,117.67729262992903,79.508715873321
P005,2026-01-01T11:27:30Z,2105,79.32932033772632,97.3902711077669,17.95386590710904,,117.72360884304996,76.22172038139377
P006,2026-01-01T11:27:30Z,2106,104.58523895920783,88.59924466257978,29.792979963574865,38.89266399085465,159.2901892593004,104.29378396722107
P007,2026-01-01T11:27:30Z,2107,90.9947857996176,95.1035366669121,18.065951176003907,37.26387111242173,145.92928835030693,79.40274120096893
P008,2026-01-01T11:27:30Z,2108,87.0731934962963,96.68359853307585,19.534114567068247,,138.4224656009448,94.87761203355703
P009,2026-01-01T11:27:30Z,2109,73.9353939540824,96.37593855247727,17.903600673017863,36.56293017531897,114.78095113063165,71.22131388551324
P010,2026-01-01T11:27:30Z,2110,74.90501627943654,97.38818667699306,12.635216733424553,37.0436192589851,113.95185135539435,74.115506099295
P011,2026-01-01T11:27:30Z,2111,,98.96663118957393,18.129451733768914,37.46576150032814,115.77801267799207,68.51949560124292
P012,2026-01-01T11:27:30Z,2112,120.73143476499504,86.79464629829044,27.629339191917776,38.02759740761833,159.03005262338095,90.61689672578355
P001,2026-01-01T11:28:00Z,2113,91.5163505724638,94.55821509964169,18.20732829895146,36.926589587924056,132.27527725999732,84.55329479663645
P002,2026-01-01T11:28:00Z,2114,,97.69515688924575,14.83017544486416,36.88622854186184,112.97017773648187,79.7077182437551
P003,2026-01-01T11:28:00Z,2115,83.78503176072759,95.91637358951925,20.974305863764812,37.08639714342808,120.43033250484191,77.8629384829403
P004,2026-01-01T11:28:00Z,2116,76.50700526725112,95.04365368850995,15.335205702695465,36.76689508104201,132.89736106377234,72.77427294612566
P005,2026-01-01T11:28:00Z,2117,81.43520235690148,97.96594885895266,15.10347229756353,36.514973257152,111.63363503848733,86.71000225514449
P006,2026-01-01T11:28:00Z,2118,118.97553247088248,,29.85600377423737,38.35880513269168,165.3964001441432,110.27738294942044
P007,2026-01-01T11:28:00Z,2119,75.26253891342505,94.52383278336005,16.633051612239008,37.392817434924105,119.38259153102216,73.15901264613069
P008,2026-01-01T11:28:00Z,2120,86.05913110766288,94.52952016739107,22.370438904989488,37.316152704640885,129.79791856901923,85.1362750230774
P009,2026-01-01T11:28:00Z,2121,72.99587947469503,96.66015499431543,12.331691093266388,37.18947506635627,122.69297435334444,67.19467273781085
P010,2026-01-01T11:28:00Z,2122,78.95319064363854,97.65159302319915,15.904024893888016,36.7745286198344,145.63820874653376,70.77979358420771
P011,2026-01-01T11:28:00Z,2123,78.90482786256567,97.36364236413381,14.615693207226276,36.824198668864355,121.28832666263447,83.07729811893233
P012,2026-01-01T11:28:00Z,2124,107.71475866635133,92.73848981168705,21.852640487525125,38.19040297200351,,97.76997516085093
P001,2026-01-01T11:28:30Z,2125,93.35117836312263,95.01240328783261,20.58902250014352,37.469053854132866,132.04800790594356,78.18833675522511
P002,2026-01-01T11:28:30Z,2126,83.22366951837897,100.08209331337278,11.082358044350968,36.99132190788985,122.62627508240041,76.91706126796409
P003,2026-01-01T11:28:30Z,2127,90.2266761533378,94.28736284669662,26.735357208062673,37.46832965891589,141.4495955006975,78.87038282997261
P004,2026-01-01T11:28:30Z,2128,69.58096518903348,97.23947043267086,18.794717227796816,36.939146609920215,111.36856589895277,71.81457658080642
P005,2026-01-01T11:28:30Z,2129,73.42623587397277,96.63333493385086,16.37915213584495,36.70100835086654,114.72439592759021,68.28425170842347
P006,2026-01-01T11:28:30Z,2130,104.76840857785433,90.06036902060137,32.75465547646653,,188.26536263721238,96.61141201731613
P007,2026-01-01T11:28:30Z,2131,85.47123967505544,95.40170471038005,19.28928267412459,36.939368948190896,112.19235349429582,78.25658059148385
P008,2026-01-01T11:28:30Z,2132,80.07852876481424,96.43855494952848,19.281079975767977,37.112365763030795,139.52583611430398,79.25485714112162
P009,2026-01-01T11:28:30Z,2133,73.6094146129271,99.5949137199015,17.518238122696495,36.189812156773655,108.91685543929194,79.42160400475063
P010,2026-01-01T11:28:30Z,2134,63.862278736553165,98.14074734264901,18.149073745615755,36.80057795886163,109.36001621443448,81.33518525459438
P011,2026-01-01T11:28:30Z,2135,75.59291538229802,98.53756953231904,15.238959449835265,36.78901310498949,125.01705408976547,79.19710752732828
P012,2026-01-01T11:28:30Z,2136,127.65220357122949,91.55307659421281,24.62860696432071,39.80224170933455,155.02341932754183,95.65150639213392
P001,2026-01-01T11:29:00Z,2137,88.6065887415553,93.94960765409654,18.329060091179073,37.50996353360533,138.4704685532097,83.89533222342439
P002,2026-01-01T11:29:00Z,2138,89.31212304788001,97.62537968151169,16.273206151545757,37.15272036989389,118.09773500594655,80.44270432715783
P003,2026-01-01T11:29:00Z,2139,94.22961734856639,95.38232572650355,17.646971734738642,37.112196497667874,138.19783441250863,88.27021593656346
P004,2026-01-01T11:29:00Z,2140,84.14893818821368,97.28982360063434,19.816270857747387,36.85076880864814,122.28095487332206,72.0539586538851
P005,2026-01-01T11:29:00Z,2141,73.00076309582715,97.5688835127522,12.902403254957056,36.92431081762573,129.63267892381143,83.60735694647741
P006,2026-01-01T11:29:00Z,2142,116.71741755610886,89.74012408915398,27.17403487100056,38.712896475339484,161.54595983376043,98.26556021332766
P007,2026-01-01T11:29:00Z,2143,88.72684404158159,95.09677507500447,21.558344472116946,37.62780638209073,116.11113540450057,85.09252510445974
P008,2026-01-01T11:29:00Z,2144,87.02120841167661,,16.512277304379165,37.89232028439638,126.40723825716891,88.48705188063852
P009,2026-01-01T11:29:00Z,2145,77.06829960228212,94.8193457444921,,37.27906259650549,128.2520946840683,83.31927368606235
P010,2026-01-01T11:29:00Z,2146,79.77754734860471,96.83735950128299,16.562944344139808,37.31799745829992,126.29794995046613,69.13342477984685
P011,2026-01-01T11:29:00Z,2147,71.17631014274193,95.45246239044558,17.732857969387297,36.87274054413321,118.84177755425391,76.2119918853167
P012,2026-01-01T11:29:00Z,2148,129.16022848639778,91.72477238571433,21.277869539562282,38.91013504612629,156.3890033091381,128.3111227003399
P001,2026-01-01T11:29:30Z,2149,83.4513477246298,95.70359078967441,23.63017366458825,37.222617255746925,125.24166309018743,72.09047616400262
P002,2026-01-01T11:29:30Z,2150,83.69351357208852,96.20094486406266,15.11831014692929,37.413254424110185,112.3285502921766,77.79325120321334
P003,2026-01-01T11:29:30Z,2151,82.5513550820866,94.77345291833686,25.742144616484236,38.02752564740999,119.14116860945174,82.38566314043841
P004,2026-01-01T11:29:30Z,2152,79.88917649863711,97.18098229978986,12.603683651270565,37.20554208601171,127.44674340996814,80.33753538068007
P005,2026-01-01T11:29:30Z,2153,80.24349843844168,96.78329085901802,16.925250322660588,37.1002819027613,123.25932698897229,73.79195327433376
P006,2026-01-01T11:29:30Z,2154,129.1548535193735,90.78882033811618,,38.37477291094327,153.74109640008146,101.84819853002955
P007,2026-01-01T11:29:30Z,2155,82.8726202451847,96.72500227873644,16.924462300244386,37.19557944946664,129.6648215239817,81.93185864076416
P008,2026-01-01T11:29:30Z,2156,79.33377281228297,95.54211225042928,19.969305087882383,37.09763164658128,128.51423658727634,79.67275478658033
P009,2026-01-01T11:29:30Z,2157,74.7035393319252,98.03528107630363,19.308335377425497,36.48844740294477,123.20385697602492,89.74048306267834
P010,2026-01-01T11:29:30Z,2158,76.19325578146109,95.65276693903083,18.846005042289207,36.794050105392934,120.71907447389285,83.82959881571738
P011,2026-01-01T11:29:30Z,2159,75.10611922300386,98.17564234493732,14.202719895216019,36.685417176390565,114.08338141358837,78.92028358143632
P012,2026-01-01T11:29:30Z,2160,116.20599789597983,86.60699557627478,26.749849429251977,38.37926494981256,169.30800927510887,94.02595457719056
P001,2026-01-01T11:30:00Z,2161,84.3475753677558,96.01847391570053,17.687377854646215,37.659414178370305,,91.16408887073626
P002,2026-01-01T11:30:00Z,2162,84.17334548640706,97.06379789744125,14.941102166100517,37.23721685037809,118.35416578749975,74.52304067626385
P003,2026-01-01T11:30:00Z,2163,91.24760860393042,94.18925844940286,19.709332705309425,37.79884559151818,134.0369922077453,93.06734780795989
P004,2026-01-01T11:30:00Z,2164,74.65200142226506,96.00431935089274,16.31871994347773,36.80917200534164,124.11121938005253,70.12085409284694
P005,2026-01-01T11:30:00Z,2165,78.92550123922022,96.98560220775367,12.519125701783384,37.14578985411679,119.8903830838192,69.1958833455309
P006,2026-01-01T11:30:00Z,2166,116.1742699251987,86.56627954633045,31.39658887935174,38.31927294679719,160.18638227479846,111.4472582882524
P007,2026-01-01T11:30:00Z,2167,,96.49292872675004,22.34647306761154,,135.52605618330705,98.39413544891474
P008,2026-01-01T11:30:00Z,2168,92.56361051820352,93.17730687074511,,37.37391179505957,130.1638832134171,97.42156696862972
P009,2026-01-01T11:30:00Z,2169,64.91771117827673,98.39893524478205,14.729629674463453,37.297055380254,115.49598363000572,80.9329772773782
P010,2026-01-01T11:30:00Z,2170,69.50109864366567,97.76262039113577,18.58388227324514,36.802889170025324,112.35677704321007,72.46572654787333
P011,2026-01-01T11:30:00Z,2171,73.5403358807835,96.53561573501302,16.312588136735116,36.88350299718004,124.27656812923601,73.72972235384262
P012,2026-01-01T11:30:00Z,2172,101.09080752266063,85.01250307654183,21.771482089908684,38.65840308362277,175.21434050620098,113.63334693500167
P001,2026-01-01T11:30:30Z,2173,,96.49029920726693,14.969989662610185,37.48897378287736,132.17062005446527,81.09567178614117
P002,2026-01-01T11:30:30Z,2174,76.7615014762488,96.46315347056539,13.724201745358558,37.40947554544795,136.1333569157107,83.32422966289886
P003,2026-01-01T11:30:30Z,2175,88.29448528727505,96.79062825580294,22.467202804394354,37.39975238049348,103.68693571672563,77.93445155193915
P004,2026-01-01T11:30:30Z,2176,75.10333967699894,96.56711759911391,19.692675324040014,36.75706243322067,101.7121170855948,88.69959516051593
P005,2026-01-01T11:30:30Z,2177,74.71777457017214,96.61021208318549,16.514039703792427,36.78525248055989,104.63744431941046,74.3909956221389
P006,2026-01-01T11:30:30Z,2178,119.21564123536258,90.00963490449229,26.3724686562432,38.21622347278518,,99.21453380523901
P007,2026-01-01T11:30:30Z,2179,91.50998994649713,96.08935647949848,23.031482584768263,37.25215036768127,142.32665796461546,73.45168193098593
P008,2026-01-01T11:30:30Z,2180,84.2073094257088,95.70897727578611,18.479476331802147,37.234973342534516,125.12287813393131,90.68551662517234
P009,2026-01-01T11:30:30Z,2181,,96.39702043659541,17.004789235101317,37.64934629194006,123.64809062319686,78.21430855165892
P010,2026-01-01T11:30:30Z,2182,72.13290477101792,97.22839250710864,14.885303600336458,36.989770507167606,122.55215777139526,
P011,2026-01-01T11:30:30Z,2183,90.46894666277139,97.96398989650345,14.831708388112421,36.88481946686862,128.11873432993667,67.46248933253916
P012,2026-01-01T11:30:30Z,2184,77.37384805899167,90.13638384854983,28.89139630053766,38.96809214173396,174.7594682090267,103.72575048985281
P001,2026-01-01T11:31:00Z,2185,88.12688424645187,92.2359596231868,14.772067109118284,37.238001239288394,131.96335992064485,80.35651254978191
P002,2026-01-01T11:31:00Z,2186,78.52852073224298,96.77408119096633,14.912688208130524,36.95387797022333,110.78101128898216,80.28443641287755
P003,2026-01-01T11:31:00Z,2187,79.12452198760924,95.01936162307204,19.1502369994667,37.149201792042035,119.12381491439596,90.8575242532256
P004,2026-01-01T11:31:00Z,2188,82.55612399836888,98.1938036976709,12.466784575687957,37.15664921988411,126.47425476730697,78.21535319552314
P005,2026-01-01T11:31:00Z,2189,84.1572013513046,95.37420801460809,18.17258946079973,36.823540338794395,105.71897449027016,80.81637693137982
P006,2026-01-01T11:31:00Z,2190,99.84339609775174,89.41521110483826,28.356275051804726,39.036708003254454,185.90176750527706,94.6773325952814
P007,2026-01-01T11:31:00Z,2191,102.28345246217069,94.4991304051093,20.555502813148742,37.68505191285167,141.79420957323188,81.3638027949903
P008,2026-01-01T11:31:00Z,2192,81.32290971052394,,,38.01180781010902,137.4396982229623,79.6312789590584
P009,2026-01-01T11:31:00Z,2193,76.10815009487132,97.8662552938375,13.02835247657662,36.9795250351865,123.99007577231919,75.29054102823608
P010,2026-01-01T11:31:00Z,2194,74.87813091598657,95.22584117791385,16.21836862204234,37.07929437603934,136.13865066998588,67.28125567605305
P011,2026-01-01T11:31:00Z,2195,76.79551222029083,96.10901015848646,18.75085173787661,36.961993827738056,116.23942373929671,70.57115171820007
P012,2026-01-01T11:31:00Z,2196,95.09631437238903,91.3283050901605,25.679806690435058,38.56419244006688,160.2311149039595,104.15640793333932
P001,2026-01-01T11:31:30Z,2197,89.70518443042998,96.74268107682114,18.12741458012922,37.681792303940355,138.46587696847533,81.21680302384384
P002,2026-01-01T11:31:30Z,2198,84.0702117764093,97.72292502146381,13.13482184499946,36.8179896938762,124.10262374827374,82.46453088183726
P003,2026-01-01T11:31:30Z,2199,101.62608162436219,94.79392135212778,20.296775683505043,37.125811409397244,145.60908798201,86.57792824785751
P004,2026-01-01T11:31:30Z,2200,75.55083301686018,97.03611640642758,20.55799588862171,36.737266119623335,111.32379640918928,75.76046300452883
P005,2026-01-01T11:31:30Z,2201,80.27879383958286,98.65711561555399,16.691585801575645,36.83891415597659,129.70000875354975,69.79703440487151
P006,2026-01-01T11:31:30Z,2202,126.0443065265548,88.43153516066558,27.72571770877227,38.77346394696835,153.00574962238292,98.53486903753664
P007,2026-01-01T11:31:30Z,2203,96.82349240246657,95.55127267624621,21.858268127141578,37.70312817446498,134.31371399123424,67.7425832236768
P008,2026-01-01T11:31:30Z,2204,82.05243514209099,94.09240028106193,19.81068756051917,37.54734132219722,136.50971571725364,76.07475491280505
P009,2026-01-01T11:31:30Z,2205,78.29946981871014,96.77262087044774,17.460184108443677,37.08873513309419,132.81639978568558,82.26083119293706
P010,2026-01-01T11:31:30Z,2206,80.0729797501243,96.37915476777401,17.371445623088505,37.410205417547765,119.72482177138474,80.6309041948927
P011,2026-01-01T11:31:30Z,2207,78.63131790833867,97.94746342674927,16.798125805644666,37.19273043421484,113.93629445965297,78.49908866681783
P012,2026-01-01T11:31:30Z,2208,107.14222319656758,86.79693722245345,16.84621148688412,38.262172493970084,175.03436981873398,102.67859765269317
P001,2026-01-01T11:32:00Z,2209,85.98125914134074,95.42046206202922,19.76191489008132,37.42717832385962,141.03990777725025,83.68317282748424
P002,2026-01-01T11:32:00Z,2210,76.78951707232996,96.90836315577003,16.42197201443718,37.01378998159965,125.95367702860116,93.64283733977203
P003,2026-01-01T11:32:00Z,2211,96.29152644064293,94.93909921581164,22.26603440574636,,110.95149444912373,86.98696392777477
P004,2026-01-01T11:32:00Z,2212,83.13182211374172,99.05406313015175,18.809053075524528,36.948523629889976,124.31898589914293,75.59850883712915
P005,2026-01-01T11:32:00Z,2213,74.06526001809846,98.17918125359847,14.592353645451139,36.67298685221138,133.95228603222083,74.24395491188686
P006,2026-01-01T11:32:00Z,2214,126.07618991551159,91.39502519942403,26.759201611848805,38.877119207718415,177.22806293167184,121.37702908661883
P007,2026-01-01T11:32:00Z,2215,90.26956733889001,94.90208455106882,20.101824769299242,37.72046525022507,122.82355786167035,81.56080666348366
P008,2026-01-01T11:32:00Z,2216,89.3829041228209,94.3673930399164,19.216558213151526,37.963198474762514,116.22911327967411,
P009,2026-01-01T11:32:00Z,2217,75.3817276426161,96.03825863829886,16.35218485838728,36.37097734923178,115.95235116533141,80.93523171613593
P010,2026-01-01T11:32:00Z,2218,85.19646875656544,96.26842871528231,15.718981625075399,37.155110184943624,130.27740037192726,81.55117154307426
P011,2026-01-01T11:32:00Z,2219,71.54823100280987,98.03241884552351,17.6262273109689,37.15534579583211,136.18375748996613,77.93722932558096
P012,2026-01-01T11:32:00Z,2220,129.54454462954138,90.7412484521635,24.72179185541151,39.12798221348203,171.48256995446155,86.71789403643868
P001,2026-01-01T11:32:30Z,2221,90.76161718061674,95.82172319208442,21.126190081792043,37.71983507414247,123.8120192045573,84.01475641078878
P002,2026-01-01T11:32:30Z,2222,65.83389329073229,97.8384282361788,18.48289259346603,37.073651145750716,,83.63109388245134
P003,2026-01-01T11:32:30Z,2223,81.0600246712882,95.10998826245716,16.15337614721274,37.19746005868986,,88.45612970734872
P004,2026-01-01T11:32:30Z,2224,73.90361128670051,97.706241966924,15.717546318211426,37.06446906049723,127.60208252449561,76.62252451313913
P005,2026-01-01T11:32:30Z,2225,70.59768058677868,97.5939411243367,15.091017695510866,36.235829549545215,127.03073380958158,74.66325444635758
P006,2026-01-01T11:32:30Z,2226,115.72379183451675,84.10345706393883,29.895355500491753,39.16649142646626,185.73571437781862,121.53740702165601
P007,2026-01-01T11:32:30Z,2227,98.43029257480444,94.09418104137868,21.018193135814467,37.56315405595042,136.24941651186109,73.68157351382091
P008,2026-01-01T11:32:30Z,2228,91.89556319837635,92.88153616226943,19.658403459650753,37.93484727478679,124.5442764690321,82.14732066404987
P009,2026-01-01T11:32:30Z,2229,72.29035549178528,98.76445495605093,15.927854868001813,37.13565651027363,131.82412115217278,71.34938121076914
P010,2026-01-01T11:32:30Z,2230,73.85839502293915,97.02155576456016,14.947267097859157,36.71760779800033,117.57091266726476,77.90849564422912
P011,2026-01-01T11:32:30Z,2231,74.17147579352849,97.6162433891148,17.720933406289515,37.33807007568676,124.61180273585319,82.51815603500297
P012,2026-01-01T11:32:30Z,2232,128.72429013190873,,24.736107499964177,38.09385106026098,170.86051647592834,98.6793054158075
P001,2026-01-01T11:33:00Z,2233,80.35419404008321,93.81931059575173,20.37964640704936,37.79725803621099,116.45405512172931,78.74954387189351
P002,2026-01-01T11:33:00Z,2234,70.16415994556792,96.10542830052579,16.134975390183495,37.08814389134927,121.09590738380336,71.4412161325674
P003,2026-01-01T11:33:00Z,2235,97.42112479193565,93.64982365605408,24.332165831061978,37.00569627291066,111.29368890614376,92.20805486646292
P004,2026-01-01T11:33:00Z,2236,76.5301464236461,98.08262930677533,15.893895872682618,37.23666040391804,118.30451572686462,87.50822649442149
P005,2026-01-01T11:33:00Z,2237,73.1140780995919,97.91170966906563,19.036734036217126,36.92326414313851,141.96495591292862,84.7651760572302
P006,2026-01-01T11:33:00Z,2238,91.64914424441208,90.75422282956697,20.489932933824562,39.06443964192015,195.59769957257788,94.99500054881078
P007,2026-01-01T11:33:00Z,2239,,92.9206467746928,22.97913354262665,36.911408431371775,134.4910755753564,86.72851007801307
P008,2026-01-01T11:33:00Z,2240,89.8730858882369,95.16754463247928,18.789782561469725,37.43951558227047,128.0645974802852,69.37662619522982
P009,2026-01-01T11:33:00Z,2241,81.689781747241,98.27074943765476,16.051869129131212,36.73900268097052,106.76236942083929,82.77258710503096
P010,2026-01-01T11:33:00Z,2242,78.01925903660675,96.60987779800398,17.020517149392756,36.94395939194302,131.4278776967261,73.00712949610033
P011,2026-01-01T11:33:00Z,2243,65.77787337317852,96.53771252400821,15.69083188911895,37.149450215707866,120.60238696479149,74.42775768667467
P012,2026-01-01T11:33:00Z,2244,106.60099121105014,87.64081063863371,,39.364706894152214,166.87122777521333,85.81410489668085
P001,2026-01-01T11:33:30Z,2245,95.5765389443371,92.91489237584487,21.78253787176437,37.508972585721956,123.18656644216848,91.69672492164507
P002,2026-01-01T11:33:30Z,2246,84.86335270152935,95.91622404153365,13.261997676574962,37.18664240296127,121.87289502563495,85.02757935691531
P003,2026-01-01T11:33:30Z,2247,91.12168803998428,93.25399949735618,20.681333064683937,37.51770076520383,144.62065932040161,89.1650143074122
P004,2026-01-01T11:33:30Z,2248,79.80976200793307,96.60944806934053,15.01592867575355,36.659709055021736,128.44473374264632,74.2719181156826
P005,2026-01-01T11:33:30Z,2249,80.22284589580815,96.95579471465155,17.087801474611016,36.89513151908617,127.27808510382408,75.5319495121191
P006,2026-01-01T11:33:30Z,2250,,86.3015300120361,30.75521573133575,38.98677029642931,,104.61066333060272
P007,2026-01-01T11:33:30Z,2251,94.2908582618361,96.72410841845704,22.660859430666925,37.921080546358056,135.46985033761382,75.88506235359372
P008,2026-01-01T11:33:30Z,2252,89.14120412489939,95.72958498670762,25.858449328998937,37.251948269630525,129.8712367458497,77.81112560648158
P009,2026-01-01T11:33:30Z,2253,70.62456759442861,97.05379517574606,18.813008949130417,36.47414065764527,139.3850052854295,73.955858562174
P010,2026-01-01T11:33:30Z,2254,72.5506454886741,98.90033088911801,15.23370898783453,36.99708822379678,112.60618495401903,71.06193661854499
P011,2026-01-01T11:33:30Z,2255,70.88177200171945,98.00769168697806,9.071273224940104,36.65929644137401,104.80648410881489,85.41722233365792
P012,2026-01-01T11:33:30Z,2256,91.49372584400837,86.52321207378158,29.681506082234847,39.64944708692919,164.2394499779994,96.53860392858739
P001,2026-01-01T11:34:00Z,2257,95.26885743303654,92.92399115960457,16.331231310359026,37.11280038454971,130.64587271940218,85.03764174610174
P002,2026-01-01T11:34:00Z,2258,82.80370235718789,96.79711003272298,20.13149166440693,36.68733030102602,131.26926095792265,86.72713536600273
P003,2026-01-01T11:34:00Z,2259,94.99325400912782,96.19416617546756,22.14220504183586,37.38956324735806,129.56475837727905,82.17927468998184
P004,2026-01-01T11:34:00Z,2260,57.09933069700644,96.92290872729643,16.7209972965994,36.095230128607085,124.13043301854154,77.26515503334983
P005,2026-01-01T11:34:00Z,2261,71.0667561614514,98.10744390503213,16.807681889571214,36.82442671849336,143.2691642472575,84.0754706231109
P006,2026-01-01T11:34:00Z,2262,125.82785905246155,90.25223256058572,29.581569789808462,38.61269636332813,153.90759850168234,105.91287773240592
P007,2026-01-01T11:34:00Z,2263,88.59429921301522,92.66892593130926,25.216305986512733,37.36791065566094,108.77142226045493,89.61407942498948
P008,2026-01-01T11:34:00Z,2264,95.67364896310885,97.53830185367782,19.30474463396087,37.5309804681806,163.98227124272466,
P009,2026-01-01T11:34:00Z,2265,76.5120299320908,96.80911768988692,16.482652490013223,37.427204242563086,142.52840578321684,76.94914275645435
P010,2026-01-01T11:34:00Z,2266,89.25041019209624,96.97706974972581,13.785863381947468,37.45783552550611,130.12975800177318,80.7376986139275
P011,2026-01-01T11:34:00Z,2267,74.04829758981863,97.01514860099626,15.214275569379625,36.9796461285949,117.89777834241342,80.6153973846231
P012,2026-01-01T11:34:00Z,2268,116.56156784437519,86.33121529373348,,38.24275543879327,136.29058082171593,
P001,2026-01-01T11:34:30Z,2269,82.13522406246722,97.95839182635343,19.314346313153802,37.662458393534514,138.76885168950724,82.54639061250279
P002,2026-01-01T11:34:30Z,2270,,95.53150178581663,13.806998058709457,36.593362947668325,114.06848327264014,72.91855811090399
P003,2026-01-01T11:34:30Z,2271,100.85041046220235,95.85361324853606,19.06367060352807,37.829420906271366,136.8219469494414,
P004,2026-01-01T11:34:30Z,2272,70.88232227055083,95.2697746998399,14.612388894465969,36.959749696939916,131.7702639130135,82.77593993068983
P005,2026-01-01T11:34:30Z,2273,84.2484481489689,98.87155641489464,17.50788194786279,36.882554212424964,109.46317664614963,77.03320784685079
P006,2026-01-01T11:34:30Z,2274,151.66374457723717,84.05613739359168,24.27590994055681,38.70000012670738,172.68636291665783,100.36527911646068
P007,2026-01-01T11:34:30Z,2275,97.44427055223392,95.07254548509064,16.497533272930234,37.4021169001914,117.16193645817702,84.42114945916315
P008,2026-01-01T11:34:30Z,2276,94.50329555255942,93.87719088325613,21.26340660894173,37.753902423521204,134.67760516599813,76.96741159776585
P009,2026-01-01T11:34:30Z,2277,88.89854408645938,97.79915396011782,13.5818365980479,37.5119350614975,131.49488433181472,65.9683732699893
P010,2026-01-01T11:34:30Z,2278,58.99532550694532,97.87208257735954,17.73388690378375,36.64600423903551,111.62041458503813,72.82623866505284
P011,2026-01-01T11:34:30Z,2279,77.56010648892071,96.83820300340412,17.486087896044786,37.287168205756764,118.3323322177609,82.56619062536974
P012,2026-01-01T11:34:30Z,2280,108.67648748364996,90.09504761843029,26.046298073376654,38.252125430526576,188.28406677442354,118.28555232654678
P001,2026-01-01T11:35:00Z,2281,84.2519425657603,94.32905745287357,21.652633439427845,37.218353873813044,138.63781881076707,82.8435590400978
P002,2026-01-01T11:35:00Z,2282,73.04092238767831,95.82542951361584,16.249372439582636,36.997773661330115,123.27204942422603,85.07153492001576
P003,2026-01-01T11:35:00Z,2283,100.65672152406223,95.33570440873257,16.18565483693409,37.43090383588598,137.6187682250767,80.84710378542395
P004,2026-01-01T11:35:00Z,2284,85.18531163879058,98.00914681569941,15.84832996663234,36.702023919822786,,63.35568534088095
P005,2026-01-01T11:35:00Z,2285,72.56140101076484,96.32614395382144,13.484727251298825,37.116825317309285,132.36337450247058,74.43363062244768
P006,2026-01-01T11:35:00Z,2286,130.9230606678475,89.54776361731233,25.9666037802384,39.29804863060706,169.04741938901506,135.1425855538399
P007,2026-01-01T11:35:00Z,2287,90.23309591116451,95.3737809773394,18.59905622404575,37.45614039704514,118.8982120103399,85.51376000703823
P008,2026-01-01T11:35:00Z,2288,90.2416060682917,94.32361366860692,23.624645403348307,,136.95187191121056,67.68133437019353
P009,2026-01-01T11:35:00Z,2289,67.46336898368202,98.52267933749117,17.451464429996438,37.12889274148149,135.39576203176264,88.33925309179789
P010,2026-01-01T11:35:00Z,2290,77.38381632299568,97.7255069542089,16.804262347621616,36.85335057400564,109.50491977128026,85.25490017283872
P011,2026-01-01T11:35:00Z,2291,81.65926339268339,97.53295262957697,16.036244468174072,36.90383413050892,107.9621134006396,72.56059167711241
P012,2026-01-01T11:35:00Z,2292,112.76790120094596,,29.241350652053445,37.53719293786537,182.4128694967893,97.49892501119572
P001,2026-01-01T11:35:30Z,2293,75.61592275356067,93.25155709086523,22.21883005740616,37.6259290004343,137.22365358819854,77.99996333309363
P002,2026-01-01T11:35:30Z,2294,80.53486516486151,97.58986364770661,14.858848839498515,37.22708976494182,113.39316178937915,77.78829318919149
P003,2026-01-01T11:35:30Z,2295,90.50797447337439,91.26098389008563,18.901995492330958,37.92534089687001,130.36255893539757,69.35224654079647
P004,2026-01-01T11:35:30Z,2296,70.91622437725911,97.67031272920451,16.113198899934353,36.550267450939174,121.91410555500009,73.60185376579696
P005,2026-01-01T11:35:30Z,2297,80.55035514678093,98.52964751658182,15.018235868301408,37.39384353027579,134.19605201455263,79.49135281428556
P006,2026-01-01T11:35:30Z,2298,113.93734492016625,87.7841162736241,22.2215919013017,38.92923601155777,161.80326743396895,113.68958979084951
P007,2026-01-01T11:35:30Z,2299,90.3962162656667,97.32520123466547,21.119709826968545,37.03210705540537,122.15126022737819,86.51858228192
P008,2026-01-01T11:35:30Z,2300,92.1852080017823,94.08305472714251,19.580663802085716,37.54244791582998,126.5361379239317,84.888016166961
P009,2026-01-01T11:35:30Z,2301,66.77682222697952,97.42599874811047,17.364996863193507,36.87874695429508,114.10408224379182,78.3967708531671
P010,2026-01-01T11:35:30Z,2302,74.52469139097819,97.82399816931746,14.1740472657253,37.154740270037614,122.9132092411533,80.22983093692152
P011,2026-01-01T11:35:30Z,2303,78.08995690527688,95.1261950333027,14.497797649959839,36.823175713909336,112.26788282742775,67.83886827038569
P012,2026-01-01T11:35:30Z,2304,126.22913824117595,88.11379069551433,33.301142792215906,37.80903178603405,135.89619661936334,94.01948930761775
P001,2026-01-01T11:36:00Z,2305,100.85740442325898,,24.423955220797286,37.06849496752658,139.40237514550904,84.38957862221592
P002,2026-01-01T11:36:00Z,2306,75.38140581554596,96.50095237875645,17.38795555340162,37.17646756434217,117.64791352122198,75.89661049017988
P003,2026-01-01T11:36:00Z,2307,88.56448205717719,94.55878880985178,19.27727072365712,37.723557400829186,123.45198372665959,81.89727882872089
P004,2026-01-01T11:36:00Z,2308,79.33003446989403,97.35547963190551,18.80751800041892,36.80928450937409,119.3038574578924,82.47023152665892
P005,2026-01-01T11:36:00Z,2309,84.0260719660645,,17.200655318631025,36.85471105585166,119.74547057609146,73.66795451975058
P006,2026-01-01T11:36:00Z,2310,129.32858241620085,88.55060390809467,35.96846335778744,38.31132334753967,163.78659140053907,88.94536502726869
P007,2026-01-01T11:36:00Z,2311,95.81452246217722,94.44353870610855,17.482190338494114,37.315731843914214,140.1032948502301,82.29371141946301
P008,2026-01-01T11:36:00Z,2312,87.29315497838675,95.54059736145423,22.182892278080693,37.55553822704321,116.0151384730514,76.04660472366115
P009,2026-01-01T11:36:00Z,2313,79.55076195994988,97.49595784721893,15.934282377992286,37.24446741078151,116.04833323318933,78.31655722358053
P010,2026-01-01T11:36:00Z,2314,74.38077225756051,96.93075319362733,19.545485250117487,36.55884595536086,110.80316012240837,72.92746444455939
P011,2026-01-01T11:36:00Z,2315,85.80076416971383,94.69421246074813,16.125518044888295,37.02900208334818,138.86315602139223,68.03660296886852
P012,2026-01-01T11:36:00Z,2316,111.61752630862912,89.9663577291695,26.307984555838082,38.87828688956126,181.16265346722915,100.25192604585673
P001,2026-01-01T11:36:30Z,2317,88.63223967059588,95.15011015626763,21.128464434336816,37.42305658227876,149.78354910293334,73.75547792530938
P002,2026-01-01T11:36:30Z,2318,96.09162019429755,98.12372369254726,16.66273028230671,36.97646852270215,119.15050180436198,78.78292616378707
P003,2026-01-01T11:36:30Z,2319,84.71409918986,95.10973849849597,20.206703513036597,37.33678978190682,119.9936230812373,81.73286350833457
P004,2026-01-01T11:36:30Z,2320,74.38358629526539,99.54826738847954,16.49773300182611,36.52743089031725,114.44627531231212,72.360391268476
P005,2026-01-01T11:36:30Z,2321,80.0289193768578,95.6853267715707,15.258769891752015,36.63421638376776,124.69793860933069,71.79133123374781
P006,2026-01-01T11:36:30Z,2322,140.2595040478789,93.93612055670468,26.27456659104526,38.678884686892076,157.2663969514587,91.4764134186778
P007,2026-01-01T11:36:30Z,2323,85.40725804051486,95.29603572089226,24.043037471284947,37.52193847037939,142.64782676378036,76.99962524452098
P008,2026-01-01T11:36:30Z,2324,92.30852089373454,94.85688381734053,18.46542932651376,36.97016263181406,133.06905315772295,91.95654202375522
P009,2026-01-01T11:36:30Z,2325,82.34488837219843,99.23652831146872,14.340304958961328,37.09535410407423,126.88100962705448,76.02152148313773
P010,2026-01-01T11:36:30Z,2326,75.05640214810096,96.17384337560239,16.03702057178653,37.10502240830003,115.76659923874405,58.46633979242662
P011,2026-01-01T11:36:30Z,2327,81.58267379452246,98.05720650039716,15.458735990251352,36.74374020749707,123.14937654832904,77.12764090918684
P012,2026-01-01T11:36:30Z,2328,110.94427815957569,88.36673895323094,19.426453305021113,38.363876679056474,159.24149336582596,100.2695225167755
P001,2026-01-01T11:37:00Z,2329,86.56805523316412,93.09349889124059,22.44190740318749,37.35136295927783,144.45911483507174,93.10987939515066
P002,2026-01-01T11:37:00Z,2330,81.37908792198422,97.56932359796194,18.792722970355985,36.879523707423566,126.67472958432066,76.93944897388901
P003,2026-01-01T11:37:00Z,2331,99.00034287469616,95.93453546142942,19.185414839553427,36.319087905451724,139.99064153165236,87.48753410794467
P004,2026-01-01T11:37:00Z,2332,77.92890795965103,97.50413425580551,17.579649098173967,36.47807062338896,107.06696919772934,75.72176932551129
P005,2026-01-01T11:37:00Z,2333,79.14581110307117,96.25029115499025,20.189490030707645,36.97963569438525,123.4950746555188,77.60872768576148
P006,2026-01-01T11:37:00Z,2334,125.1962713247677,88.86199194718272,25.07386965532127,38.299204044756884,148.3191623578891,107.33341047942392
P007,2026-01-01T11:37:00Z,2335,92.02787124204299,94.39960561108651,19.82566554802456,37.790288971873096,139.68350013326457,
P008,2026-01-01T11:37:00Z,2336,87.53610650280426,93.88289532529025,20.016419312333625,37.615306770527354,148.65490227305966,72.59252139103471
P009,2026-01-01T11:37:00Z,2337,,97.67168383731408,16.06238491395383,36.82492961080241,132.06220986678397,78.01191492636694
P010,2026-01-01T11:37:00Z,2338,77.80590074968539,97.34122121604246,18.964461925315774,37.30717416368269,120.94608963099226,74.13903262866083
P011,2026-01-01T11:37:00Z,2339,69.52755701215975,96.73309018655156,12.172099331192346,36.25867595800578,123.02444180583281,70.84569776224997
P012,2026-01-01T11:37:00Z,2340,106.80882510447356,86.16539709309191,25.94618098529085,38.815595852686435,157.80859681129718,106.0699274774579
P001,2026-01-01T11:37:30Z,2341,85.12827184667393,95.3864730796176,20.439890707809816,37.492156678221114,130.81382442404077,81.37274408953657
P002,2026-01-01T11:37:30Z,2342,73.96685415940706,95.79462039134685,15.282656590426795,36.983365209935506,126.11375921271433,70.88201089463512
P003,2026-01-01T11:37:30Z,2343,92.11239152038696,95.90906088504711,18.5643055230601,38.321785125114864,137.6402860422165,73.96150186972085
P004,2026-01-01T11:37:30Z,2344,74.44133821932364,98.75310484910423,13.964132823975106,36.432107789507775,117.68301064178817,
P005,2026-01-01T11:37:30Z,2345,78.18589770151179,98.08637665456216,13.453513552705907,36.63619592425254,119.79037498856651,83.94796931060077
P006,2026-01-01T11:37:30Z,2346,100.20076425170218,91.60493610615971,28.63815884901367,38.773003325665705,165.11463309130102,92.16910224233786
P007,2026-01-01T11:37:30Z,2347,93.90131418597133,92.8092736129204,20.230771341252463,36.85491622523838,113.71604925237627,78.71775424641339
P008,2026-01-01T11:37:30Z,2348,85.74175041936239,95.32711754007693,23.005244531062086,37.63229760270342,147.85807961540334,84.15320111740064
P009,2026-01-01T11:37:30Z,2349,71.15205380157663,96.3365745003691,15.822561587237637,36.51781249928604,133.63482603824528,78.66433724642597
P010,2026-01-01T11:37:30Z,2350,85.70683084286476,95.92405502061612,13.316192513868302,37.323952017621615,125.48808192937766,78.72442072476048
P011,2026-01-01T11:37:30Z,2351,83.02932008472271,96.07581102287206,14.541316204828656,37.017626665414255,113.49939590112261,63.88294498256541
P012,2026-01-01T11:37:30Z,2352,119.63155788036502,91.46810384639171,23.625122982622294,38.9865224061455,148.46771137887876,94.846978086013
P001,2026-01-01T11:38:00Z,2353,86.33088991647824,94.54586064617975,23.363193910931187,37.03942349995267,122.56614163944867,87.893471398156
P002,2026-01-01T11:38:00Z,2354,79.32259016759588,96.60375960656607,19.321514622732902,37.001881820504316,112.95626924146205,87.72468327769704
P003,2026-01-01T11:38:00Z,2355,89.17182317254131,94.14765969398798,22.7628698044616,36.94977235335663,133.8413755608292,83.52625548461718
P004,2026-01-01T11:38:00Z,2356,67.91385912495114,96.90111794225709,14.843577448040033,37.39148153924221,124.1722976247602,80.63871612087542
P005,2026-01-01T11:38:00Z,2357,76.65094066656908,96.68055314176696,21.065981706521605,,121.60983784350928,74.39863207494443
P006,2026-01-01T11:38:00Z,2358,116.27567274303416,88.08926817371932,18.813719867729088,38.53639169956494,159.3845303168807,85.56596030664275
P007,2026-01-01T11:38:00Z,2359,101.56546202802132,94.07915733337373,17.5016830597064,36.63562586234005,138.43485758998705,76.08671889254711
P008,2026-01-01T11:38:00Z,2360,85.13537798433774,94.73301323397423,20.34397854879668,37.01508871929139,146.3588570967094,81.78301956345908
P009,2026-01-01T11:38:00Z,2361,81.1507942547379,98.64419615780261,14.546294263639727,37.08403907350137,127.266045587739,80.74867144955306
P010,2026-01-01T11:38:00Z,2362,71.45308987613258,97.59207932446144,16.11390817898709,36.95073677336619,119.5385978863168,78.41338976180242
P011,2026-01-01T11:38:00Z,2363,72.64443465999835,96.37895574197192,13.72240073288859,36.53462356602111,117.66675801087331,86.99176616844065
P012,2026-01-01T11:38:00Z,2364,114.71190378887259,91.13408387848158,29.16205328768937,37.97681147483017,149.6103797616146,85.94823053760923
P001,2026-01-01T11:38:30Z,2365,88.07793401282929,95.69974961931639,22.14012645311979,37.185950643373,118.47300140560836,74.54485164893988
P002,2026-01-01T11:38:30Z,2366,72.20827210884165,97.00836394021675,15.265550302041712,36.97461907221491,116.91248884492379,75.06753478220452
P003,2026-01-01T11:38:30Z,2367,89.26924362453443,95.33647396263189,25.38632551083598,37.4809530653799,109.85418314168425,85.94940986382173
P004,2026-01-01T11:38:30Z,2368,76.96100327147849,96.40333904238616,15.729852712688613,36.68604539320979,118.39637917298651,69.57386882792247
P005,2026-01-01T11:38:30Z,2369,86.37738309300043,96.01527342926059,17.721883919363684,36.86573929046944,111.9090875569009,91.48253245727437
P006,2026-01-01T11:38:30Z,2370,102.63685370744263,92.55712993823008,26.864312406573017,38.62529246344572,153.65274492902037,103.70973182045752
P007,2026-01-01T11:38:30Z,2371,76.0314584329572,93.66948520160254,18.95536421438374,37.73472313197069,131.8705237658327,80.05089163817625
P008,2026-01-01T11:38:30Z,2372,86.02658530362434,94.93594679916963,18.852053037260774,37.48840728278134,135.42266610160925,81.94301906748831
P009,2026-01-01T11:38:30Z,2373,80.57248819626957,97.18039556777323,16.008155550325426,36.64728983217145,119.15992412362532,82.72310460367771
P010,2026-01-01T11:38:30Z,2374,,96.04203250837313,18.99954953740487,36.54256158559819,122.4280462855784,77.0619900299364
P011,2026-01-01T11:38:30Z,2375,73.74758953991424,97.24620944181169,13.444911672379408,37.042783379176164,115.87129834697436,74.25977308338184
P012,2026-01-01T11:38:30Z,2376,131.2680097641816,89.59644700376805,30.323334095623427,39.18344859948582,195.47128026379167,96.22073785369655
P001,2026-01-01T11:39:00Z,2377,91.17015084414525,95.83319856589786,24.06684346399982,38.27131115236134,137.07769594425244,91.72123482095387
P002,2026-01-01T11:39:00Z,2378,,96.26253427794626,19.11477072426378,36.56700552086639,124.31542063557623,75.50856325592817
P003,2026-01-01T11:39:00Z,2379,98.37920741874771,93.45265380748414,19.85991477037504,37.272035577532584,138.2263562188501,79.55699327537123
P004,2026-01-01T11:39:00Z,2380,71.63962712513839,97.2346827962266,13.350670132127684,37.28746194935845,122.65510925230097,78.82659308638705
P005,2026-01-01T11:39:00Z,2381,71.07242604726497,96.17310212128625,15.312273306158994,37.05672964248166,128.74892294377608,88.85646389061199
P006,2026-01-01T11:39:00Z,2382,129.01849901925237,89.64259920026109,32.28560487578834,38.61337852981943,156.4380522098339,97.96759453120957
P007,2026-01-01T11:39:00Z,2383,78.05509481245345,93.94010142810926,24.68797211480065,37.61542300273332,139.37270153349715,78.30022719936893
P008,2026-01-01T11:39:00Z,2384,81.17252913942205,94.48563746031162,18.00500477154229,37.289678652238045,116.71281874214492,88.55928204954296
P009,2026-01-01T11:39:00Z,2385,70.51284032230676,97.82105018492481,17.261416898293895,,126.73403674619867,73.8363281982983
P010,2026-01-01T11:39:00Z,2386,64.98759670761072,96.5180075239372,13.469781773968343,36.903555920298054,131.79756614596005,
P011,2026-01-01T11:39:00Z,2387,63.3332222445517,96.13715527404568,15.91164623625976,36.75055137912964,123.19752272197695,78.7192732260913
P012,2026-01-01T11:39:00Z,2388,119.30832905612034,,27.67294542907664,38.87199226567239,165.91110695337173,108.48655001384563
P001,2026-01-01T11:39:30Z,2389,,94.0708636845131,24.75476791955498,37.49777176383101,124.50578830773443,72.89844793447057
P002,2026-01-01T11:39:30Z,2390,82.72941661544078,95.044186175004,13.59345993203634,37.210241402104636,135.505219206542,70.58830784293129
P003,2026-01-01T11:39:30Z,2391,87.8853456930778,94.44141876281302,18.775232829550344,36.72594155058721,140.86960186657265,89.03533737111607
P004,2026-01-01T11:39:30Z,2392,82.44862742762525,98.14853611802049,15.656387813556988,37.752631330833836,135.9495676204589,74.05116038094758
P005,2026-01-01T11:39:30Z,2393,78.00929431019803,97.74478082600945,19.95940714304681,36.60510769860073,145.89961743847422,76.09756867939349
P006,2026-01-01T11:39:30Z,2394,125.96762727223731,91.76223478352104,,39.31063723949917,156.5206525820848,105.5477123061973
P007,2026-01-01T11:39:30Z,2395,88.75509316066429,94.1976098844108,21.95834794993221,37.32161039789057,135.53009656658432,79.54766280511824
P008,2026-01-01T11:39:30Z,2396,83.85341194455509,95.64012909791548,21.883343316999408,37.043391658926865,133.0008673904388,96.04917612455172
P009,2026-01-01T11:39:30Z,2397,76.06969769121052,98.19346110543245,16.463516210405633,36.91934076947908,125.35286929373633,72.07481511333899
P010,2026-01-01T11:39:30Z,2398,78.48292056131982,97.76338567076395,15.763320746512555,37.176699025504426,110.56501067305297,79.57085873432952
P011,2026-01-01T11:39:30Z,2399,73.65595658802027,98.25723346728583,13.56591231649478,,122.07146541849227,94.58441556033388
P012,2026-01-01T11:39:30Z,2400,121.93379989205386,82.4057302399803,27.008141726979336,38.71339576856747,162.81809331656996,88.22183227842521
P001,2026-01-01T11:40:00Z,2401,96.8511220387442,94.91129368881775,17.882026479579718,37.16261313530532,131.34468030785598,79.92235600398254
P002,2026-01-01T11:40:00Z,2402,71.70013652146939,96.81929987837962,15.93696441137188,36.977054323029634,126.16747444257248,80.63833116880528
P003,2026-01-01T11:40:00Z,2403,92.02849965358341,95.23881373541145,20.567338978871792,37.55161611609116,130.40152739587165,90.38637612746217
P004,2026-01-01T11:40:00Z,2404,67.72871275009732,97.45634528007292,14.697864407452082,37.36448012886814,131.67137988871926,70.37463123075281
P005,2026-01-01T11:40:00Z,2405,72.90309249011742,,14.668369360548308,37.06554142843424,109.92253161525288,85.69537270753503
P006,2026-01-01T11:40:00Z,2406,108.00362603154144,83.27247160009497,31.559403706561174,38.60307437415449,180.49197142577106,107.5817316629639
P007,2026-01-01T11:40:00Z,2407,95.78232718752726,95.06975671406936,21.764012852003294,37.0421619492185,145.25378108195844,82.96758526801261
P008,2026-01-01T11:40:00Z,2408,,94.94311681490848,21.94628877744875,37.21600342660283,151.15388504819657,71.22720830918476
P009,2026-01-01T11:40:00Z,2409,67.88736737007342,96.34385877907312,13.908632724740265,36.9595494349279,131.13089695458345,81.15604143264709
P010,2026-01-01T11:40:00Z,2410,65.84637809040784,98.9919077071521,15.709512003763466,36.41801174783922,115.76437236577007,78.61383139239635
P011,2026-01-01T11:40:00Z,2411,75.95880743752933,96.23845137551999,20.523059103043074,37.0540887236197,123.77114999084962,81.7387404991786
P012,2026-01-01T11:40:00Z,2412,135.5740967515522,87.96180454022175,22.618576445668545,39.889407561275746,145.74967184000334,101.12357793483756
P001,2026-01-01T11:40:30Z,2413,99.4819030778811,95.99357768004357,21.460148107520386,37.446659667149596,137.6055311100589,92.98888701193765
P002,2026-01-01T11:40:30Z,2414,66.70908798963401,95.67668392068667,15.773874319192846,37.33065900787736,,
P003,2026-01-01T11:40:30Z,2415,86.83755603302838,94.60823934592241,19.551104751922352,,133.01588119365888,84.11186261526728
P004,2026-01-01T11:40:30Z,2416,85.75500952852757,98.14544586300181,17.912231421038108,36.58518336831487,126.7249925291131,86.67762934527491
P005,2026-01-01T11:40:30Z,2417,80.48490576874487,96.57681321709597,15.430793190346511,36.67550272838402,132.3366215063798,72.84367824879563
P006,2026-01-01T11:40:30Z,2418,115.2254542709056,93.84005869680686,25.941891847538546,38.31829568353138,164.70586391332105,106.7695569619403
P007,2026-01-01T11:40:30Z,2419,103.31191063043434,94.19919046292917,19.311892067808362,37.29081968867608,133.67688999623113,86.06831838669098
P008,2026-01-01T11:40:30Z,2420,89.5219546858105,93.19619849957519,22.740161308236452,37.148285043055374,144.116008534166,65.42512630850959
P009,2026-01-01T11:40:30Z,2421,76.02251360194364,97.41900065856181,20.078559808313372,37.29137689102679,129.12794010617247,82.82771484543001
P010,2026-01-01T11:40:30Z,2422,68.64994781612322,97.16474683207169,15.691940983747145,36.55973136386067,135.730281780774,70.05284579014712
P011,2026-01-01T11:40:30Z,2423,73.91819432761989,96.20590608263826,16.975271734726512,36.79327592518985,123.35641850772339,72.51327266196957
P012,2026-01-01T11:40:30Z,2424,118.95375424802428,89.76192615569092,25.313695684056814,38.56121424457996,170.90350087772705,92.91582277656946
P001,2026-01-01T11:41:00Z,2425,96.01141302038023,94.33089770498336,20.96594974303861,37.107982609254925,134.37204426284435,92.25875161915509
P002,2026-01-01T11:41:00Z,2426,84.4558886088472,95.97276501336988,15.900164627391904,36.38583842832066,118.3062001069272,79.57661618377634
P003,2026-01-01T11:41:00Z,2427,92.75992059304475,93.9549901281514,21.99340670497042,36.59627203111408,131.43929683768658,83.74213966382722
P004,2026-01-01T11:41:00Z,2428,67.58139403373397,95.76490745148797,17.328390520420204,36.96696209827369,119.69291777803735,74.48343323051009
P005,2026-01-01T11:41:00Z,2429,67.8932268440251,95.93736665894498,19.13947269876919,36.21989940796225,126.22734238824626,83.44198928700999
P006,2026-01-01T11:41:00Z,2430,133.3095289882558,86.60368956875736,26.142822326511773,38.28708921361035,171.45369166802567,84.91710671998808
P007,2026-01-01T11:41:00Z,2431,89.48732557374146,92.60612330467859,20.76238872802754,37.642705336360414,140.4714161811637,81.99716349775697
P008,2026-01-01T11:41:00Z,2432,88.32401991304168,94.71370409948011,19.476531337442374,,128.7291615213165,94.0280369813786
P009,2026-01-01T11:41:00Z,2433,72.89757130214235,97.39780523651665,15.909728802664516,37.254925252797214,117.90869185626211,75.63561323429919
P010,2026-01-01T11:41:00Z,2434,80.9866956998086,97.7490618865744,17.528186632036284,36.34741148635684,112.10188359418791,70.42083585222468
P011,2026-01-01T11:41:00Z,2435,63.21765878374413,,16.39763237604077,36.52750913016986,133.69201793273328,78.27767663180185
P012,2026-01-01T11:41:00Z,2436,143.01577483066694,90.32248080942664,25.60908958300069,38.744710786425536,170.9099316830077,112.46662466611049
P001,2026-01-01T11:41:30Z,2437,101.33243091976618,96.48590658662944,22.629566802053986,37.83813960583419,,72.46778959563889
P002,2026-01-01T11:41:30Z,2438,71.8621802349478,97.71205314457568,14.659120631190964,36.90301341019217,112.01015982098193,84.5320038722663
P003,2026-01-01T11:41:30Z,2439,98.97876234455678,93.16319049906653,20.756417205308743,38.03319602132798,145.1914331356925,72.64543456347019
P004,2026-01-01T11:41:30Z,2440,66.77805143001555,97.76349919580178,14.754401642187613,36.89659889858553,119.97615841618219,81.59860104484193
P005,2026-01-01T11:41:30Z,2441,77.01930007797037,97.96338814686952,,36.48616851839844,122.22447320161866,74.36218897772278
P006,2026-01-01T11:41:30Z,2442,98.65521521237763,91.5677565757733,27.281816094494687,39.00487126131677,176.9937613180654,111.27007718189111
P007,2026-01-01T11:41:30Z,2443,82.81577729806588,94.7230058714646,23.586521775070974,37.38789445629201,122.22648450056109,91.98197299739635
P008,2026-01-01T11:41:30Z,2444,83.45134643093478,,19.879246908303614,38.33222442315782,124.91882545805068,73.94526753741009
P009,2026-01-01T11:41:30Z,2445,76.21101089116478,97.48889102092741,19.777976427247232,36.69059228554534,115.1293215328047,75.18190739791503
P010,2026-01-01T11:41:30Z,2446,77.5486530402997,96.01546322751454,16.57727989423346,37.06755362361952,107.62608681769478,86.77869613421277
P011,2026-01-01T11:41:30Z,2447,72.88178191385803,97.29770516413741,15.366659253307178,36.95227771107739,122.61610993645418,74.97054834254338
P012,2026-01-01T11:41:30Z,2448,117.36366629732228,86.43899134400496,23.411011872221433,38.25588891562617,151.95864532430514,94.82530799606457
P001,2026-01-01T11:42:00Z,2449,89.69880132288007,94.55198379463408,21.800231113399374,37.39268074673673,138.61460240905322,85.30869513941343
P002,2026-01-01T11:42:00Z,2450,75.06066919206798,98.15635565358959,12.023824679955363,,110.70580550262933,80.34420899680806
P003,2026-01-01T11:42:00Z,2451,95.13278166286746,94.84381329899777,23.195550507976513,37.29998559601354,145.89335152036182,82.8378481059037
P004,2026-01-01T11:42:00Z,2452,84.42693004631778,96.41590871241603,14.619953261063618,37.074324932707114,132.67212756807888,82.3862722389546
P005,2026-01-01T11:42:00Z,2453,82.63963922604192,97.9726793889087,13.588051087738812,36.888104367011394,135.47096860113243,82.32203506997165
P006,2026-01-01T11:42:00Z,2454,,91.35928296925286,32.00484782715797,38.37445444049219,169.977155203278,113.43908026692628
P007,2026-01-01T11:42:00Z,2455,98.07874258255426,94.31781109963154,23.402754281628578,37.014397327999454,130.863449446527,83.82994147710077
P008,2026-01-01T11:42:00Z,2456,81.48754477270418,95.18597272861533,23.07296632061406,37.720530618793056,116.71904298395938,79.96937311588708
P009,2026-01-01T11:42:00Z,2457,76.982439104766,97.4057201430762,17.006120760638584,37.338132841027424,124.25498765272934,76.85295212812593
P010,2026-01-01T11:42:00Z,2458,74.50145129969988,98.11833548739243,17.90198293859762,36.88409930663054,123.31108573858403,85.14841618308944
P011,2026-01-01T11:42:00Z,2459,68.07126935169232,97.62177350345489,16.80110078892116,36.973867767670434,125.1837071868545,69.21772982732496
P012,2026-01-01T11:42:00Z,2460,130.69942482120902,89.07611463467933,30.575481685917715,38.53878443157214,165.01384450725055,106.49168325711418
P001,2026-01-01T11:42:30Z,2461,85.53581835576536,92.55701501992203,22.58736051698202,37.43675453367711,119.99498496398974,61.34947408502717
P002,2026-01-01T11:42:30Z,2462,90.24093573251787,97.30571516950714,15.768963238918028,36.872121684025956,128.02113025554186,81.270510253525
P003,2026-01-01T11:42:30Z,2463,90.38957840941801,96.13093861679737,20.742011511877834,36.83918237259105,153.11611167922067,82.03020742280033
P004,2026-01-01T11:42:30Z,2464,79.41714845011869,97.84250473949832,15.486387168784828,37.05700945677669,,77.76881913719579
P005,2026-01-01T11:42:30Z,2465,60.29856055962903,96.18683966620748,14.988467613961339,37.10210347122918,113.51470156817166,93.2880225258042
P006,2026-01-01T11:42:30Z,2466,124.15888733620855,89.63551774204994,31.468635813543088,38.84333599449384,150.05630101864938,108.37779225564023
P007,2026-01-01T11:42:30Z,2467,90.79035609697526,93.90467594747608,23.086477954273363,,122.4882541891557,83.54328322956007
P008,2026-01-01T11:42:30Z,2468,99.84400794878346,93.92380416591695,19.084363497978355,,135.91848095830176,83.88384239983695
P009,2026-01-01T11:42:30Z,2469,74.80170935491263,98.42197919664211,15.320311948506848,36.81895588963703,120.0997725408552,78.4831494479906
P010,2026-01-01T11:42:30Z,2470,72.93003759307507,96.09779648587005,16.38759805698356,37.00565005091654,129.84448396453033,74.76973953610664
P011,2026-01-01T11:42:30Z,2471,75.3004903844853,99.05862074975715,12.614833368563648,37.00062039815491,115.46657732027376,79.33720034177317
P012,2026-01-01T11:42:30Z,2472,127.12130404462313,91.56362971978503,26.849019754542116,39.07589937409237,154.24431678219622,94.17306869002302
P001,2026-01-01T11:43:00Z,2473,86.32879839113264,94.98486053527233,21.644255122336496,37.06261666615697,126.1886679797468,90.73457160607141
P002,2026-01-01T11:43:00Z,2474,82.49620334102262,97.40269495356259,15.34572458080434,36.931854854324754,125.98934512643527,84.94551031400306
P003,2026-01-01T11:43:00Z,2475,102.02636449180461,91.35201017368631,,36.88023826424451,119.81184686093412,90.05014566809928
P004,2026-01-01T11:43:00Z,2476,85.4062228708825,97.15551958829037,19.85600063946424,36.702056754311556,135.0134603445176,85.25962332921468
P005,2026-01-01T11:43:00Z,2477,76.47530471172232,97.08955753809498,18.715183493573075,36.98933945038288,117.00819358515895,78.88336955228073
P006,2026-01-01T11:43:00Z,2478,,,32.31681540313682,38.995488256581936,159.2665959395473,109.82111634553213
P007,2026-01-01T11:43:00Z,2479,85.05080445847443,92.65788489227076,18.23664336124801,37.73862488504311,138.8110825550606,88.55232841973941
P008,2026-01-01T11:43:00Z,2480,96.56809433012499,93.72566082114605,23.01137407912185,37.61278288762693,134.89983686376158,93.86865483192791
P009,2026-01-01T11:43:00Z,2481,95.83298840342596,96.6035193329804,16.721366945483233,36.90080589075277,122.4154086219471,73.24553109347981
P010,2026-01-01T11:43:00Z,2482,63.95658590228258,97.93235663848853,12.03613415278693,36.891831644555964,111.13023596332998,83.34468921702972
P011,2026-01-01T11:43:00Z,2483,81.69120060909995,97.53053846742382,16.208669990454464,37.27863412804954,110.29872033053304,82.32088739273254
P012,2026-01-01T11:43:00Z,2484,141.98269469282258,89.44683384511542,31.113415995830227,38.44905660397107,147.24126274836777,109.16211465808001
P001,2026-01-01T11:43:30Z,2485,93.01569816167432,94.12714592724093,16.526231940016846,37.75311490529604,138.96832900411977,102.46462053857195
P002,2026-01-01T11:43:30Z,2486,,96.32980896624481,15.845569494443376,37.14829782566352,119.00512914422518,82.74113246271735
P003,2026-01-01T11:43:30Z,2487,85.31486373238674,92.06161673817455,20.04579593206857,37.48716073066731,146.16587477089513,75.19982680620808
P004,2026-01-01T11:43:30Z,2488,77.63592592618849,98.24660089022603,15.298574318965498,37.31602799136638,127.70799606316028,88.61614299067713
P005,2026-01-01T11:43:30Z,2489,81.99213782382797,96.9204586952594,19.608601630118827,36.793809708633766,126.15779292677259,80.60569950083212
P006,2026-01-01T11:43:30Z,2490,106.80772989833532,85.38856697836718,30.293748408404845,,182.7449180393114,97.2181188350394
P007,2026-01-01T11:43:30Z,2491,84.37722627420112,93.63207378304023,21.961369906124897,37.911837191325745,128.41997243406453,74.52857440902959
P008,2026-01-01T11:43:30Z,2492,,,15.917123223828039,37.86993541856825,127.02276920850271,72.91032073677069
P009,2026-01-01T11:43:30Z,2493,84.09022592906709,97.18723770604878,15.912839494950742,37.140843446840485,126.97393736935808,72.58285054440724
P010,2026-01-01T11:43:30Z,2494,73.7555281497096,97.31455721802351,13.809171625730336,37.31336164348533,112.57969843043261,83.47518334371654
P011,2026-01-01T11:43:30Z,2495,65.36672638354737,97.77521601700417,17.720629696162067,36.83615154598586,100.20240804616498,76.22425265706944
P012,2026-01-01T11:43:30Z,2496,118.68241830997758,,27.924072185244675,38.3213725332588,128.70836302812756,108.01220612969358
P001,2026-01-01T11:44:00Z,2497,97.18418736920948,92.83018283018468,20.753739843201185,37.42901510751343,146.02953486547463,
P002,2026-01-01T11:44:00Z,2498,79.66474211780123,,16.150411058110944,36.4481702456521,121.09958968879822,78.17211321460134
P003,2026-01-01T11:44:00Z,2499,82.58005824411254,94.7895364003329,24.866326020012348,37.805502260006605,140.6030121146315,84.94819515896283
P004,2026-01-01T11:44:00Z,2500,83.31803119026738,97.05738854440956,16.38370297066433,36.33027859106181,142.3057799753192,75.51690653882564
P005,2026-01-01T11:44:00Z,2501,82.95814041765809,97.69113230130034,14.168290283569405,37.03557313665468,129.4154059729008,73.84187830366164
P006,2026-01-01T11:44:00Z,2502,,87.59606191124685,25.966838537267638,39.611696841269286,160.03209288214842,107.27531521368314
P007,2026-01-01T11:44:00Z,2503,79.07584539797912,94.72067071895079,20.53432397273253,37.1343538188427,114.81707760294753,84.64399847185885
P008,2026-01-01T11:44:00Z,2504,84.34291982843192,95.98024385450961,24.1082992886413,37.46062754518092,139.44041411023983,88.68724800784368
P009,2026-01-01T11:44:00Z,2505,74.84064170440301,97.16900671677229,18.436088704364813,37.50643484452244,125.80561212476678,84.98848191829657
P010,2026-01-01T11:44:00Z,2506,86.36261623736826,99.0492399320229,15.726991169348663,36.69609467696369,132.44032309456674,85.58534183855167
P011,2026-01-01T11:44:00Z,2507,74.79450732872411,97.44924942616119,15.737550345307916,36.38902058973573,102.99026074326144,82.42458249821415
P012,2026-01-01T11:44:00Z,2508,115.13019617785417,89.89648145105181,29.69179716977779,38.758282073003635,176.2286086650688,102.12878267957595
P001,2026-01-01T11:44:30Z,2509,101.04674391251541,93.8395078243561,19.14241167449915,36.94392292750744,134.6635118005674,81.34723451415738
P002,2026-01-01T11:44:30Z,2510,68.01270071427588,97.51375207702593,15.710105948078446,36.905197882814626,113.4597028236626,78.91219436844197
P003,2026-01-01T11:44:30Z,2511,76.83998975494252,94.9802104827157,22.971714274821718,37.339118109276356,158.65979264485523,73.12121392478177
P004,2026-01-01T11:44:30Z,2512,76.79944393582629,96.8898410800126,16.997629116762585,36.85909564503353,120.74232035123124,76.94053841308985
P005,2026-01-01T11:44:30Z,2513,76.11064754486677,96.24141938587123,19.233190344270728,36.912537698688574,109.98366053971507,87.43032548312077
P006,2026-01-01T11:44:30Z,2514,128.14174486498416,89.94515538883073,27.114638300751025,39.071079530143805,149.1051582211004,118.36453432721714
P007,2026-01-01T11:44:30Z,2515,92.14706322578473,93.60506343279052,20.770677556717082,37.04085044713928,143.11972191984447,88.26549057892599
P008,2026-01-01T11:44:30Z,2516,90.17687635545235,97.74339012039712,17.28653537670476,36.48894151514529,128.04911512583683,71.21627866599486
P009,2026-01-01T11:44:30Z,2517,82.45271681885136,97.23643333575336,17.857179845928435,36.809356468968815,136.35096827488093,80.82580907269639
P010,2026-01-01T11:44:30Z,2518,63.294924498013415,,17.365341429195126,36.974468179506914,111.86257109538842,63.793425776946705
P011,2026-01-01T11:44:30Z,2519,73.2271034548333,97.166481870148,16.901320043155206,36.566736418006236,123.6020592474742,79.06585144547893
P012,2026-01-01T11:44:30Z,2520,126.82970705693857,86.69619706056065,16.252004041689908,38.48156849473853,161.76647307236527,91.58233022506087
P001,2026-01-01T11:45:00Z,2521,99.2193886441807,94.34747022776496,20.36891591231619,36.95836017961711,,80.62030313305436
P002,2026-01-01T11:45:00Z,2522,74.82161320727602,96.91909557556644,14.727994731204491,37.30368959828099,125.35764706607998,73.26234536868216
P003,2026-01-01T11:45:00Z,2523,92.39466014947222,95.17777183795744,17.29713376360209,37.719677321081946,138.39574132045624,
P004,2026-01-01T11:45:00Z,2524,87.40990777499483,95.88060586496321,12.525196387063668,36.94590981889578,127.94127966371272,62.55230639092832
P005,2026-01-01T11:45:00Z,2525,71.15926196777805,97.86505062234185,16.749292464030418,36.71378259539352,123.30092512371465,
P006,2026-01-01T11:45:00Z,2526,115.78042041718153,91.33422571339305,27.092873488004457,38.22549110774483,192.53285466262977,93.57664903962318
P007,2026-01-01T11:45:00Z,2527,91.02609238416117,96.35509106763823,22.0797160584952,37.362062694293904,161.40817498023364,82.58277790365248
P008,2026-01-01T11:45:00Z,2528,92.49964463681779,93.68006530266787,20.929860608599075,37.49158620085491,155.67397352775527,85.91906993939742
P009,2026-01-01T11:45:00Z,2529,73.46868787651374,97.85421684213293,14.524344765188893,36.159005626608916,106.82804381601623,77.89309118699285
P010,2026-01-01T11:45:00Z,2530,74.4091539339581,96.07156627977429,18.061440572781635,37.15539902433268,104.2039959523519,79.35859501269452
P011,2026-01-01T11:45:00Z,2531,73.95837741154483,96.64980086425744,14.158478974879106,37.052057133507574,139.65297293053004,87.30049133937189
P012,2026-01-01T11:45:00Z,2532,124.64481548827332,87.82772330688944,31.73305353288597,38.97679688593946,180.92423393026706,85.29087803464596
P001,2026-01-01T11:45:30Z,2533,101.20310946328341,93.75875398179171,18.47673553768387,37.26012509133002,135.44541042716574,72.00437762065681
P002,2026-01-01T11:45:30Z,2534,78.63128700401037,97.22701708935112,17.730406598673703,37.28142847762227,126.70633911059075,81.58584708587594
P003,2026-01-01T11:45:30Z,2535,90.51936763779008,94.60243961032334,20.663034401892396,37.766603753679554,154.4248819842186,83.44595009478878
P004,2026-01-01T11:45:30Z,2536,72.47269120731762,96.61067182964807,13.487919408911356,37.280180255760705,135.53102569489994,80.23877904812056
P005,2026-01-01T11:45:30Z,2537,72.36898703689886,97.46256049483598,12.44735560051733,37.40375431733905,118.47729579325569,83.22149330384407
P006,2026-01-01T11:45:30Z,2538,133.91386696605235,89.45316064771701,23.84880869759502,38.6436669876307,163.8711263119578,98.84221409191127
P007,2026-01-01T11:45:30Z,2539,100.33919936197529,96.28551966111597,16.994480532861544,37.52840422566364,129.59997709692962,74.88396652386928
P008,2026-01-01T11:45:30Z,2540,79.3088865015739,95.92711230078527,20.34989754997186,37.274242403494966,112.98718916301496,88.6143431880193
P009,2026-01-01T11:45:30Z,2541,63.43477220895227,96.11566483054722,16.356453285277084,37.020354973689884,107.77377869960898,78.19023056192182
P010,2026-01-01T11:45:30Z,2542,81.34862329197473,97.30215595407039,15.81096452591483,36.981634072126475,115.1260815289832,84.67256995845824
P011,2026-01-01T11:45:30Z,2543,76.46651268282926,96.55381273515334,15.709926536968336,36.80418073313699,126.67940117032498,71.59800601435418
P012,2026-01-01T11:45:30Z,2544,117.29367900000707,92.12489899406857,22.846889614140558,37.871976564442974,155.85435976549303,110.29184706296562
P001,2026-01-01T11:46:00Z,2545,92.44164086956138,94.83867152479887,16.552009268749188,37.779281349417076,144.64137924446106,
P002,2026-01-01T11:46:00Z,2546,76.42703051789884,97.64634188662379,16.544668242802093,36.89430843732985,124.94372386370799,79.30183246313031
P003,2026-01-01T11:46:00Z,2547,97.12955493815578,96.69050987597437,19.572900449472886,37.196412745489766,130.5284741725338,83.16442655743
P004,2026-01-01T11:46:00Z,2548,80.98306700548333,97.96179221954426,18.8249787538157,37.478359127714796,125.11644818214708,76.27047452674054
P005,2026-01-01T11:46:00Z,2549,80.66055531445367,96.97816975869974,17.793575205453898,37.08497488917722,132.34309981788795,91.04063075037355
P006,2026-01-01T11:46:00Z,2550,135.37193315971155,88.12616706818073,27.794940830177094,38.196156219119864,146.46784716371943,99.49047593194848
P007,2026-01-01T11:46:00Z,2551,96.21183724789194,94.77570549982461,20.794050155646612,37.99103607382947,136.2940600224134,80.00715250213764
P008,2026-01-01T11:46:00Z,2552,93.217656730149,94.38560207232241,20.402535478733903,37.27056160034218,131.33567897764834,80.84657538512543
P009,2026-01-01T11:46:00Z,2553,76.129300117758,97.08620915961339,16.06712128563189,37.3399948539535,124.75469958608649,85.49690393354109
P010,2026-01-01T11:46:00Z,2554,76.43174563830438,98.06147815729547,18.232970739474375,37.276030343037775,122.94254952592243,87.24125724677664
P011,2026-01-01T11:46:00Z,2555,65.67694607273269,97.86234985577248,13.10479054943813,37.06470909780509,119.0472207472384,73.37641089811275
P012,2026-01-01T11:46:00Z,2556,129.2118449416761,88.86240235963167,23.324684816916402,38.83286366746014,174.18685099176045,100.36596692494129
P001,2026-01-01T11:46:30Z,2557,90.35163273669421,94.055740043125,20.438055782160202,37.74732239694052,133.13221250708057,105.09914497344127
P002,2026-01-01T11:46:30Z,2558,78.55107075079951,,15.128024129789651,36.7550993123892,113.32558136189833,
P003,2026-01-01T11:46:30Z,2559,112.88771577559179,95.7590864590487,26.549501770273103,37.28726577652766,138.05919033133205,74.65711516480535
P004,2026-01-01T11:46:30Z,2560,79.2023402065532,96.38979713091885,17.837091458052672,36.36350261773565,120.90539038911174,66.9252005974769
P005,2026-01-01T11:46:30Z,2561,78.03584320935732,96.42596076808469,16.128154878625434,36.79371925017743,130.004535781381,79.72716736103855
P006,2026-01-01T11:46:30Z,2562,103.78267989848297,88.38726142231971,28.389448681596658,38.281972114319075,169.7927597400508,103.5120008471865
P007,2026-01-01T11:46:30Z,2563,88.19299404113332,95.68615316337026,17.159634411167843,37.58324393284745,111.30988189006763,87.63607668866466
P008,2026-01-01T11:46:30Z,2564,95.56724465962583,94.90211235213583,18.095598003743277,,138.9734548021145,78.96844843997779
P009,2026-01-01T11:46:30Z,2565,63.7839773970632,98.30748201838475,16.039859046813234,36.971007163148286,134.16478097075148,62.07114664664952
P010,2026-01-01T11:46:30Z,2566,78.51189877227893,98.12079751175226,,37.06938977699804,119.61482355882796,80.77632415129452
P011,2026-01-01T11:46:30Z,2567,78.17689279223968,97.61118475578627,,,118.32647250167153,81.8380636124914
P012,2026-01-01T11:46:30Z,2568,119.86843276286955,90.51903902616228,28.87936601711272,38.805739957453724,187.99755594785466,103.51012016134904
P001,2026-01-01T11:47:00Z,2569,99.80218168604313,92.6721835032793,20.706027380755273,37.41111736030346,135.7875627119078,84.34095853910318
P002,2026-01-01T11:47:00Z,2570,70.19342795086227,96.73250559781356,17.429142265509917,37.16055752653817,128.07963270171274,74.01319390672509
P003,2026-01-01T11:47:00Z,2571,83.31276774613583,93.69829670158909,21.50241236842037,37.116630202085716,152.47351397884702,81.89497671979456
P004,2026-01-01T11:47:00Z,2572,76.618889310339,98.22601040677134,16.438943384027123,37.593800861882364,126.67738923833855,74.75752557989206
P005,2026-01-01T11:47:00Z,2573,83.23065790161795,97.11083836060335,13.994960426513671,37.3677953147064,,78.23079335347714
P006,2026-01-01T11:47:00Z,2574,100.49137114731221,88.3980227726274,23.407163633969315,38.235737579139546,181.2607373742822,116.02198015963285
P007,2026-01-01T11:47:00Z,2575,85.17745849114324,95.33213004303268,17.297601776710138,37.672422066046465,116.46483565223217,74.85520014444266
P008,2026-01-01T11:47:00Z,2576,92.73025708783341,95.35167767195878,20.817492039434505,37.819865905284644,123.79559132851858,66.21768709342598
P009,2026-01-01T11:47:00Z,2577,75.88929991229273,97.0109047257427,17.49595078862006,37.14463923680826,132.25214016853033,70.00215899974397
P010,2026-01-01T11:47:00Z,2578,74.2559444287686,96.77024913959728,15.724642671279835,36.84974497261689,132.26613648172963,71.42572066321632
P011,2026-01-01T11:47:00Z,2579,79.15736443940163,98.59254757169778,16.096841514681554,36.86901434987302,120.87971995365105,74.90429474365158
P012,2026-01-01T11:47:00Z,2580,84.93511707907598,88.49351369008815,30.126997937713313,38.78974969580742,167.8721189127232,110.05961415649843
P001,2026-01-01T11:47:30Z,2581,83.99638826853,94.51706163740698,21.95510297806132,37.76137688650849,145.6773947383414,82.89446277877362
P002,2026-01-01T11:47:30Z,2582,66.97681952566747,97.34115204686188,16.755671580924588,37.05193951285022,113.30021272634671,81.09352026641562
P003,2026-01-01T11:47:30Z,2583,84.91114614162217,93.85994302743015,19.02913562156311,36.86224537635971,143.8242271141128,88.97442885794976
P004,2026-01-01T11:47:30Z,2584,68.9469564337096,97.81323769210312,13.870239659396372,36.50996737540041,121.74765296181998,77.69696865469683
P005,2026-01-01T11:47:30Z,2585,72.4036470730623,95.98764401470719,12.93947817898421,36.99689343928104,129.13878983467123,72.65867733272303
P006,2026-01-01T11:47:30Z,2586,121.02636355746267,87.33101684259076,25.237880069175453,38.61587370208775,157.9475169507442,93.5669672875372
P007,2026-01-01T11:47:30Z,2587,95.79944111208894,93.23857367965084,19.93364432599437,37.4629419575378,128.42776496972988,80.12139281417696
P008,2026-01-01T11:47:30Z,2588,86.83368672837588,95.04226296807717,14.046448279702057,37.438229564677485,153.41620695073533,65.20048480296452
P009,2026-01-01T11:47:30Z,2589,71.75665396779964,97.22349639957692,17.95534029299754,36.73766447938651,121.62118340264676,74.0106373333782
P010,2026-01-01T11:47:30Z,2590,70.03364757522489,98.28307622640078,19.27541921798812,36.36254658590646,127.23916545078862,83.1536008289441
P011,2026-01-01T11:47:30Z,2591,67.24451133373577,97.89567926558935,17.08789504026136,37.27319805035779,112.46832885338094,82.34124612289374
P012,2026-01-01T11:47:30Z,2592,119.65520088833189,88.27885939483889,22.959472819326308,39.56244607716199,187.38207611645498,100.4132688236364
P001,2026-01-01T11:48:00Z,2593,97.17340290248086,95.99141428088713,23.624265415475108,37.68536409386838,139.3758127447665,76.41531424536042
P002,2026-01-01T11:48:00Z,2594,78.2629099444173,97.49561286629309,17.826053793658467,37.43110039614717,121.0344430618064,81.12613205229721
P003,2026-01-01T11:48:00Z,2595,101.83248273450707,96.72950881636864,19.02438708479036,37.07862406535414,131.52699415719343,80.46757923692321
P004,2026-01-01T11:48:00Z,2596,75.02673287372053,98.86407896867546,15.509488683257274,37.18448529524176,120.57138319045958,66.94978150158624
P005,2026-01-01T11:48:00Z,2597,74.16508654291003,96.91720603353077,13.898623474758224,36.97630870036107,134.40127455678035,86.27170279349913
P006,2026-01-01T11:48:00Z,2598,122.00499779746812,87.93357892551116,24.78797244474059,38.176302469840294,149.794355605443,93.99118075836276
P007,2026-01-01T11:48:00Z,2599,97.04297879029572,94.20437015729074,21.52979136483663,38.1156532949954,137.8851143641114,99.34496015732518
P008,2026-01-01T11:48:00Z,2600,107.16868872061765,94.99354782866432,15.749732944964542,37.6069464145981,143.66155539643125,81.75369801673241
P009,2026-01-01T11:48:00Z,2601,72.93206569341211,95.7703909573408,19.676648517636412,37.16123385584673,103.99096940072738,77.61279142524323
P010,2026-01-01T11:48:00Z,2602,72.20051182440025,,15.08572728520076,36.898253563764875,,68.79882922059839
P011,2026-01-01T11:48:00Z,2603,75.39097679370865,98.1695013964644,16.867506302789195,37.28364007331498,109.80195185835699,73.16285675945323
P012,2026-01-01T11:48:00Z,2604,120.85406334904484,92.31317336683472,30.066964650184637,37.79799283923382,186.47263226187624,115.5527672196975
P001,2026-01-01T11:48:30Z,2605,86.439184832993,95.80511969372965,24.275246010027214,37.59318460143209,148.19613434982298,86.61196889704424
P002,2026-01-01T11:48:30Z,2606,80.32609639588352,96.80491526671653,16.739976607927805,36.614160983817904,117.46752631333744,80.20782551628264
P003,2026-01-01T11:48:30Z,2607,102.79071916741896,96.09574971637632,18.029291500372608,38.04110818012922,149.64798507867437,72.01777999389931
P004,2026-01-01T11:48:30Z,2608,67.43656639518628,97.43413938824264,17.244444972300265,36.294056611131005,110.46981183950513,84.13447883951754
P005,2026-01-01T11:48:30Z,2609,,97.74902574447798,15.07177525878326,36.69039535717234,119.90393127725983,70.26389350323872
P006,2026-01-01T11:48:30Z,2610,111.69616752209801,88.77279481229372,26.626451101387357,38.52441899202767,149.23089681778222,93.15714015709412
P007,2026-01-01T11:48:30Z,2611,94.9468667866205,92.85844767616578,12.416651288637393,36.97831789492406,142.10678080234635,89.6653953820748
P008,2026-01-01T11:48:30Z,2612,95.24147804794653,95.03340626776048,19.677621865180885,37.7295897271844,120.90602607394247,82.45425799864549
P009,2026-01-01T11:48:30Z,2613,71.19188736557948,97.8533744142088,15.809324458053997,36.54446964418168,120.62032147602332,85.93026732612046
P010,2026-01-01T11:48:30Z,2614,82.22968196629873,97.18989121014891,19.32932333558287,37.303634241796146,117.20553038205078,86.63301616205496
P011,2026-01-01T11:48:30Z,2615,,96.67840927598519,,37.28507072746984,112.44332462955981,83.17516447702425
P012,2026-01-01T11:48:30Z,2616,123.33836436898605,89.64144645433174,24.198357298754633,37.930742725643746,166.19431144246033,108.7924875955982
P001,2026-01-01T11:49:00Z,2617,87.11731518027189,94.41110523697431,19.875069381836685,37.47720325268472,120.501790341696,75.3897148879325
P002,2026-01-01T11:49:00Z,2618,68.45901924085612,97.2013715901767,14.502829940010091,,117.52282072648381,77.85808880909345
P003,2026-01-01T11:49:00Z,2619,100.53525159910525,94.26270629290201,23.5157592248844,37.58758704436493,141.7252308752836,73.39962296057585
P004,2026-01-01T11:49:00Z,2620,69.85707416988984,96.53345898585147,14.995507665137103,37.014706512276426,,78.20193715242245
P005,2026-01-01T11:49:00Z,2621,,96.25418184927827,16.23825744488961,36.57729681036636,121.62849631977362,71.67773846104927
P006,2026-01-01T11:49:00Z,2622,127.64455166789939,88.8244533435197,24.468216864510353,39.086951681536625,,96.78276016057077
P007,2026-01-01T11:49:00Z,2623,87.73777405554583,95.02098423385108,20.531395456571776,38.216896545112434,129.73789267430772,90.05228132837344
P008,2026-01-01T11:49:00Z,2624,94.8948319915672,95.1777747250195,20.699407491083928,37.78464037744897,126.09911001690463,93.72871325814779
P009,2026-01-01T11:49:00Z,2625,76.70879816034225,,14.846368149409198,37.57532254292502,114.44227158267407,64.28332718673089
P010,2026-01-01T11:49:00Z,2626,65.9066325231137,96.04516586917106,15.935595238649876,36.43064712557232,118.6899063459569,86.52781672061816
P011,2026-01-01T11:49:00Z,2627,80.36258696650982,98.00831129254895,16.25778122291065,37.05357687869156,117.39217406690175,84.7954155471898
P012,2026-01-01T11:49:00Z,2628,134.70081134455074,83.50438022651059,27.358376126622066,38.28299823629997,162.6531225770087,98.86310384950448
P001,2026-01-01T11:49:30Z,2629,94.60903729070131,95.1467243434611,17.67927309902212,37.53012233295547,132.8983441203579,
P002,2026-01-01T11:49:30Z,2630,69.20371226461096,97.37169125970203,13.624160880780332,37.08214368983809,120.13003983251917,83.13109104657939
P003,2026-01-01T11:49:30Z,2631,82.76296422470872,97.15090635658011,18.747317900051026,36.8798487672994,122.945108382792,84.47733830136234
P004,2026-01-01T11:49:30Z,2632,72.62100488043978,96.99441741873235,17.539419862074443,37.40402006606536,112.05852250245964,84.68465725060788
P005,2026-01-01T11:49:30Z,2633,74.7271321061134,95.59587694098353,17.52408189143356,36.89148585494891,108.02950476288248,79.22844454650873
P006,2026-01-01T11:49:30Z,2634,129.95393567121965,90.81205565604225,25.17375821638753,38.73721252270114,171.13449132072154,106.23440506919916
P007,2026-01-01T11:49:30Z,2635,84.50987200757959,95.92618840831162,21.897901219437777,36.795933163290925,128.16717984556493,88.77848689912118
P008,2026-01-01T11:49:30Z,2636,85.60926799391933,94.78213834535634,25.70955105442831,37.6083336577661,161.70820559650406,79.01675868232589
P009,2026-01-01T11:49:30Z,2637,78.91115571476612,95.57303936102419,14.402687629155059,37.11679291814799,130.92377379418298,80.14336625039995
P010,2026-01-01T11:49:30Z,2638,77.17473817420972,95.30132512378589,13.485212861390806,36.895001857172815,131.11826646560155,75.48576032262191
P011,2026-01-01T11:49:30Z,2639,84.52357764833769,98.31353483950825,14.0890410447941,37.0187110795925,119.05997560199158,81.7143847605028
P012,2026-01-01T11:49:30Z,2640,105.98364882211891,87.02858145510018,29.31608302226878,38.519655434970296,142.94615321759335,99.11802353317054
P001,2026-01-01T11:50:00Z,2641,97.93632258394017,96.20690215911003,23.0800377255788,36.98822253552123,125.31267387415889,78.6267879885959
P002,2026-01-01T11:50:00Z,2642,77.51102989094161,96.59135118950024,16.376923902969605,36.44660686105915,101.1934651357563,81.85927297981684
P003,2026-01-01T11:50:00Z,2643,94.0798815071954,94.4442114593257,19.409406536379436,37.060350988040994,138.529745686833,79.73032561324644
P004,2026-01-01T11:50:00Z,2644,72.78724933952797,96.29869342672754,15.721560598908988,36.47267028061831,125.90268464563619,76.223600837203
P005,2026-01-01T11:50:00Z,2645,78.05905642977213,97.39617326728983,18.253759157093782,36.735993127942876,124.14313304659733,92.67661245777946
P006,2026-01-01T11:50:00Z,2646,124.40144362174503,89.92815904586676,28.141958908156752,39.00204900694226,151.0091986092021,106.40024971875938
P007,2026-01-01T11:50:00Z,2647,95.52662838095027,94.2945156686756,20.546299522443512,37.197926245178415,141.28367926912088,83.92437911132014
P008,2026-01-01T11:50:00Z,2648,93.01831790189215,90.6677846313051,21.076193519887454,37.699194337294394,134.53129431030115,75.34697046137289
P009,2026-01-01T11:50:00Z,2649,67.78456782812326,97.79972889241083,18.0518838473514,36.87892088791674,112.41991609822558,85.49410040635065
P010,2026-01-01T11:50:00Z,2650,70.42222605994628,98.40599305645732,19.518250210633248,37.20546069836104,129.819498674212,88.59062496354316
P011,2026-01-01T11:50:00Z,2651,74.24425696838375,96.28200692136474,16.01131267642167,36.87168607598667,129.57191506281384,
P012,2026-01-01T11:50:00Z,2652,124.78898872456452,86.86190371764303,26.137253417096478,38.48068619225244,171.67366134854268,94.5825886947698
P001,2026-01-01T11:50:30Z,2653,94.08402939832386,94.01759750742637,19.957637578433694,37.571575747381075,160.74520481805592,88.72108323672022
P002,2026-01-01T11:50:30Z,2654,75.74094382027333,96.35405499817263,15.133179214968479,36.649951363940275,130.99556160782709,87.01000673127984
P003,2026-01-01T11:50:30Z,2655,88.50611919936686,95.48687303144843,18.80957854542662,,150.85464635690138,85.52067543625715
P004,2026-01-01T11:50:30Z,2656,70.00692790116851,96.71673998377207,15.830033858538572,36.74441424146688,112.61636342118467,75.14069732975221
P005,2026-01-01T11:50:30Z,2657,77.55935861027059,,16.82200925234475,36.92464296638758,115.8905667570108,81.97473954980435
P006,2026-01-01T11:50:30Z,2658,109.1465785543691,88.61566438603222,21.804540560714702,39.34072096194528,165.61389224215242,99.30290223201318
P007,2026-01-01T11:50:30Z,2659,87.35451595622291,93.55656352518267,20.320289877656236,37.732485261427925,141.3311538272011,78.08120751347415
P008,2026-01-01T11:50:30Z,2660,102.97943416396079,96.07701917042684,26.328456369874896,37.61020051644459,142.9049079188487,82.44029655316562
P009,2026-01-01T11:50:30Z,2661,71.37909647456667,96.90795013004319,19.27245329466562,36.54012572689076,,
P010,2026-01-01T11:50:30Z,2662,70.40219420640683,97.00073056078178,13.370770444061787,36.51845560153047,110.46151587289869,88.02794760551683
P011,2026-01-01T11:50:30Z,2663,85.84198015915513,97.16653313558149,17.19782511728393,37.11120393985455,,78.25644579065728
P012,2026-01-01T11:50:30Z,2664,107.37002837596144,92.5919786296176,28.98618407345647,38.19851721357093,174.06102561768813,
P001,2026-01-01T11:51:00Z,2665,90.64527748954322,94.43271269853417,17.640708782803188,37.47401427490191,126.73121962056783,81.10322386958266
P002,2026-01-01T11:51:00Z,2666,68.47246309915525,96.45942291771361,16.258248458960317,37.09183916055178,114.74449562279491,81.65887368346874
P003,2026-01-01T11:51:00Z,2667,87.9138722792988,92.44607325848779,20.971058919941314,37.745880462171556,,85.73119488017933
P004,2026-01-01T11:51:00Z,2668,74.08339180380375,97.42462016028719,17.12311565905365,36.77875501655222,109.5802580904712,85.92767208742738
P005,2026-01-01T11:51:00Z,2669,81.89270050198682,97.2135875356975,16.777354297800212,36.62415243455139,83.68691640576805,73.33602891497122
P006,2026-01-01T11:51:00Z,2670,91.7577220930853,85.09511792840946,22.31024649407159,38.87831959913708,160.5125736012674,97.19188936921282
P007,2026-01-01T11:51:00Z,2671,95.91663440353521,93.84444853309748,19.921317772133516,,131.58665173370164,86.99327538829183
P008,2026-01-01T11:51:00Z,2672,86.46224299108351,93.790243129369,19.01469605746692,37.36609642403402,125.2720313268888,68.44947134157984
P009,2026-01-01T11:51:00Z,2673,66.4855641369358,97.56289737947904,15.980381816692722,36.82246714171786,132.98382539400453,80.70328780201898
P010,2026-01-01T11:51:00Z,2674,68.9323850594318,97.15912293405098,16.193902492357935,36.87935946895431,118.74724084329809,87.91806251355226
P011,2026-01-01T11:51:00Z,2675,77.3613834838335,97.57251512862074,16.977011136106526,37.14833320353542,115.40680385411855,69.54930190397278
P012,2026-01-01T11:51:00Z,2676,97.27492730988013,88.6637929351445,25.64804551088305,39.4379913607367,166.24381143738472,107.27476153407328
P001,2026-01-01T11:51:30Z,2677,83.52017333945516,92.98080892894495,23.296082694015848,36.851519113783716,144.58886700096198,86.36350158722965
P002,2026-01-01T11:51:30Z,2678,66.1314533644421,98.28030077957699,18.848510115264155,37.22588295403377,120.71180096555881,69.44172766623946
P003,2026-01-01T11:51:30Z,2679,76.60450753146503,93.01211129490838,23.61733558475917,37.53857004945483,132.02539166489447,80.5974407415532
P004,2026-01-01T11:51:30Z,2680,77.01411006972933,97.06727868664109,17.25628462206672,37.15638206880047,111.46976931651095,85.68130791660076
P005,2026-01-01T11:51:30Z,2681,71.00848299286262,97.2661178694283,18.48940591755947,36.65905500724507,113.35988625291893,75.7681289461627
P006,2026-01-01T11:51:30Z,2682,106.67197154307331,88.23908717274834,26.14234074571979,38.48708051264063,155.0987852816037,104.97035940997202
P007,2026-01-01T11:51:30Z,2683,75.5211363101767,93.69947025989937,17.767568223638605,36.403131120615015,155.14735735236516,87.49297164733065
P008,2026-01-01T11:51:30Z,2684,92.00473902614148,94.45921371422307,24.309457152239535,37.516065830835544,124.61179875914239,85.92833644997378
P009,2026-01-01T11:51:30Z,2685,,96.59760950242918,17.965812426737784,37.36498296025551,111.70108107186124,77.97227748796004
P010,2026-01-01T11:51:30Z,2686,85.5348076109326,96.48571917362663,16.514973413114266,37.05289004160638,125.94629497340023,76.21266282980389
P011,2026-01-01T11:51:30Z,2687,70.71935435414468,96.35534104880333,15.065608831479974,36.66430700221263,127.73380109519549,83.42642870577215
P012,2026-01-01T11:51:30Z,2688,135.23552896219888,87.201899537868,30.210164385466012,38.386611931099175,173.3321406542381,113.7978913978387
P001,2026-01-01T11:52:00Z,2689,77.659990194786,94.65047744275246,19.34025351237674,,136.33322179698453,59.955688292697644
P002,2026-01-01T11:52:00Z,2690,77.64557850333068,97.62802758145895,16.56552545150605,37.454918648369684,115.46586519060664,75.75027236941386
P003,2026-01-01T11:52:00Z,2691,95.96229123509166,92.5591881949822,21.100399587799163,37.11172841396918,149.98267861378346,95.87513029059883
P004,2026-01-01T11:52:00Z,2692,83.16614218487992,97.47407371598281,17.994098391033138,36.75248276254159,112.02837717917791,64.72047965595942
P005,2026-01-01T11:52:00Z,2693,67.23891337789942,97.98200973902098,15.186839493284985,37.055273656217715,131.20004142345073,
P006,2026-01-01T11:52:00Z,2694,102.00647106839065,87.90222311911512,25.857778685026627,38.64355329328059,164.20363199250232,111.62413676466691
P007,2026-01-01T11:52:00Z,2695,82.13064284407498,93.28846994828201,17.98435182992918,37.554245089339425,138.52640681295424,79.58849744554209
P008,2026-01-01T11:52:00Z,2696,83.30291002655497,94.69929514956156,20.484426653848175,37.44942518701769,122.7491653294954,90.81340575470736
P009,2026-01-01T11:52:00Z,2697,66.28768685218431,96.56591558743501,14.954677387512064,37.576516075056276,121.38506031033909,84.44798451734482
P010,2026-01-01T11:52:00Z,2698,82.3262437584144,95.9235816944762,15.349556168841175,37.133653177089975,112.17949737361701,77.61619565200304
P011,2026-01-01T11:52:00Z,2699,82.01939033150357,96.66913666482805,17.251440202871937,36.308714015971155,115.2827942963971,91.89481922148977
P012,2026-01-01T11:52:00Z,2700,140.9736062453625,90.74166672827424,27.381247549422778,38.6328564019683,175.61397065058122,90.13083721042459
P001,2026-01-01T11:52:30Z,2701,88.755363855253,94.86781282020894,20.028099934316074,37.45051635941245,129.54774203839122,83.08942982940525
P002,2026-01-01T11:52:30Z,2702,75.82654694889358,96.7286134711499,,37.33019006646089,125.2307057631177,90.98546945373852
P003,2026-01-01T11:52:30Z,2703,90.77412865972462,93.51822466771718,23.2615551261925,36.78851598131422,137.78843319933057,72.99781148776277
P004,2026-01-01T11:52:30Z,2704,80.14714305718142,98.43905854175303,12.779686404827142,36.74519284377165,131.75287724876938,84.90744421775523
P005,2026-01-01T11:52:30Z,2705,64.14931746996488,97.11899737798267,12.011271022721624,36.74375144269339,108.78657693776366,80.63314280854908
P006,2026-01-01T11:52:30Z,2706,131.78891424379336,89.0951418011059,24.854190374296017,37.642982224074316,200.14887883215977,119.8143067492949
P007,2026-01-01T11:52:30Z,2707,102.61615993136934,94.32133156767095,17.887827532153715,37.79593356790484,129.74961849112634,
P008,2026-01-01T11:52:30Z,2708,89.14667849172308,95.88155596857919,,37.3877898301511,139.2748253907926,80.29774428684584
P009,2026-01-01T11:52:30Z,2709,68.76485345186234,98.71016272330918,19.594820120772447,37.06969171674298,123.03393390866583,76.8755092789709
P010,2026-01-01T11:52:30Z,2710,73.46404743334666,96.52870892725795,16.725221806863242,37.02796574902792,106.36996915931283,75.11334127846148
P011,2026-01-01T11:52:30Z,2711,83.8233262611609,99.0577729163605,14.15819114362939,37.205777021277505,125.49026563498929,67.56726760300403
P012,2026-01-01T11:52:30Z,2712,137.11765607496986,86.81258609347695,23.469262234385795,39.246490769555656,150.9327795023916,110.92010490335178
P001,2026-01-01T11:53:00Z,2713,85.78411711296648,95.92291376891473,17.99551594272877,37.71034597264854,148.57389818543302,80.20850336514043
P002,2026-01-01T11:53:00Z,2714,79.28141738595014,97.75580235258276,15.41297134468527,36.40607286956506,132.5377456109059,75.30959180350439
P003,2026-01-01T11:53:00Z,2715,90.03638372871401,95.90659422159243,20.934917627309705,37.875827659008436,114.8742447378359,97.26421650998465
P004,2026-01-01T11:53:00Z,2716,86.95635234144402,96.99943533797044,14.774141409262848,36.73943500400027,135.18022584883022,75.059331320107
P005,2026-01-01T11:53:00Z,2717,75.77345760112142,97.28730790828754,16.89024955129006,37.49138717170216,119.08516734288806,
P006,2026-01-01T11:53:00Z,2718,117.2475228377951,86.52279403140648,27.883408546686166,38.68492959395912,171.6484857425501,104.91308398433354
P007,2026-01-01T11:53:00Z,2719,,94.47005327261691,17.52607950623605,38.196455733837084,108.90862717134995,94.06678715370141
P008,2026-01-01T11:53:00Z,2720,96.22076996707841,96.43088541741636,19.6852129635853,36.53858121437773,152.17422679996423,87.13741511089701
P009,2026-01-01T11:53:00Z,2721,74.04787721805845,97.51924837443246,17.57671985646113,36.2556505553739,124.30374636939939,80.92767888234206
P010,2026-01-01T11:53:00Z,2722,80.63104146575368,98.3543651952744,14.368952980209949,36.586140270201426,124.46745680980577,71.2585241190373
P011,2026-01-01T11:53:00Z,2723,,96.61626056543832,14.545672278657298,37.00049548519684,111.22311550609967,73.3955175486377
P012,2026-01-01T11:53:00Z,2724,,88.33753986131117,32.84174527009598,38.563901238794024,178.55217951881258,109.15297237598425
P001,2026-01-01T11:53:30Z,2725,,93.31388718305043,18.199005330901713,37.3785213995314,127.73772550044335,78.75799861935752
P002,2026-01-01T11:53:30Z,2726,71.81557149406083,95.30421443196285,16.684256425663165,36.687609298403295,124.19462210191959,77.46279004425693
P003,2026-01-01T11:53:30Z,2727,,92.33108730991023,19.530699597692006,37.26517205871488,146.9092018896755,83.05709600323112
P004,2026-01-01T11:53:30Z,2728,,96.596115676683,14.494966761615174,,127.05839726030992,77.57241524893017
P005,2026-01-01T11:53:30Z,2729,73.24810283755669,98.12262173564298,17.05600008305003,37.16820527697169,110.09404118955791,79.92669011106547
P006,2026-01-01T11:53:30Z,2730,126.38818009366703,86.61613873669982,31.778260689418936,37.93763635477477,167.87061355757322,94.5814817967096
P007,2026-01-01T11:53:30Z,2731,82.45533108170238,94.55664286230902,19.66374191675151,37.728992888225264,149.70163922106593,83.749536759115
P008,2026-01-01T11:53:30Z,2732,94.64132004833493,94.2759858406636,17.21163715198431,37.08213267559233,154.19795763659937,85.62502399531633
P009,2026-01-01T11:53:30Z,2733,73.55472866959173,96.48660639643555,18.253739188069222,,120.50122806071994,74.39537582704577
P010,2026-01-01T11:53:30Z,2734,82.32535756380523,98.4065392310643,17.807164690394554,36.73882326924673,121.68105477820143,80.07462111345193
P011,2026-01-01T11:53:30Z,2735,70.78358630929817,98.73159753370459,15.242865069209259,36.91589307216073,105.50549505512663,84.69960587827896
P012,2026-01-01T11:53:30Z,2736,134.03504651657775,89.0482212290466,30.26013883443313,39.218878334747195,160.9255587572574,101.73987061640106
P001,2026-01-01T11:54:00Z,2737,95.34802224930814,95.34650937709101,21.976322038073558,37.616915450761866,114.27514773271889,91.44871566579762
P002,2026-01-01T11:54:00Z,2738,76.09688831617531,97.45283401179267,16.809520194345914,37.46359268377145,127.40247569003209,70.09888294285376
P003,2026-01-01T11:54:00Z,2739,95.56897181803593,92.84511180712784,23.538691454507372,37.3139755389538,128.04528885487804,81.47964956550659
P004,2026-01-01T11:54:00Z,2740,79.36247535464383,97.92463413209896,9.162424678776112,37.27931728442493,114.32883661212445,75.83647110013324
P005,2026-01-01T11:54:00Z,2741,81.86777033666003,98.48709715001083,19.11483721425554,36.932310669486036,115.36398447724632,76.46908371357817
P006,2026-01-01T11:54:00Z,2742,99.18654792684453,88.68785244613565,27.523250603750327,38.657620367601474,,108.46745453801228
P007,2026-01-01T11:54:00Z,2743,84.34066863486169,94.35775976396958,16.8102652047195,37.35302812573577,129.12706439457753,81.61415792238967
P008,2026-01-01T11:54:00Z,2744,90.70596049914198,93.27903867842271,19.82430673904025,36.84817821487932,140.44302971780363,61.987049787388194
P009,2026-01-01T11:54:00Z,2745,89.03573431237253,96.12546006614,12.194592734315904,37.455739182552655,127.41402364946634,66.74509466032114
P010,2026-01-01T11:54:00Z,2746,76.88057442315059,97.06455586101656,17.804910357326598,36.73151801350756,101.92527349360823,61.430822740248374
P011,2026-01-01T11:54:00Z,2747,77.11758730453221,97.4482877816751,15.926400949448373,36.82247913790524,107.85173034976009,85.03190453916511
P012,2026-01-01T11:54:00Z,2748,109.53654983966571,90.78272243482114,25.71056024828727,37.83367290925819,184.2317772604254,103.78616407736173
P001,2026-01-01T11:54:30Z,2749,93.14092215742407,93.58487214705798,24.97667370369327,37.25318059527953,139.93117576856375,80.73051993809524
P002,2026-01-01T11:54:30Z,2750,81.2812045069129,96.45681604175763,15.583098026905203,37.0875094643656,129.728301352855,69.32529506654788
P003,2026-01-01T11:54:30Z,2751,94.54431188586095,94.33288689641643,23.11996062875251,37.500172546574404,130.48534896518322,76.582681269533
P004,2026-01-01T11:54:30Z,2752,69.94410218274247,96.56763446616334,14.871934372283562,,128.05801505396474,86.20826630305106
P005,2026-01-01T11:54:30Z,2753,78.41138244418764,97.31135143076145,16.09870341445452,37.037699594339685,122.41779629774743,80.79670521071596
P006,2026-01-01T11:54:30Z,2754,125.82953044662924,89.08398177852348,25.45502428379931,39.25459126811052,175.3055564987943,102.01603880377661
P007,2026-01-01T11:54:30Z,2755,87.46454484737822,93.8664468302574,28.02996993698442,37.70830803723107,148.38326008140555,78.0889694534428
P008,2026-01-01T11:54:30Z,2756,90.3913449111997,94.80926432785846,21.961011918472728,37.261623868104955,127.129647436414,78.71830748331327
P009,2026-01-01T11:54:30Z,2757,,96.8898293054593,,36.995027584164376,126.42543341752148,76.79397379565043
P010,2026-01-01T11:54:30Z,2758,71.49004804436453,97.19552050940476,14.850661290989082,36.68010041318499,131.41142619442098,75.6467683742328
P011,2026-01-01T11:54:30Z,2759,77.35715841708036,97.68831066297331,16.061905613562487,36.979764775379685,119.93801291153945,72.44514984185061
P012,2026-01-01T11:54:30Z,2760,112.54266836657577,92.6011573628259,30.28553645589278,39.170025592960776,161.48513591476421,106.99964293453307
P001,2026-01-01T11:55:00Z,2761,91.01035632962937,92.74933249469821,24.90064899517095,38.05465527301956,140.779262297036,96.29841673732393
P002,2026-01-01T11:55:00Z,2762,72.52686628126933,97.10378403713034,17.71594269305851,36.73589751701771,115.56145889848517,75.1139360495839
P003,2026-01-01T11:55:00Z,2763,112.67374605146858,95.09346489874694,22.145058318300887,37.06041553508359,140.4286709902236,84.18396704302907
P004,2026-01-01T11:55:00Z,2764,85.38263075567005,98.33946512098147,17.454238540676734,36.77060203998103,128.53884831904483,73.36639242777281
P005,2026-01-01T11:55:00Z,2765,63.06508960160657,96.06205156626285,17.234476699327573,36.62383645485248,121.0317283344262,70.63534126827665
P006,2026-01-01T11:55:00Z,2766,100.89485545393067,,30.336612722582732,38.56647630345089,183.4196213734935,109.5322737227476
P007,2026-01-01T11:55:00Z,2767,103.36666897709196,93.02775601395038,20.96213397856504,36.92393430399008,125.63038076986508,85.56880535111829
P008,2026-01-01T11:55:00Z,2768,92.20476298626868,94.83119069839044,19.942029668401776,37.58499046978264,146.75499570769458,74.52271102271744
P009,2026-01-01T11:55:00Z,2769,73.04238981452572,96.06718076728471,16.91839390632491,37.21869095710335,120.41158417912246,83.69677757976086
P010,2026-01-01T11:55:00Z,2770,68.27813877370968,96.92642514644102,17.92963565219099,37.18863787523585,129.52423120465446,84.1244349488424
P011,2026-01-01T11:55:00Z,2771,70.19190537944756,96.41834157463472,14.912662535656787,36.33085814343486,117.25568773512626,78.28726032353772
P012,2026-01-01T11:55:00Z,2772,120.6590480295531,87.23982423307082,25.05706365816679,38.952740082427006,164.98699490566702,130.50156609008914
P001,2026-01-01T11:55:30Z,2773,80.56092132352487,93.08546881387099,20.471895983025423,37.29651053510169,119.84590172991517,84.58563489018618
P002,2026-01-01T11:55:30Z,2774,77.9897562786623,,14.527472539738369,37.35649043905088,121.97338089339833,87.46062646102637
P003,2026-01-01T11:55:30Z,2775,96.6520448415939,92.37009293199637,20.605552253601072,37.781305026493015,152.56060803804198,88.85221554329122
P004,2026-01-01T11:55:30Z,2776,72.26120441436592,97.67935604187166,14.119943029694005,36.841855982390754,111.81549630807051,86.65859714568873
P005,2026-01-01T11:55:30Z,2777,74.58930144212476,98.24936958987172,15.229167623708133,37.20794458731144,,68.98000052285394
P006,2026-01-01T11:55:30Z,2778,124.33059280860043,84.79146722510299,28.99475663600066,37.99739758172546,156.9245198815966,84.97086970046162
P007,2026-01-01T11:55:30Z,2779,98.52703636036063,94.18701661142727,23.226926003257542,37.61026353995458,126.03722762424063,79.10463869811615
P008,2026-01-01T11:55:30Z,2780,93.19175407180698,96.35111907974263,19.650853875673956,,117.64652529905496,73.75998002140128
P009,2026-01-01T11:55:30Z,2781,67.25117932656357,96.9342250988021,17.360641042067687,37.03599030992637,136.30207478189374,79.76840031574974
P010,2026-01-01T11:55:30Z,2782,76.28835284167873,97.25910868779353,13.35672563728791,37.676094825556305,127.86292675731544,78.31128437577019
P011,2026-01-01T11:55:30Z,2783,61.98110934745699,95.91150213891483,19.17287841349261,36.82435040789071,140.01422161462466,85.86075265601453
P012,2026-01-01T11:55:30Z,2784,136.45797949389055,90.76604084120888,,38.65057296380628,155.58614895800648,92.51062869313822
P001,2026-01-01T11:56:00Z,2785,88.35983812677648,96.78161204390663,17.506576155616436,37.56226658403938,129.99987916924033,78.54646993503906
P002,2026-01-01T11:56:00Z,2786,74.12424795034033,96.41830995838164,18.861411923688177,37.120704121112375,,69.8447697297679
P003,2026-01-01T11:56:00Z,2787,100.1070251092825,94.21624553287221,19.937963044349303,37.13830071221997,141.18763770782465,87.71449683599207
P004,2026-01-01T11:56:00Z,2788,69.48552831322922,97.06632127680186,16.630554402331143,36.57933727670986,130.18105286365304,
P005,2026-01-01T11:56:00Z,2789,70.64067905925917,98.48254283700821,16.597580471139555,37.11065249180602,115.93173682887091,88.07945073745219
P006,2026-01-01T11:56:00Z,2790,112.72327480167318,88.94563781752976,29.071493412161566,37.89257997572926,134.5592421864964,93.0374640710589
P007,2026-01-01T11:56:00Z,2791,90.3141314586968,96.05096079125934,24.07008525790893,37.806922929676254,117.67381766493327,74.99081334058741
P008,2026-01-01T11:56:00Z,2792,92.87485365514209,93.47569839243593,20.144600696715983,37.9500729503114,151.05886709643005,85.1597831128022
P009,2026-01-01T11:56:00Z,2793,76.44203389244264,96.76027226528308,16.3703762186906,37.01121129059081,111.85846385906086,78.54477061315804
P010,2026-01-01T11:56:00Z,2794,70.09815930980409,97.37013896958253,15.251602064974627,36.68814469378155,134.34194862237933,77.21529912824502
P011,2026-01-01T11:56:00Z,2795,74.63361382776098,97.31785891893593,16.33424932919615,36.668382995596836,135.16170781942472,78.13333054103255
P012,2026-01-01T11:56:00Z,2796,137.04602461544388,88.84541685347257,25.71597442144717,37.491110204604986,158.03729347690236,101.2942280318482
P001,2026-01-01T11:56:30Z,2797,86.81345873178458,96.29642572784921,22.723691379939595,37.207260073435364,142.25226193016226,74.09876438186879
P002,2026-01-01T11:56:30Z,2798,74.40369068454443,98.04276418000262,12.622088857323098,36.699757598739986,121.12744133384288,81.28637404358379
P003,2026-01-01T11:56:30Z,2799,85.44868431814945,94.44803125754291,24.109819853090293,37.5293511732047,151.03412843260563,81.20705829814939
P004,2026-01-01T11:56:30Z,2800,81.41363260674916,,15.541116056770893,36.45008293080237,121.56413187019025,76.84827732554747
P005,2026-01-01T11:56:30Z,2801,72.19826208116486,98.17380645442529,13.405514839555014,36.55085934139274,125.7251559028532,83.0958365531456
P006,2026-01-01T11:56:30Z,2802,126.87316429844277,88.77347171221089,26.62341562765435,37.79282553615183,154.21274048802437,119.61234804312278
P007,2026-01-01T11:56:30Z,2803,88.25341127579672,95.81339220048032,22.890887568541945,37.326703248128254,135.1523191953029,88.02968358213533
P008,2026-01-01T11:56:30Z,2804,100.3702182027047,94.92911373627854,26.120753125417536,37.28307251664875,138.0709792164365,85.99290175963183
P009,2026-01-01T11:56:30Z,2805,82.73657088333076,,13.659994376820908,37.12714604660424,110.35735532212263,71.24986294418093
P010,2026-01-01T11:56:30Z,2806,85.77527509712323,97.40999007508347,17.35940950043534,36.80667477740473,121.04061416578347,73.77740559990612
P011,2026-01-01T11:56:30Z,2807,75.13153593818504,96.79644480756087,17.50686824512063,37.038476239603966,123.14644400062618,84.08153259325944
P012,2026-01-01T11:56:30Z,2808,102.22048162124082,89.3948979327023,27.44821641726328,37.865643145019135,160.86437356698474,105.36622094287502
P001,2026-01-01T11:57:00Z,2809,97.29759757476134,94.4308717465345,20.088276756790773,37.6452411947365,137.07403547776764,84.62363250766728
P002,2026-01-01T11:57:00Z,2810,71.90843372469286,96.82699953400406,18.148213888038995,36.89994237858964,117.11127471216702,80.18317006847295
P003,2026-01-01T11:57:00Z,2811,86.81795123333089,94.22093129001534,17.08402340060004,36.9661640090276,137.0514631426739,
P004,2026-01-01T11:57:00Z,2812,74.96656242713166,97.5356850635667,12.880010031997598,37.17598028858761,131.45549693859314,78.843190180928
P005,2026-01-01T11:57:00Z,2813,75.76789318674899,98.16221345066113,20.37640967444345,36.86704888583191,126.23321870444435,73.18543536876327
P006,2026-01-01T11:57:00Z,2814,104.53309800788082,93.60278645309313,23.750563565201453,38.44283457481864,146.84770421781894,100.6819328533002
P007,2026-01-01T11:57:00Z,2815,89.21032496467214,96.4571440842676,20.788538479241033,37.21931822851451,125.48234522551523,88.21020703765001
P008,2026-01-01T11:57:00Z,2816,,93.71768928537226,20.21612284489082,37.1307321107443,124.68448479314512,88.29966974113825
P009,2026-01-01T11:57:00Z,2817,69.98917065392814,97.71948800979091,16.3235004224055,36.66253167250647,140.4775272318824,79.39664995053954
P010,2026-01-01T11:57:00Z,2818,71.17495713876059,98.32600197163711,14.468446856298463,36.620331287596535,111.3285178452911,70.30810165950373
P011,2026-01-01T11:57:00Z,2819,72.23865893044055,96.21384657678176,16.747233320103796,,123.28663779982134,84.09192805011507
P012,2026-01-01T11:57:00Z,2820,162.6298177680484,85.00014693663375,25.112347269349346,38.31521635859887,194.5122172645881,
P001,2026-01-01T11:57:30Z,2821,97.52226432045182,96.5506058773097,17.740395929408155,37.43401468121562,135.46133662671912,83.88149666062682
P002,2026-01-01T11:57:30Z,2822,71.6881348129024,96.01082852746737,20.318982079341023,36.99548804158137,120.26983751810745,90.76575579960486
P003,2026-01-01T11:57:30Z,2823,106.80806711897819,94.37463951326393,15.41437967248661,37.50002001822913,141.97247221757905,90.181887865548
P004,2026-01-01T11:57:30Z,2824,78.85918309362854,95.98621696719376,14.146279469143032,37.06868972642837,116.18161590225819,80.21991740164314
P005,2026-01-01T11:57:30Z,2825,74.50821875740805,96.5779721115225,17.08895554049679,36.99995067343759,126.8788413470242,74.70274178658929
P006,2026-01-01T11:57:30Z,2826,116.02002680770092,84.1027852853303,20.541951164827644,38.566755191238514,165.24918505877494,
P007,2026-01-01T11:57:30Z,2827,87.55193580706819,91.69242841387563,14.472569882665502,37.53060570556216,124.2682630960685,69.83751737039583
P008,2026-01-01T11:57:30Z,2828,99.35598491703111,95.75035812213267,25.487831282316726,37.33433306625656,124.2011743450944,93.38490264043196
P009,2026-01-01T11:57:30Z,2829,73.91267393725744,99.30919854911643,17.09725942044569,36.25439810464268,121.98600116943241,80.20902592535903
P010,2026-01-01T11:57:30Z,2830,72.79659213848609,98.06053507265176,16.978348228631347,36.90942634808891,121.73086534855128,78.54331903847849
P011,2026-01-01T11:57:30Z,2831,68.7488555375206,97.98945684380388,16.962788774906777,37.12804395024985,131.30501909586084,87.51604180226192
P012,2026-01-01T11:57:30Z,2832,105.89124885869104,88.47565230695564,21.290009946757134,38.631519531254064,181.55944578768134,112.91783939081077
P001,2026-01-01T11:58:00Z,2833,99.40804793032292,92.65673853058952,18.26562366259609,37.439735596370774,123.31066062682295,75.24779406306929
P002,2026-01-01T11:58:00Z,2834,72.76389416521184,,14.822024088252498,36.51377359910163,132.66392958314128,76.1687674033052
P003,2026-01-01T11:58:00Z,2835,80.64587072934881,93.62977048915172,23.468738272693102,38.06306466858222,144.62045950503997,81.12409338359097
P004,2026-01-01T11:58:00Z,2836,86.83867046254726,98.12419139985914,16.0191028521072,36.63024176736725,128.00849552269239,87.99265709127619
P005,2026-01-01T11:58:00Z,2837,75.37940334431082,96.58147982396817,21.17885321320776,36.632720585287736,113.14978364965287,78.98458459085057
P006,2026-01-01T11:58:00Z,2838,127.41432814460195,89.4423472956151,25.69977731573294,38.708199716246234,149.23234194356962,95.31702497933476
P007,2026-01-01T11:58:00Z,2839,85.99494927113122,93.85841512040315,,37.487771030814535,121.65758662282641,80.81447916069328
P008,2026-01-01T11:58:00Z,2840,93.84625157041685,96.34730130150237,20.498877158290842,37.33666955908089,133.39363706830605,87.98901432553768
P009,2026-01-01T11:58:00Z,2841,74.22271645692354,97.2404330830553,14.445153415400574,36.87247597668722,126.20490604978083,70.88102076039343
P010,2026-01-01T11:58:00Z,2842,73.21631187171687,97.1761944330772,18.334354603088965,37.48438261736789,118.20177451775055,81.23615842336315
P011,2026-01-01T11:58:00Z,2843,70.84140674294427,97.6116673113798,12.543090229792979,36.928069957979446,134.07961041424838,76.68845942730097
P012,2026-01-01T11:58:00Z,2844,94.82910975033506,88.7728645958537,24.587566420876314,38.28411654487112,187.62982311382638,85.78552179558477
P001,2026-01-01T11:58:30Z,2845,86.46578881500437,93.52746197559885,21.061394540391387,37.55097649238068,142.12829056959228,79.84285258570192
P002,2026-01-01T11:58:30Z,2846,70.37212461149905,96.93167551115422,16.901597844197465,36.63325358524172,121.32139552465262,76.85138032463941
P003,2026-01-01T11:58:30Z,2847,94.39545418510156,94.18390168074365,17.90067641840649,37.35193516700088,117.38717217038246,82.18771151182146
P004,2026-01-01T11:58:30Z,2848,85.96880702001513,97.34058512510764,18.046805534051884,36.97839174829254,118.15382293938858,76.33128012901201
P005,2026-01-01T11:58:30Z,2849,78.9027493503374,97.6273815983959,,37.12694100652151,120.6008291064112,71.93092982478571
P006,2026-01-01T11:58:30Z,2850,112.63595131030155,86.93950457216211,26.11175086944302,39.36744595212245,162.22297105050737,105.23505080599142
P007,2026-01-01T11:58:30Z,2851,92.52873429200707,94.18406315096719,20.487046091824165,37.62237245036833,153.212507402592,76.64656753134068
P008,2026-01-01T11:58:30Z,2852,98.97848039964737,92.23994166416735,21.633221684603022,37.34250872883899,134.67015687330817,79.20807787845483
P009,2026-01-01T11:58:30Z,2853,79.66746808365056,,14.91855830146136,36.61389670508479,130.6008737146463,73.11966876431117
P010,2026-01-01T11:58:30Z,2854,76.77573812605708,98.6593325833152,12.651465475052118,36.566338253667745,117.81994714742714,86.51594021544298
P011,2026-01-01T11:58:30Z,2855,81.85392278891358,97.44120796706132,15.14995932247248,36.87138009887822,128.14952000991536,92.08382067125235
P012,2026-01-01T11:58:30Z,2856,121.95617720986085,87.07272415518297,28.57539940473971,39.163387518862876,165.00299770448612,83.33327324445736
P001,2026-01-01T11:59:00Z,2857,94.01200781165859,94.35457806855689,26.19546645571696,37.48994758257851,141.7769179407052,84.82508759409468
P002,2026-01-01T11:59:00Z,2858,,97.13649804424995,17.827849257799876,37.045526907237964,115.58333481860238,79.42665807796116
P003,2026-01-01T11:59:00Z,2859,103.2612597346959,92.64552525445391,20.782377823843955,37.41435993234946,132.51662957295068,73.1628607251815
P004,2026-01-01T11:59:00Z,2860,75.66141992468982,95.84803980258053,16.792808825033926,,109.848486032926,80.48189355491382
P005,2026-01-01T11:59:00Z,2861,75.88350148940512,96.46573863706843,14.50842133385373,36.6505888146433,129.07337119787962,69.51898829180335
P006,2026-01-01T11:59:00Z,2862,129.1037961619233,,24.017288075771628,39.27624956511219,170.04366436472407,105.56045815996846
P007,2026-01-01T11:59:00Z,2863,85.73080314714713,94.16915538954517,17.563834103990985,37.444807201156905,133.97056219695605,83.1159518615031
P008,2026-01-01T11:59:00Z,2864,89.2562202806333,92.29140395201634,23.042438502804167,37.6439673198232,150.09327648960405,86.11750665733473
P009,2026-01-01T11:59:00Z,2865,80.99537673744982,97.89869391897884,9.526530009073578,36.87939682327542,116.82403124110313,75.73268859716113
P010,2026-01-01T11:59:00Z,2866,72.11609201328419,97.0823641982317,20.277737769411985,36.71396772669412,,79.39307570295419
P011,2026-01-01T11:59:00Z,2867,78.60388259460197,95.25895477556047,15.859417200023994,37.008052892153046,124.95599816469645,77.02334106171163
P012,2026-01-01T11:59:00Z,2868,97.16929808490391,88.2180678131222,,37.849083072908165,176.0884317319228,106.2599062704005
P001,2026-01-01T11:59:30Z,2869,100.78261906516059,93.77672601100562,21.557272067698797,37.57917880838452,136.10370426740855,84.71232462773892
P002,2026-01-01T11:59:30Z,2870,77.04640998296831,96.87261494492343,15.762520152457986,36.543693802091894,134.42059415478934,89.61292522581108
P003,2026-01-01T11:59:30Z,2871,93.35481096380018,93.58911116922269,21.097515175329963,37.36832228891556,169.49153489902392,80.26004727474475
P004,2026-01-01T11:59:30Z,2872,62.953212118601165,97.1329541072677,16.065613421863812,37.12251696108374,138.15938626679142,82.26785786399802
P005,2026-01-01T11:59:30Z,2873,78.35635442197731,95.81334388187787,18.186694000533684,,128.32317510688804,79.88124794538858
P006,2026-01-01T11:59:30Z,2874,121.0154455686905,87.11186877937759,27.32782378626771,38.31564534113241,159.70798698212184,105.19326238657949
P007,2026-01-01T11:59:30Z,2875,85.53699896597644,94.15803043820793,19.671622651739423,37.94323297800669,117.69375678186734,77.22753486959046
P008,2026-01-01T11:59:30Z,2876,87.76284628812489,94.8217775886809,19.85524106613161,37.00302069466429,143.36927171333645,92.81780973497456
P009,2026-01-01T11:59:30Z,2877,74.15234802249508,97.6916093470018,15.604693651738023,37.196328551021935,129.85039938231714,76.06524045079193
P010,2026-01-01T11:59:30Z,2878,67.07475198597386,97.31596616149933,15.327378314922111,37.17710368274967,129.53026698816265,84.61993562126717
P011,2026-01-01T11:59:30Z,2879,76.96609297840055,98.5667361663451,16.509226257763768,36.67540459803596,128.57141907342813,75.42914514848312
P012,2026-01-01T11:59:30Z,2880,133.80271099587205,87.20090704412294,33.30724082893515,38.17225702551175,159.48602016335388,115.57430197380428
P001,2026-01-01T12:00:00Z,2881,98.3778601581657,93.26796828352411,17.773526531313507,36.93269635809929,155.8352481316387,80.4266170829393
P002,2026-01-01T12:00:00Z,2882,75.87059910706951,97.79277172539966,14.648809592784936,37.363300143117144,115.98091038326052,71.94851433001818
P003,2026-01-01T12:00:00Z,2883,86.2931546039198,92.79064670876491,23.766341281890355,38.06097145270023,150.9590132946323,73.70064909199763
P004,2026-01-01T12:00:00Z,2884,79.41698233399435,95.18589869633297,15.347450259592385,37.18464102419869,116.23674111624975,85.4100022023955
P005,2026-01-01T12:00:00Z,2885,76.54842307421751,96.97495678659895,14.247363238904697,36.95896387628399,121.07608856590254,69.38223061609489
P006,2026-01-01T12:00:00Z,2886,103.0905863877955,89.48553708939414,31.83367771072246,38.65293246249253,144.78000188096158,93.781022921123
P007,2026-01-01T12:00:00Z,2887,84.67308508587652,95.17959564942996,19.590309080272114,37.037939507266366,154.2054171843312,99.11891045618611
P008,2026-01-01T12:00:00Z,2888,105.14338443554666,93.57272004977952,21.318466377784777,37.46904174543592,148.26468205366757,100.80056530843333
P009,2026-01-01T12:00:00Z,2889,79.59756964025912,94.87691131971552,17.902707006032916,37.06531138630559,117.07855726231314,61.979816060933516
P010,2026-01-01T12:00:00Z,2890,71.1887406050199,97.92837027827925,15.842594525454214,36.38260022117229,123.59029519989963,80.48514878296419
P011,2026-01-01T12:00:00Z,2891,67.68380694528881,97.22535024622498,17.50813619837702,37.3376086381315,139.00010915144398,85.64834278808092
P012,2026-01-01T12:00:00Z,2892,125.7539390832715,93.03060869258411,23.211254979594752,38.4092212254564,170.81361894275892,108.6812207352118
P001,2026-01-01T12:00:30Z,2893,95.64600210983336,91.97954643236666,20.328742606416416,37.65577908200856,127.53974907072882,90.4531549577312
P002,2026-01-01T12:00:30Z,2894,73.41935851553056,97.26522801077633,18.837205658905866,37.10761318425244,135.250861740978,69.5702694311612
P003,2026-01-01T12:00:30Z,2895,88.87224737030132,94.85648137528885,22.000918459022564,36.82752891211071,136.8900497197454,80.15452364866755
P004,2026-01-01T12:00:30Z,2896,67.94199009799345,98.4398147187209,15.898732921759485,36.984995831703465,142.0835548495208,69.58212565699773
P005,2026-01-01T12:00:30Z,2897,76.06197469829542,96.07353137234472,13.619274006185176,36.96234245950072,106.96303551639838,79.36490561023166
P006,2026-01-01T12:00:30Z,2898,114.07780570798626,86.2134268993927,29.183008459197364,37.6112630345208,,92.40976959431805
P007,2026-01-01T12:00:30Z,2899,103.17569131637583,92.00867380648639,22.949728429052527,37.324632042290645,142.59539350126056,87.57943174088851
P008,2026-01-01T12:00:30Z,2900,107.80925151393062,95.02979348734085,19.97782193017861,37.837559314256204,136.55585677464703,80.99480604586317
P009,2026-01-01T12:00:30Z,2901,87.85900635491579,97.21188560829717,,37.19288862524577,135.72771117991846,89.83262447283062
P010,2026-01-01T12:00:30Z,2902,69.40247318739247,,17.8680308734506,36.751891381110106,119.04343237257117,
P011,2026-01-01T12:00:30Z,2903,83.06881983085823,96.13904584893581,18.534032898842828,36.76831384640745,128.40204610250856,76.69160062447712
P012,2026-01-01T12:00:30Z,2904,116.25295346433954,88.04217026755113,22.058668359190126,38.82951913338355,174.2115979818473,109.31151743288024
P001,2026-01-01T12:01:00Z,2905,93.52105213582816,93.12533516604219,19.71487303827375,37.708983293751075,115.66567949087266,67.67021382259409
P002,2026-01-01T12:01:00Z,2906,74.34161410169672,96.58367990303063,15.949281985937262,37.06140977329914,124.94024847419087,78.27751104455514
P003,2026-01-01T12:01:00Z,2907,93.80116348590954,92.73418460336224,20.000070677781338,37.86813913750308,128.680747802856,86.92418579942333
P004,2026-01-01T12:01:00Z,2908,73.068066585333,96.20349366541721,15.906181143799397,36.51920618517314,122.75077205817377,84.79722070243128
P005,2026-01-01T12:01:00Z,2909,73.08118251599477,97.2740382797411,12.333414898919779,37.05759917032959,131.74764269471714,75.6653297065261
P006,2026-01-01T12:01:00Z,2910,122.96945449168743,90.76064279878008,23.047666134749228,38.54909888877383,142.7788800730271,95.68595259334293
P007,2026-01-01T12:01:00Z,2911,98.53671488617216,95.19776038523896,26.092407364588524,37.231434891663376,138.61487746401346,77.1150427654728
P008,2026-01-01T12:01:00Z,2912,87.680657590523,93.48154350808387,22.72099841746084,37.674970378282204,146.30122557313229,81.68946932940455
P009,2026-01-01T12:01:00Z,2913,77.29277346413991,96.38323207959972,12.709473145946797,36.774187396124105,124.5180203298272,80.49041660729152
P010,2026-01-01T12:01:00Z,2914,82.22707153489738,97.91271008614298,15.630269510643386,36.80188303235165,118.98645714566761,65.87240118841844
P011,2026-01-01T12:01:00Z,2915,81.47273870141676,96.66713000912301,13.429181507338907,36.9442578015382,104.74533521420754,75.19228239243347
P012,2026-01-01T12:01:00Z,2916,111.51172933354715,93.8386547539637,28.05293116989634,38.3048389479951,177.25513276306086,113.1616748792537
P001,2026-01-01T12:01:30Z,2917,82.31483945903854,93.66060370639914,20.54265640662416,37.62120097166685,143.91710502952947,86.88580438095138
P002,2026-01-01T12:01:30Z,2918,76.92006883108644,97.49822595126868,17.785825609089677,36.98019548846608,,84.44699417147582
P003,2026-01-01T12:01:30Z,2919,92.85721573213992,94.16287117820356,18.705902865197714,37.684754736414746,141.9533786144977,78.73749746968221
P004,2026-01-01T12:01:30Z,2920,78.8221002202788,97.01036359495845,17.936149050232242,36.65711004966998,115.78275455069961,80.1817905405768
P005,2026-01-01T12:01:30Z,2921,72.4206778582747,96.55672702472171,,36.9305245195848,127.2254763292017,81.47132533956196
P006,2026-01-01T12:01:30Z,2922,108.22522302918273,84.38180351200987,29.38457261459293,38.67001793153699,173.28653363968803,97.18990838728968
P007,2026-01-01T12:01:30Z,2923,92.97307339532877,92.4553062731546,19.015310325664114,38.19177041386679,125.93413137623419,67.67685176902297
P008,2026-01-01T12:01:30Z,2924,84.4646083551518,93.95938082178695,21.790760957073697,37.25576771580016,139.84917228643968,84.18453385942789
P009,2026-01-01T12:01:30Z,2925,74.60654653065524,95.77135580289928,15.906819053583405,37.22463511756542,108.81727582754655,72.09246069981589
P010,2026-01-01T12:01:30Z,2926,74.19252459904573,97.15706755792466,15.070525512633354,37.722893265922174,128.74707683981407,75.26313517650861
P011,2026-01-01T12:01:30Z,2927,65.95802832318113,97.53366582530633,15.615835471810978,,113.99088008401586,71.41233872720626
P012,2026-01-01T12:01:30Z,2928,122.91697307888651,90.25983797866954,26.04485722448199,37.77854282250124,170.05299319574837,119.47430299315741
P001,2026-01-01T12:02:00Z,2929,95.26280728790157,95.79822238585663,23.999334244455934,37.44116406006975,149.28832169903131,81.9105344986599
P002,2026-01-01T12:02:00Z,2930,73.39589908331942,96.9312474782047,15.53196698624894,36.79903426219512,146.54991103577052,87.97623431827633
P003,2026-01-01T12:02:00Z,2931,94.69008137592472,95.27837491718844,20.032897071428025,37.530458656569,126.47618922762827,78.05219437965319
P004,2026-01-01T12:02:00Z,2932,75.99573475394875,97.86382344883829,14.697159162201345,36.79911155567185,108.01850125002181,73.6984791296648
P005,2026-01-01T12:02:00Z,2933,84.44826046557087,96.43948863501987,16.980128033495415,36.73153046958259,117.98801228399256,72.73457257987273
P006,2026-01-01T12:02:00Z,2934,118.06256016368222,88.34986280046977,27.888956852818787,38.09521116222303,152.41536908218242,110.87625521356604
P007,2026-01-01T12:02:00Z,2935,101.07748702558709,94.77729467805655,21.54318644180707,36.93615744749506,130.46829075844684,84.5852906033256
P008,2026-01-01T12:02:00Z,2936,92.88255073814608,95.85354540247931,22.52948423836672,37.03209030271293,120.86540868271695,82.23228449364423
P009,2026-01-01T12:02:00Z,2937,78.55377219354153,96.21829212117952,12.224210342380006,,108.54347896750888,72.89124328556332
P010,2026-01-01T12:02:00Z,2938,78.75024129799637,97.22570536159877,14.900626172480472,37.2498275293619,111.28276450992605,73.89071247484615
P011,2026-01-01T12:02:00Z,2939,75.30775821078991,96.89416390463937,16.910555311427302,36.84290816873543,122.42504511515162,81.05809972917817
P012,2026-01-01T12:02:00Z,2940,104.7199253825783,89.46623500992503,25.29955761311279,39.14117302188802,177.3723718298581,101.98155168501654
P001,2026-01-01T12:02:30Z,2941,94.00088217692061,94.07580541551224,23.300563676694075,37.277737520850515,171.11935371445423,74.45039267151492
P002,2026-01-01T12:02:30Z,2942,87.23884159766727,96.62840321622208,15.70395839121625,36.70099989976898,114.79761658663962,69.59348052601538
P003,2026-01-01T12:02:30Z,2943,94.04839122270238,93.2238674208048,22.192248620003532,37.28067794521855,138.08449338411145,83.14686715282514
P004,2026-01-01T12:02:30Z,2944,82.82119861986241,97.51388761223352,14.58338296875938,36.7348376148628,105.7706926023346,75.79030557884815
P005,2026-01-01T12:02:30Z,2945,62.63827756506022,97.47398021872631,20.16210152628725,36.81256064199029,99.30362323217948,73.12404688815413
P006,2026-01-01T12:02:30Z,2946,132.71477663954533,87.2561647311408,27.257426901358635,39.697205911247515,173.19393730259446,107.24516466525309
P007,2026-01-01T12:02:30Z,2947,97.93243151292403,92.21346381336637,23.96018494811319,37.42195536805948,122.78273772374047,86.67637643332748
P008,2026-01-01T12:02:30Z,2948,96.13871618012246,94.450294471848,20.193598660558024,37.53045378419792,129.21590888059902,78.85188637331615
P009,2026-01-01T12:02:30Z,2949,76.6462261179553,97.30653135125289,16.296639141835534,37.00026661417954,112.65474509470334,87.04650904767402
P010,2026-01-01T12:02:30Z,2950,69.30643462257584,96.42191821640705,15.333691017986727,36.74357969206672,112.63405333235681,77.70202611376034
P011,2026-01-01T12:02:30Z,2951,77.44024832565354,97.19760922305144,14.016934853918595,,114.39935234561592,72.74700516479881
P012,2026-01-01T12:02:30Z,2952,117.32104217166679,87.86154634878258,28.9430843111862,38.37597463763046,154.45794657894228,96.08615480651275
P001,2026-01-01T12:03:00Z,2953,100.15631651074646,94.4961753275032,20.31551589447479,37.08595926853754,141.13091807167137,97.20766382598619
P002,2026-01-01T12:03:00Z,2954,71.66958882316608,97.31903469840566,18.165248838913563,36.85395010300989,122.26833818227948,74.47638825231327
P003,2026-01-01T12:03:00Z,2955,94.88404647524084,93.18684655182193,21.80460427126413,37.08438629305249,146.1191553012825,81.4738308379071
P004,2026-01-01T12:03:00Z,2956,76.95778910603114,97.03152841286854,14.86271286454817,36.369594032259926,121.82707718269691,72.89393122313453
P005,2026-01-01T12:03:00Z,2957,77.66580381790607,97.48998653732836,15.81244148930348,37.13681702636937,127.80295582160072,64.93907915200484
P006,2026-01-01T12:03:00Z,2958,112.47422382026832,91.3444817713483,33.452677181548,37.63746123081756,159.62407962175715,81.46342720250044
P007,2026-01-01T12:03:00Z,2959,82.88056900636202,91.39202927780879,24.301318815956176,37.87837663509778,134.14223119852048,75.22328172842325
P008,2026-01-01T12:03:00Z,2960,91.37077840670909,90.95854825203273,,37.06759947261843,151.22216137942422,77.31699451987892
P009,2026-01-01T12:03:00Z,2961,71.12784245961515,97.6580818920262,12.196522946934499,37.403449314385,123.18639555031766,75.97563053886705
P010,2026-01-01T12:03:00Z,2962,77.12481380323042,98.53482586177249,14.391583224631132,36.86133487488018,107.13725993890331,81.30019321386203
P011,2026-01-01T12:03:00Z,2963,76.22929954999984,97.46686515255527,13.721158501774585,37.16553203934345,120.88881091613813,80.67488070675947
P012,2026-01-01T12:03:00Z,2964,,91.69678905326981,30.439682655039135,37.685080371482265,167.15194655356743,94.64480615747911
P001,2026-01-01T12:03:30Z,2965,92.49108065842731,92.36570572282383,23.44906761566012,37.84198056165209,144.34847480115505,78.96874351859255
P002,2026-01-01T12:03:30Z,2966,80.7561408223024,96.60395974367067,14.555350538476285,37.11473717686521,135.4729144732225,74.93018829273764
P003,2026-01-01T12:03:30Z,2967,95.91437959616225,95.47684008967065,16.80284412085009,36.98658052284348,142.45043669469786,78.07079119694414
P004,2026-01-01T12:03:30Z,2968,80.10961456132247,96.11099604246627,15.62376801365139,37.248711584762695,141.19476506412389,69.86016786969779
P005,2026-01-01T12:03:30Z,2969,80.22696455148689,99.47058801263745,13.357841375036662,36.37562705507639,140.49258217707555,77.68864811986744
P006,2026-01-01T12:03:30Z,2970,128.2841567009678,90.5687324585545,27.66792587346987,39.40217316035079,173.06754300207814,97.2019137717088
P007,2026-01-01T12:03:30Z,2971,85.23857040576686,92.80250257674989,21.08635445400253,37.78482120165539,130.00219943996765,69.64316018962725
P008,2026-01-01T12:03:30Z,2972,103.50095652235302,95.731351179946,22.68380026486728,37.826374251229396,123.81100546600302,82.37271273996855
P009,2026-01-01T12:03:30Z,2973,77.09133590560567,97.39076489823464,15.83287721370343,36.742727128988506,114.49770099767585,84.06194743450651
P010,2026-01-01T12:03:30Z,2974,78.72785507278206,97.9412486424569,16.334566078992534,,119.96944708503219,81.53951579542966
P011,2026-01-01T12:03:30Z,2975,78.25869155150222,97.55603479171948,15.928680537923984,36.83247937503277,108.96197239099831,70.4327873767017
P012,2026-01-01T12:03:30Z,2976,115.48028539305912,89.0365949719345,25.66999303723895,39.13219677530759,164.8421646595061,
P001,2026-01-01T12:04:00Z,2977,96.07158418154653,94.64251238471277,,37.785820375730246,149.73637517045563,92.77363457072711
P002,2026-01-01T12:04:00Z,2978,78.00715799672768,95.73169688516312,14.04090299708527,36.744160758940936,128.93144202213801,94.66664967204272
P003,2026-01-01T12:04:00Z,2979,95.99720091572304,93.94991418407983,16.954451233897316,37.842135492715116,129.12213060399122,85.27584561225594
P004,2026-01-01T12:04:00Z,2980,80.21475988499208,97.18357782646308,14.232113949110925,36.70577658753741,116.01704623200402,65.17761345547171
P005,2026-01-01T12:04:00Z,2981,76.14741635911682,95.5036418808524,14.882404621335953,36.97858456256754,116.42638439587923,75.94108947312819
P006,2026-01-01T12:04:00Z,2982,116.76300660998206,88.79693988932813,27.909251884619483,38.43884765798372,154.9210801085489,106.13790925551912
P007,2026-01-01T12:04:00Z,2983,85.2775164903318,92.89568883185976,22.88659699931183,38.0175692941314,145.57403049619222,83.03145461921142
P008,2026-01-01T12:04:00Z,2984,82.14977680469634,94.14524533848206,23.095258914494,36.48240176531406,148.25105116642914,74.63242007183844
P009,2026-01-01T12:04:00Z,2985,90.37206660463372,96.27966368825649,13.92926474214708,36.80933508416193,118.85173097984602,79.7008930473968
P010,2026-01-01T12:04:00Z,2986,79.63505249189238,97.19349350962925,15.576667218222251,36.280871880801236,122.75054117164274,81.57299128723194
P011,2026-01-01T12:04:00Z,2987,67.30361775798983,96.77672226075053,13.357386241738572,37.20759571467634,133.15132933343952,89.53550142331314
P012,2026-01-01T12:04:00Z,2988,143.6799166099335,88.98109466784597,27.08402372089576,38.69903734817859,162.91271369382872,104.2177993907941
P001,2026-01-01T12:04:30Z,2989,95.88506163828734,94.32701156307864,24.012483879432693,36.95375549276427,142.630295841953,98.19538500095265
P002,2026-01-01T12:04:30Z,2990,69.16927130791103,98.0519477241022,18.936726505440028,37.03032800164658,129.2430677384982,79.76081307430059
P003,2026-01-01T12:04:30Z,2991,89.14704418966154,92.7967681392319,19.3226241279163,37.01558292229758,124.85522449150915,77.09976078119911
P004,2026-01-01T12:04:30Z,2992,84.75449592385554,97.31962295008815,13.059040266327493,37.0706090435233,122.76478138880022,76.5683452582473
P005,2026-01-01T12:04:30Z,2993,71.50104275764882,96.5825327834698,15.127920963534313,36.32977062041196,125.1198426907331,78.68936340983137
P006,2026-01-01T12:04:30Z,2994,122.83901757335263,88.20096779066746,29.85096748831129,38.73705517201732,184.99900699726751,
P007,2026-01-01T12:04:30Z,2995,105.80513850672408,93.72042122055318,20.048704437637834,37.50333995630549,121.58730637246556,99.61886663741458
P008,2026-01-01T12:04:30Z,2996,93.43839847143317,95.17566281254416,,37.35342407491191,149.83000895600168,94.03280846868122
P009,2026-01-01T12:04:30Z,2997,69.1579821726695,96.55709570818517,14.123554925563443,37.16530809153739,129.35274776412905,75.10991261192048
P010,2026-01-01T12:04:30Z,2998,84.25735051407646,96.19696782788547,19.092120428432736,37.76637374861907,121.0156044781257,85.46266931831796
P011,2026-01-01T12:04:30Z,2999,68.25498559431101,97.085385065858,14.712776358318266,36.62325127252304,112.93374537062917,79.15163530788769
P012,2026-01-01T12:04:30Z,3000,119.9382035024232,90.55517021788617,21.92916490987709,,146.7280470876533,102.78847480018453
P001,2026-01-01T12:05:00Z,3001,101.83613016702759,93.59934663281781,22.966260099508606,37.70232339888942,133.54169866179538,85.07041953619643
P002,2026-01-01T12:05:00Z,3002,84.03981593621688,97.48398156567188,17.317144539102582,37.290939445441474,120.42692841289117,78.50082378328233
P003,2026-01-01T12:05:00Z,3003,94.65817081940371,96.37465131020193,16.553894107864608,37.6005854643588,130.35877354221805,84.25118521464267
P004,2026-01-01T12:05:00Z,3004,75.24478358154404,97.04277725478418,15.871443365859061,36.909682675485996,114.52893745966088,68.71801999233016
P005,2026-01-01T12:05:00Z,3005,76.0897477603564,96.97828963606416,15.186622260382332,36.83010499832102,132.63485290741832,68.79376339277054
P006,2026-01-01T12:05:00Z,3006,104.70589855433889,87.84283548955776,29.66243841038056,38.472660738872825,160.3564586431154,105.57241508678447
P007,2026-01-01T12:05:00Z,3007,91.41089891634388,94.87536736276368,18.36417804307663,37.6528121105676,134.0335881531906,75.73269920261527
P008,2026-01-01T12:05:00Z,3008,83.71391336419332,93.87752753681421,24.528056032517767,37.36104873436879,142.12728808114696,72.48758097408856
P009,2026-01-01T12:05:00Z,3009,67.96253042876947,98.58662402613798,14.634616549559055,37.14021093437714,128.31983962983628,72.08953029881863
P010,2026-01-01T12:05:00Z,3010,75.31495568518325,98.10571814504053,17.143594194854874,36.713608243960785,131.36839008703598,81.99323863834253
P011,2026-01-01T12:05:00Z,3011,80.17227496209404,96.14306290402632,17.609875675431702,37.48073611794361,125.35960640692164,72.46206990373017
P012,2026-01-01T12:05:00Z,3012,128.87268359593546,86.93346308582724,17.948289119004603,38.4468337128632,169.39874454637857,111.52659541063176
P001,2026-01-01T12:05:30Z,3013,92.99406679052281,94.52622977079783,19.404359597289808,38.220529926140706,111.38399714189038,88.27120644156962
P002,2026-01-01T12:05:30Z,3014,77.32137497418168,97.9247427839451,15.083710818345198,36.9994721177715,133.03093917313794,76.11871520712742
P003,2026-01-01T12:05:30Z,3015,87.0646604974395,96.31859461967491,20.913812467609908,37.76017260584988,134.00882731749002,85.27093130859524
P004,2026-01-01T12:05:30Z,3016,71.26922903551602,95.55747894886007,15.414091354737375,37.65494160172209,119.10314199056428,84.31072844705444
P005,2026-01-01T12:05:30Z,3017,80.00038472744387,96.16613863343525,14.636876929276067,37.05311712157846,134.58592139471898,86.09559364916056
P006,2026-01-01T12:05:30Z,3018,121.12736376951422,87.40824332557779,22.95396745374727,38.83079523851867,168.31149971490095,101.05146264690558
P007,2026-01-01T12:05:30Z,3019,98.69217321245365,94.86816842314543,23.157498990179455,37.12815667011368,147.03820362386128,95.20610334920094
P008,2026-01-01T12:05:30Z,3020,91.90137272538223,94.55722993488223,23.455062493923382,37.9531621650955,130.51587364518028,86.79407958813549
P009,2026-01-01T12:05:30Z,3021,76.92621520068734,98.30205767383913,15.14464661441052,37.1550594819511,134.98590376456553,86.28962101068926
P010,2026-01-01T12:05:30Z,3022,76.70439190412566,95.9614777060644,15.269431368370178,37.314077746048504,127.48697585237136,82.6982891793431
P011,2026-01-01T12:05:30Z,3023,74.96807380346667,97.06101146279379,14.431129255803969,37.01214431646059,134.5492468400477,88.39403191156542
P012,2026-01-01T12:05:30Z,3024,115.29247014408415,91.70007443496925,27.344324481774787,38.6620918122738,170.7853345099454,108.08574392441619
P001,2026-01-01T12:06:00Z,3025,99.6794643980521,95.60585152475262,19.77060161062241,38.12042812656085,122.00187584904604,88.4318300694537
P002,2026-01-01T12:06:00Z,3026,79.66881736892505,97.90178452628433,15.677873175883857,36.828108434351606,118.64398915896506,67.73120838247969
P003,2026-01-01T12:06:00Z,3027,84.48165189834882,94.90933227883842,19.287113086854898,37.607861259618595,134.49320029859078,82.31996064817245
P004,2026-01-01T12:06:00Z,3028,67.29774694189649,94.5093797897176,,37.188880180756165,105.94395955488457,77.25358970676689
P005,2026-01-01T12:06:00Z,3029,67.4342105868945,96.69254233765463,12.618327264087641,36.85064047586574,114.88105964614071,
P006,2026-01-01T12:06:00Z,3030,106.4216041752524,89.48594031109637,25.267940106455356,38.859026122053024,151.93762866911467,97.80530943555407
P007,2026-01-01T12:06:00Z,3031,101.17277796531083,91.31048352680519,23.253747238756628,37.66625485519061,121.42552917602538,90.44826416841846
P008,2026-01-01T12:06:00Z,3032,88.73283114537946,93.31809551076105,20.11082909618446,37.77457348141674,138.38703129073153,91.33012014273021
P009,2026-01-01T12:06:00Z,3033,88.44235199512184,97.7475133021382,17.883453486155613,37.19297188876897,118.219518382148,81.80031085863014
P010,2026-01-01T12:06:00Z,3034,74.90613191821107,97.22462219090409,15.426041500779231,37.36479578454173,124.4321674363329,75.08122403009648
P011,2026-01-01T12:06:00Z,3035,65.90532860843877,97.7569486621153,12.835926682846154,37.1079959460798,117.72432283773949,78.52144327137394
P012,2026-01-01T12:06:00Z,3036,120.96623722924016,86.939053659568,28.333132583077333,38.08820446976434,181.10178821477174,88.64086386669972
P001,2026-01-01T12:06:30Z,3037,98.16824514937652,94.73330394622435,21.800327804131552,37.5433057245995,139.32169101593306,77.95015241951359
P002,2026-01-01T12:06:30Z,3038,72.39945780840233,96.90814511197027,16.07794225062003,37.084241642581524,121.74451784945228,90.47128202490022
P003,2026-01-01T12:06:30Z,3039,100.78533041152296,93.96875374422315,21.883995074646727,37.87615895578808,139.3413184262631,83.2802587518537
P004,2026-01-01T12:06:30Z,3040,82.08219746637712,97.13716278710183,18.75276916924871,36.82537296923769,125.33685471175976,76.89735560502265
P005,2026-01-01T12:06:30Z,3041,83.37452951376979,97.33257396222166,16.368539600837007,36.83125503584851,117.45433720505437,78.57917860424133
P006,2026-01-01T12:06:30Z,3042,105.22196185003271,89.73626103858625,23.638332661620744,38.78669514813585,168.85979170611964,99.0694100119554
P007,2026-01-01T12:06:30Z,3043,91.7915123192384,93.13513027176276,22.758725134908044,37.08731501259426,133.26643527030086,89.15671605486128
P008,2026-01-01T12:06:30Z,3044,87.45143695637076,93.5126080868483,21.922944296186568,37.55043282695612,127.21272386120286,96.37521227502846
P009,2026-01-01T12:06:30Z,3045,85.34477819273553,96.9496796670431,13.278114665600722,,120.06382470101931,73.78817935729323
P010,2026-01-01T12:06:30Z,3046,77.36901708064049,97.89716850321621,18.297321434193268,36.811859873363794,122.34423090500665,83.06282365910666
P011,2026-01-01T12:06:30Z,3047,71.5734218938207,96.78688444414753,14.671180072219864,37.26896455387208,103.22980915995274,88.72127988101667
P012,2026-01-01T12:06:30Z,3048,144.31773489551625,85.06327723807644,27.669708741275667,37.73794825341886,157.73800822412176,122.2468751952762
P001,2026-01-01T12:07:00Z,3049,90.67672965738883,90.7485271356031,21.086570231804885,37.618947507881,131.06357971453804,83.43522761462893
P002,2026-01-01T12:07:00Z,3050,84.06639250224336,98.37263276752975,20.829746329428172,36.812170239743146,136.2070760343582,72.47991177628238
P003,2026-01-01T12:07:00Z,3051,95.33054862008808,94.4398634840939,26.498051469759115,37.20278003667498,154.8171228335219,82.49087521142224
P004,2026-01-01T12:07:00Z,3052,67.53725681841108,,16.91327799130623,36.47930159884862,127.23646996544407,85.08311784612
P005,2026-01-01T12:07:00Z,3053,75.5639023096684,97.63523950594038,19.57452090564896,36.82324509383823,130.02130303200485,79.89778574234865
P006,2026-01-01T12:07:00Z,3054,132.7910000255191,90.32383778830368,27.1185779159886,,165.00310673359337,108.36634417950853
P007,2026-01-01T12:07:00Z,3055,88.96971947352364,92.87979429264537,29.27449676117091,38.21394799335037,139.45839545121908,90.30711387116791
P008,2026-01-01T12:07:00Z,3056,105.45426548417855,94.34419828371051,,37.50827711158481,160.39123531403638,81.10690201111952
P009,2026-01-01T12:07:00Z,3057,71.49848995233032,97.32469255582141,15.699598671101205,36.317826006641425,137.24383291939154,75.48173118146205
P010,2026-01-01T12:07:00Z,3058,79.05576347226915,97.80835200209512,15.7041409148547,36.565884512298474,116.37889736496867,75.72462645576215
P011,2026-01-01T12:07:00Z,3059,80.03371397600112,96.35491183976255,15.095526661417717,37.2113815352044,114.09014843672334,78.33102773387095
P012,2026-01-01T12:07:00Z,3060,125.80896445933081,86.55504114398391,32.143861528731804,38.41161695725639,181.2920425012844,107.46567895088764
P001,2026-01-01T12:07:30Z,3061,92.92200740656033,95.77420607623465,,37.423421062168565,,90.23701899874938
P002,2026-01-01T12:07:30Z,3062,65.01400484706066,96.39455835607835,17.48020233130176,37.686430904314044,125.3054776954865,73.84317181407054
P003,2026-01-01T12:07:30Z,3063,102.58747380281427,92.06418551826962,21.37369492148769,37.726356019236746,134.98564036423102,86.89157031658088
P004,2026-01-01T12:07:30Z,3064,71.4855404908008,95.9532668430669,17.097203766703245,37.02414417524889,134.46765563326755,80.10999591366286
P005,2026-01-01T12:07:30Z,3065,74.3242093424087,97.08095189482,14.136831608796047,36.69934303817692,128.2335475180004,69.38358046287888
P006,2026-01-01T12:07:30Z,3066,111.40870125358813,87.94807580954375,24.16477144465625,38.28307632343138,171.30085337036166,120.66504407766121
P007,2026-01-01T12:07:30Z,3067,104.84551592823911,95.81868406101557,22.254499231866813,37.962490715604766,136.3275392664934,92.21049229364075
P008,2026-01-01T12:07:30Z,3068,99.85953718677777,95.08465248446959,21.70847535118055,37.428198104835985,140.04277658142138,82.42567031087371
P009,2026-01-01T12:07:30Z,3069,68.43389051012048,,12.094610456951937,37.44912173302609,118.74546760679354,75.34085057428085
P010,2026-01-01T12:07:30Z,3070,70.8291203721912,97.674961589674,11.166976922506594,37.27965143171405,116.99225239582137,77.48605510828168
P011,2026-01-01T12:07:30Z,3071,79.24638238435308,97.70210475756558,15.243561805687191,36.51195136924459,121.66211017879067,80.19049132893976
P012,2026-01-01T12:07:30Z,3072,150.91771121535294,89.13990885878383,22.56617579019486,38.361208711239705,154.40310892795273,105.4235389691548
P001,2026-01-01T12:08:00Z,3073,88.40330872934189,92.50477141614712,20.856913195529426,37.23026271337617,146.62382396310335,80.30897503348189
P002,2026-01-01T12:08:00Z,3074,81.07599566041407,97.55830709377989,18.126560934361834,,132.5841017318229,70.25038119671505
P003,2026-01-01T12:08:00Z,3075,90.0796356995355,91.94883192984112,20.612996003467686,37.51955776253346,142.8514009466907,85.56810202890237
P004,2026-01-01T12:08:00Z,3076,74.40479343813233,97.28965942081712,19.843114149234168,36.8789836291595,110.01321448155063,82.18084774834742
P005,2026-01-01T12:08:00Z,3077,74.13844923617795,98.26925322204299,11.950723083173,36.93355836836491,117.13286008750143,86.9528774006187
P006,2026-01-01T12:08:00Z,3078,112.4507482881274,87.97050987852383,30.185393395148605,39.70170567269722,140.086258750453,106.01673810298314
P007,2026-01-01T12:08:00Z,3079,92.15575195968394,93.0369556445944,24.62365819467702,37.268900234126185,116.92196438698741,74.22623136264207
P008,2026-01-01T12:08:00Z,3080,76.82300692910705,92.57912882539944,19.74949269987141,38.14574560984017,131.73915366238128,78.98947480961036
P009,2026-01-01T12:08:00Z,3081,65.92670525095724,96.37413849603026,19.85986933106475,36.55794989661941,124.36497875440752,81.0018839992351
P010,2026-01-01T12:08:00Z,3082,71.95340059567106,97.05083158957851,15.643824021622791,36.84067053181132,122.68579570335845,69.54406731494416
P011,2026-01-01T12:08:00Z,3083,83.35729327333321,96.90534005786628,15.552567209835278,37.37797825373538,133.45910832590513,83.8364411510578
P012,2026-01-01T12:08:00Z,3084,113.03388898499357,88.13425080254612,25.249877226529936,37.9727614430083,188.75510330615535,103.40243874679095
P001,2026-01-01T12:08:30Z,3085,88.0400543912498,93.09679539504334,19.7019513893372,37.02860488733644,133.1787187985375,86.83285003532646
P002,2026-01-01T12:08:30Z,3086,75.00012163398202,96.76091344701784,,36.92598371176893,131.75944053910993,70.35348054607196
P003,2026-01-01T12:08:30Z,3087,88.64611269704908,92.87695703850696,21.97258053443069,38.05095323882573,121.97634226900324,86.74460652655966
P004,2026-01-01T12:08:30Z,3088,,98.44787117815268,16.200321018149413,36.777614186460134,120.69363133152976,82.73823981525288
P005,2026-01-01T12:08:30Z,3089,76.64890472778494,97.13853355271088,12.065865021444667,36.99984435207737,112.08775679023205,78.50851157431303
P006,2026-01-01T12:08:30Z,3090,144.33401711622673,87.37387204979622,25.09576921557768,38.66743646458031,160.02626716890194,96.7569326400654
P007,2026-01-01T12:08:30Z,3091,97.76799335184967,95.3278301927368,20.26980264695392,37.57969539606616,119.55912785232655,78.4017390725603
P008,2026-01-01T12:08:30Z,3092,89.70450235445051,92.9083159623044,18.31167240988074,37.05011639247398,135.52809887569092,89.55082553020208
P009,2026-01-01T12:08:30Z,3093,76.72078785007834,98.42608749507667,17.117486377867056,36.97680214132709,108.77100546802588,
P010,2026-01-01T12:08:30Z,3094,77.67964678496357,98.33529949746641,16.96709852793007,36.53164473906053,123.82286795361566,81.5062646065416
P011,2026-01-01T12:08:30Z,3095,65.12276990092249,98.85669924251714,12.572544621462605,36.84983643278421,129.94805276980247,67.41235732989009
P012,2026-01-01T12:08:30Z,3096,121.696749076703,87.88225473336993,21.30628227582565,39.753732008092115,139.575807141295,103.90894564029821
P001,2026-01-01T12:09:00Z,3097,83.9614402313888,94.20876146519258,23.152193201882653,37.39041756447842,135.43215362019444,97.80492699804127
P002,2026-01-01T12:09:00Z,3098,69.7366128697752,97.00340777601424,13.316008935495958,36.6603899290875,117.84566253436759,81.4411154762345
P003,2026-01-01T12:09:00Z,3099,97.73030101117553,93.37337428128193,18.71284266503933,,128.70355028335038,76.63079272423965
P004,2026-01-01T12:09:00Z,3100,73.67073688223701,98.20261506477748,14.698325930930162,36.80395705907916,126.76243202523625,79.35974897882124
P005,2026-01-01T12:09:00Z,3101,71.6945930095115,96.95865944309544,15.853151118491573,37.10850287756765,125.80870042320335,90.56653876347806
P006,2026-01-01T12:09:00Z,3102,105.79594847162453,91.31748272843232,26.83892760504114,38.136524543706095,162.14710881374927,112.8967965656231
P007,2026-01-01T12:09:00Z,3103,86.92923189435818,93.46100846510718,24.880089842504006,38.11123286780922,155.18020622947643,71.88567361843147
P008,2026-01-01T12:09:00Z,3104,90.52523660284564,,18.049333857565653,37.894004904779905,153.95322568661618,84.37606577383855
P009,2026-01-01T12:09:00Z,3105,76.07112217623437,96.55787545184108,14.993294910030565,37.44971114542307,110.05249284890792,76.98865655617493
P010,2026-01-01T12:09:00Z,3106,70.6278187649572,97.60266225332,15.79879441935565,37.08832681711662,130.31324664970137,69.08256272438557
P011,2026-01-01T12:09:00Z,3107,73.58010671313563,96.7383304592626,13.925811926522528,37.14243058985205,,82.79596924038204
P012,2026-01-01T12:09:00Z,3108,90.327423909215,89.47075825844222,24.65574225544629,38.47574063415626,183.80214860785202,103.28448109333054
P001,2026-01-01T12:09:30Z,3109,86.55491627875188,93.4204478336744,25.415567207324735,37.48928320415709,123.48035845013379,87.49149203187652
P002,2026-01-01T12:09:30Z,3110,81.6256023479281,95.39679980395655,15.656134212927517,37.1401842621823,102.25043311661895,78.3878584587081
P003,2026-01-01T12:09:30Z,3111,95.46212104927984,93.37575267721977,18.121073627427545,37.62593818121071,160.83538826782296,79.55458451820745
P004,2026-01-01T12:09:30Z,3112,70.33688126593024,96.93961951849305,18.03975805622477,36.912457513784865,133.5888257283743,73.67903338375443
P005,2026-01-01T12:09:30Z,3113,76.92849034231723,95.40747869882105,15.465877477615217,37.20669343715374,126.03623638544023,79.52941204756857
P006,2026-01-01T12:09:30Z,3114,114.28675833431711,92.60101125873918,30.58275431657676,38.39576208889243,149.8730514236492,105.05904363229371
P007,2026-01-01T12:09:30Z,3115,83.30228698213669,94.63718297017617,19.67333839227341,37.952812695313796,132.24209103988426,80.0539943030824
P008,2026-01-01T12:09:30Z,3116,99.05637478528547,94.79869743992292,23.66497539224303,37.01284972920162,133.1075013043582,73.11359845036604
P009,2026-01-01T12:09:30Z,3117,77.39877793697568,96.02698875721053,18.630271186030562,36.54657290534867,118.69930821711016,83.75485062778917
P010,2026-01-01T12:09:30Z,3118,76.44821572734426,96.3940608094561,12.899915598685617,37.199438680856616,131.39400875766137,80.02484089434047
P011,2026-01-01T12:09:30Z,3119,83.82543506630404,96.645475293662,14.882609200309497,36.59825171426013,122.39826836546916,77.80061805776515
P012,2026-01-01T12:09:30Z,3120,111.83728944344742,87.3248195479062,30.353548249198603,39.100853475009416,148.62658685606715,105.29683871181687
P001,2026-01-01T12:10:00Z,3121,96.73793461978315,94.41630511260354,20.722373439538202,37.158799394649556,121.1272407741771,88.66893001006216
P002,2026-01-01T12:10:00Z,3122,81.11052958825425,96.53403557250773,17.009105885359244,36.67593256025764,98.48318115600551,88.35570637222641
P003,2026-01-01T12:10:00Z,3123,96.1913593047312,94.54723603438497,20.17574435060986,37.56414947533258,128.97511727868354,94.78508524761189
P004,2026-01-01T12:10:00Z,3124,80.93314658862597,97.6642469232574,16.547488965988837,37.10874422081542,122.52264369946002,79.02478636344351
P005,2026-01-01T12:10:00Z,3125,71.19258761167063,97.89988490996153,17.948386240665478,36.312240171763406,,75.34137178387606
P006,2026-01-01T12:10:00Z,3126,114.26851655626896,87.55822025696371,26.920769329097766,39.246125358145136,167.21642881760394,103.88327238562303
P007,2026-01-01T12:10:00Z,3127,99.80741868740148,91.50280767369469,23.183496480343262,37.48786074329223,122.44126101502366,85.1648553986407
P008,2026-01-01T12:10:00Z,3128,81.03133654931308,95.04980480683678,22.980942753925362,38.259130957430884,143.7078416428957,78.34700180332007
P009,2026-01-01T12:10:00Z,3129,80.80232797509709,94.91006748057495,16.765312098921257,36.30404899514613,116.50023494356884,82.0732083764913
P010,2026-01-01T12:10:00Z,3130,75.8490021930396,97.29600212313288,15.86499735020127,37.24806538499226,115.99878402086608,73.01816200153426
P011,2026-01-01T12:10:00Z,3131,85.3479165862628,97.072301667826,17.028808846016005,36.47382222432747,134.58519028915416,77.27041173036098
P012,2026-01-01T12:10:00Z,3132,118.54446881009659,88.83400277089956,28.555251595691857,38.71738051965307,174.05994201183069,99.54528108207398
P001,2026-01-01T12:10:30Z,3133,97.15890524929999,95.33185078996918,18.559946486984547,37.245376936357765,142.55991032017207,84.50720603497594
P002,2026-01-01T12:10:30Z,3134,,97.48309915893725,16.479656308460743,36.50603545509899,119.27892608934953,80.19858203395037
P003,2026-01-01T12:10:30Z,3135,95.96900642290494,92.49993913881784,21.036234935436603,37.556222130107855,146.63504937145353,93.21985345374927
P004,2026-01-01T12:10:30Z,3136,74.53937737261482,95.28183748923031,18.543514386969395,37.10265576250384,100.66991386792614,84.01052449936115
P005,2026-01-01T12:10:30Z,3137,68.66268985512251,97.98032610074601,16.78309119957604,37.34927063320491,118.45053512510317,72.22257961893405
P006,2026-01-01T12:10:30Z,3138,101.16805444318365,90.56116109256703,25.710505991853132,38.90904647667149,171.80389612226378,111.82158341636111
P007,2026-01-01T12:10:30Z,3139,97.24175885211874,95.69825042977644,20.324469397016824,37.09247067181971,133.76508732469577,74.56638010837167
P008,2026-01-01T12:10:30Z,3140,107.8916234705432,92.1445886366003,24.04565238985647,37.466452242049876,152.25489389551743,71.68820292163922
P009,2026-01-01T12:10:30Z,3141,85.37379323649083,97.0425236562453,17.72856649472621,37.088554001693296,129.99928196189128,71.91149732187483
P010,2026-01-01T12:10:30Z,3142,73.79410140724701,97.60563908932302,14.918258927417027,36.94213595295372,117.95981782706153,80.41431666787258
P011,2026-01-01T12:10:30Z,3143,86.15033523804807,96.31036733688582,18.38489523962867,37.33698292290309,117.26774346127836,75.42172251989628
P012,2026-01-01T12:10:30Z,3144,105.45994872689398,,27.386838738426487,38.2180113876767,166.10938839536644,96.1774251540651
P001,2026-01-01T12:11:00Z,3145,94.13898308074674,93.27837584984195,21.073622205425874,37.814862811434274,125.05913402682002,89.45342863085202
P002,2026-01-01T12:11:00Z,3146,70.34384707334277,96.80823165261809,13.710843674552667,36.33306351405735,111.54076001082869,78.7204581769963
P003,2026-01-01T12:11:00Z,3147,93.93067999888152,94.88890594583309,20.8273573657918,37.11126420693212,129.07836925949195,82.24807240292589
P004,2026-01-01T12:11:00Z,3148,71.88493117768681,,17.203310826740903,36.81264446105186,89.62132354971067,80.88692650438716
P005,2026-01-01T12:11:00Z,3149,74.77768222030943,97.38127423507866,14.750817982489885,36.81134094865619,123.45496162401938,71.7447620918122
P006,2026-01-01T12:11:00Z,3150,125.32832093921255,87.62127069330674,23.204172597411315,37.81204866501726,165.40001099566464,99.75968272512095
P007,2026-01-01T12:11:00Z,3151,94.70705741878083,94.65133717680305,24.4003436368971,37.357037346229205,129.26792729154334,101.8309397036325
P008,2026-01-01T12:11:00Z,3152,94.98537313684439,93.59611584249757,19.57863103799285,37.6400018718133,131.3504530042771,88.58190928941661
P009,2026-01-01T12:11:00Z,3153,71.093474742621,97.36498949280953,16.957179982995918,37.20591064378052,130.6147940590062,79.91271229723361
P010,2026-01-01T12:11:00Z,3154,76.7198142119696,99.4248263162446,15.759948952745242,36.9139801636706,118.36100435985351,81.7128356558755
P011,2026-01-01T12:11:00Z,3155,76.84887872819203,96.74892583009634,,37.24781843866043,119.93398116934965,72.21500257986693
P012,2026-01-01T12:11:00Z,3156,113.78962340333406,87.92374222493646,27.328864015695377,38.56532079628291,166.01107933874368,98.4253473291666
P001,2026-01-01T12:11:30Z,3157,,94.51665308688328,24.664774672893703,37.75269642897651,133.12343411447986,72.5599473321635
P002,2026-01-01T12:11:30Z,3158,68.46517661358888,96.87978805960724,15.742058757542951,36.758864799303815,126.18122158022062,73.55417762898297
P003,2026-01-01T12:11:30Z,3159,,93.42247549649726,22.411510852050206,37.69110839072212,122.72944094280102,89.75932522722941
P004,2026-01-01T12:11:30Z,3160,84.94415797882525,97.30510517025334,15.5440250191598,36.84459795619493,116.59411946991446,78.7513301836486
P005,2026-01-01T12:11:30Z,3161,79.43306117170928,97.08304967059742,17.06126105107596,37.28978429704683,,78.14166110847867
P006,2026-01-01T12:11:30Z,3162,,89.0249152896088,26.78964660680459,37.977875103886475,163.7613673639154,100.63705338254091
P007,2026-01-01T12:11:30Z,3163,111.75155618427215,93.91831154697701,21.593029121516224,36.70232216096252,148.38658599916204,87.72250767359378
P008,2026-01-01T12:11:30Z,3164,95.53485303204201,94.89779246693581,18.211037147235263,36.76170176088315,124.47309326179263,78.92962186036786
P009,2026-01-01T12:11:30Z,3165,76.24662024180589,96.7121054653392,16.009130756140564,37.06331980955566,136.75537509579965,77.8772869464886
P010,2026-01-01T12:11:30Z,3166,82.49833024661564,96.86332566701489,16.60337743934487,36.93985536259035,132.2968672909468,80.35840130117556
P011,2026-01-01T12:11:30Z,3167,69.88560212151488,,18.138165716053884,36.70506970307706,115.34911882292513,75.17869568530699
P012,2026-01-01T12:11:30Z,3168,106.14788740972611,90.3466631220736,21.79669227647683,39.383869957011754,,107.3917997419955
P001,2026-01-01T12:12:00Z,3169,106.54655501180665,92.49603029905005,22.57571945149281,37.34171857213213,150.5017936061728,100.84948119389595
P002,2026-01-01T12:12:00Z,3170,73.61361443298345,99.21936374888722,11.616951610651862,37.0130596804413,121.90512784894457,77.7195913881666
P003,2026-01-01T12:12:00Z,3171,108.17955709081443,96.97175762202195,17.122301539633423,37.57674973919465,153.58421863072812,91.02973266385592
P004,2026-01-01T12:12:00Z,3172,66.79606001110473,96.10560928846355,16.03291251343561,37.29992819226758,136.5043023852451,73.64552413552094
P005,2026-01-01T12:12:00Z,3173,70.80200115569619,96.44594776466175,15.258434068067924,36.73643481150504,119.26294980154424,81.15510855802235
P006,2026-01-01T12:12:00Z,3174,130.77119234824696,88.67711394478823,27.624727062232996,37.63641789031145,156.81332872036785,89.25710908596218
P007,2026-01-01T12:12:00Z,3175,89.27920523826394,93.66814034300842,22.392531040379968,37.35727487894248,128.18852891328217,
P008,2026-01-01T12:12:00Z,3176,86.5780519735207,91.1898079373544,26.09096679306186,37.95876196640769,141.63065122025216,92.73892260687249
P009,2026-01-01T12:12:00Z,3177,76.22474070649359,97.24915921823471,17.149414029162664,37.03787626795753,116.80822715459311,78.15532006055274
P010,2026-01-01T12:12:00Z,3178,79.92777342499326,96.39866730244852,14.731056780681575,37.17145533586232,119.94370466353114,93.58447104859563
P011,2026-01-01T12:12:00Z,3179,78.44005925672433,97.3785891987616,16.156857662077957,37.212539477784254,105.77072710473803,78.58506329480106
P012,2026-01-01T12:12:00Z,3180,,87.60004983761134,32.54618156734296,38.414334987867086,137.74960768845534,98.898677713271
P001,2026-01-01T12:12:30Z,3181,100.65499166238995,94.94820541414961,,37.08814793379397,140.002185952413,86.8258683431466
P002,2026-01-01T12:12:30Z,3182,85.60414298010367,98.37223246390161,19.626922348539168,37.203948321934675,116.69582406391925,87.20105150667997
P003,2026-01-01T12:12:30Z,3183,80.97045599757486,92.74996728252938,22.41286727566668,37.7849673016077,136.5957922835391,85.14534742914033
P004,2026-01-01T12:12:30Z,3184,76.76809208097102,97.45019255727331,15.483898744363811,37.17820655176923,115.99480146216932,78.32986547758446
P005,2026-01-01T12:12:30Z,3185,70.4898084398086,97.28579965425364,14.027174141886457,36.296123964446025,114.93484296031049,74.57782003642332
P006,2026-01-01T12:12:30Z,3186,133.96774265542368,87.92761659155202,30.128607657517584,38.259499913252945,160.19290829596213,105.58672272058237
P007,2026-01-01T12:12:30Z,3187,99.08279381690892,94.09883336372604,17.84756489064729,37.15534489537466,142.93306712103507,89.03522198896658
P008,2026-01-01T12:12:30Z,3188,86.56051201270117,93.99752682064226,18.04890751787388,37.194080043890324,140.52285511235783,88.70762408559419
P009,2026-01-01T12:12:30Z,3189,,99.21077014075196,14.07601663650287,37.03888608203822,115.37053214266349,76.99095683249824
P010,2026-01-01T12:12:30Z,3190,79.89277546503227,96.89319531240271,17.972455076440305,36.934672257422655,127.58236248764456,79.74885349258348
P011,2026-01-01T12:12:30Z,3191,84.06996603436777,97.09569186717343,17.622201633678905,36.411206826394306,116.40614246985128,
P012,2026-01-01T12:12:30Z,3192,102.59705121934347,88.02144975524088,26.952036615822124,38.30864482307005,157.97934491142183,100.16424054148959
P001,2026-01-01T12:13:00Z,3193,94.77642640011649,96.18486925034536,23.121206213962097,36.81308615462552,154.51898637895874,85.69752703868149
P002,2026-01-01T12:13:00Z,3194,67.70909595230859,98.83492930603227,15.27571809141925,36.88447784445575,115.91576827461623,80.0350041768598
P003,2026-01-01T12:13:00Z,3195,94.72475065194641,92.97315495550754,27.327637403248676,37.97897715294039,146.6369928253067,92.53538751129796
P004,2026-01-01T12:13:00Z,3196,77.21391201649789,95.78021713079848,17.26955135215875,36.816586725987726,128.28162122847803,71.32849423926821
P005,2026-01-01T12:13:00Z,3197,68.44048886112208,96.13077626473525,16.531871085091527,37.52570563369497,114.36092253997165,75.78146445928961
P006,2026-01-01T12:13:00Z,3198,,91.82898553430772,25.234114460241464,38.06147485679433,188.29189696232245,82.2124246340023
P007,2026-01-01T12:13:00Z,3199,105.09321471407101,93.37422780101546,19.215007369599775,36.94032313540438,148.97126742604195,91.64752757204576
P008,2026-01-01T12:13:00Z,3200,93.66515981080985,93.90671374385181,19.289392965771956,37.56071195148212,131.20696422518995,79.3460238250482
P009,2026-01-01T12:13:00Z,3201,82.14989442673134,98.76112444873523,20.514170449651047,36.917846154088494,111.58549189793018,74.87316894337776
P010,2026-01-01T12:13:00Z,3202,75.03031958443106,97.54306756115042,20.06465117152083,37.04252648295104,118.13149938090528,74.43077438058073
P011,2026-01-01T12:13:00Z,3203,74.73283727038088,97.08119221441599,13.67869830111828,36.78535716294639,132.07923964554567,85.15229612661962
P012,2026-01-01T12:13:00Z,3204,136.32313255457385,,27.731253412452176,38.1442391300762,184.01921991273346,
P001,2026-01-01T12:13:30Z,3205,99.45248194263601,95.80651466157197,16.551068074637932,37.54461367874141,128.8527861721915,87.795123190541
P002,2026-01-01T12:13:30Z,3206,71.09374013473608,97.86028340720355,13.364238287176908,36.72981950504408,115.23976469066103,76.21105160414282
P003,2026-01-01T12:13:30Z,3207,95.62542327736382,93.13558393525773,21.13327798044224,37.850687772433496,131.32573397073796,91.49403629701564
P004,2026-01-01T12:13:30Z,3208,71.48159967035596,99.15128463354567,14.565758683402626,37.09851055389936,107.96382921213083,76.72049093502426
P005,2026-01-01T12:13:30Z,3209,82.83797855561346,98.11574912590342,18.540590174252507,36.66406104178288,134.14640650490347,73.23009236569797
P006,2026-01-01T12:13:30Z,3210,86.68721930322062,89.00192099725426,23.18612101576776,38.265297053105726,155.96634764171932,110.48855022332654
P007,2026-01-01T12:13:30Z,3211,84.28051878949043,93.01902470474401,22.960540368042402,37.41255043310316,129.24185927640107,78.35971820188973
P008,2026-01-01T12:13:30Z,3212,102.597575114454,92.26316375642907,21.9943277858332,37.82221360093337,140.44158576780168,93.29327113991488
P009,2026-01-01T12:13:30Z,3213,79.92009805426113,97.27093821518228,18.09887550599645,36.33890878558533,124.4927733409062,80.5693051154171
P010,2026-01-01T12:13:30Z,3214,70.30117733429726,98.92284873104728,16.572742895218337,36.937261750399415,120.13135725341593,83.58296204712425
P011,2026-01-01T12:13:30Z,3215,73.4314549251997,98.3439249226201,15.212883874826442,37.22457250563364,114.52314735127491,85.09831805083329
P012,2026-01-01T12:13:30Z,3216,129.6785385535066,89.63104809226456,29.32068305275431,37.965365768926304,164.42712134540594,92.08646377799437
P001,2026-01-01T12:14:00Z,3217,91.76787056309256,94.7906125118293,18.565309190356178,37.70360150969557,143.50137654139687,90.22930672436522
P002,2026-01-01T12:14:00Z,3218,70.83882425702778,96.49928300718425,15.867097595944761,37.01326231140939,130.14485011240413,79.58412805841913
P003,2026-01-01T12:14:00Z,3219,100.79204523274097,96.52475902910683,17.073787100061722,37.84279952788202,140.2361674381243,86.40859896188006
P004,2026-01-01T12:14:00Z,3220,73.62760708816226,98.06473590806839,17.96161364460052,37.130610486991,130.64348611500512,83.84079032087253
P005,2026-01-01T12:14:00Z,3221,67.68808335334126,95.90341578098116,,36.58475812790328,117.27078196045721,87.07383310161185
P006,2026-01-01T12:14:00Z,3222,130.805067157496,85.39825376472533,21.16980678929953,38.833417802207926,156.4044130755613,115.96988177609835
P007,2026-01-01T12:14:00Z,3223,102.72931328042839,93.07386735804036,22.025388625334376,37.444362524557455,143.29189465051064,82.9419767449554
P008,2026-01-01T12:14:00Z,3224,78.50242283414522,93.0504844090527,18.57396053938415,37.89268708911864,137.71798707828108,92.14462594779052
P009,2026-01-01T12:14:00Z,3225,74.09713954938879,97.51897696389683,16.196031856491892,37.33097613293202,128.55656662270474,80.43655133563587
P010,2026-01-01T12:14:00Z,3226,75.56632833322342,96.15893974661951,17.463351302021394,37.26975686587712,113.5800662841632,77.07642376389323
P011,2026-01-01T12:14:00Z,3227,76.27056945921791,97.24405813055584,17.92742758541906,36.79079466781928,116.32751846911476,75.86574952167143
P012,2026-01-01T12:14:00Z,3228,106.34490201806014,,27.739819288483993,38.48565486594006,151.44764844626087,
P001,2026-01-01T12:14:30Z,3229,93.74105882119208,90.65885241663428,20.566636482107004,37.06343079812977,127.34120586782035,91.75219205067641
P002,2026-01-01T12:14:30Z,3230,78.59082983269029,95.64736516469468,18.30104826907111,36.54412075836502,125.49748188463302,70.91419685990373
P003,2026-01-01T12:14:30Z,3231,98.73260794282923,97.08473544067719,23.925906207218105,37.98424712532277,119.35333030488528,71.01574116593366
P004,2026-01-01T12:14:30Z,3232,74.81704626615478,97.04525904202106,17.26979824082092,37.71465539875306,133.74116022501906,89.21475928594056
P005,2026-01-01T12:14:30Z,3233,71.54264010814937,96.76456360854104,15.194185848473825,37.128700070273986,125.6349898980259,86.52019400604388
P006,2026-01-01T12:14:30Z,3234,123.89168067940963,87.23597279596143,26.502589973883573,38.42538946147865,154.81475955214322,101.23210313461274
P007,2026-01-01T12:14:30Z,3235,88.45984932675624,96.24597817088804,15.548093422135842,37.57610759085388,130.35841765994502,95.7968514291709
P008,2026-01-01T12:14:30Z,3236,89.77147115938975,93.333729670707,24.674434264071543,37.941177931229525,132.10651932777566,81.54694110507481
P009,2026-01-01T12:14:30Z,3237,71.76300050711752,98.52131942760509,12.431957626162621,36.75945191704769,123.44631253148016,77.99752567055974
P010,2026-01-01T12:14:30Z,3238,74.00481960432941,97.20430828049594,16.4310283148992,36.37175378436954,106.99429782454261,78.80357257355436
P011,2026-01-01T12:14:30Z,3239,85.94217270200741,98.28885913172034,18.394338961940733,36.56377572725377,121.3032300575684,70.38948849269966
P012,2026-01-01T12:14:30Z,3240,119.02935979312846,82.89462954798465,20.657557219785026,39.647819133028996,159.97348212882918,104.16007332057455
P001,2026-01-01T12:15:00Z,3241,98.5805029168437,93.38028384317997,17.41187292931975,37.778100215667415,141.58737513770853,86.62151574824392
P002,2026-01-01T12:15:00Z,3242,82.30133497626882,97.29359355872046,15.829761992432147,37.26220710764524,106.49416667889815,76.31989712237628
P003,2026-01-01T12:15:00Z,3243,97.95108026684294,93.61087869163296,24.393867273842343,37.789205116165014,139.08435388018427,68.32785803609181
P004,2026-01-01T12:15:00Z,3244,84.40605076986986,97.90807042444811,13.408838448378681,36.40259286639308,125.98302139509055,85.00711975358428
P005,2026-01-01T12:15:00Z,3245,72.11858464183527,96.56734309043338,13.441624970264883,36.39260748060771,120.0088194984433,78.86918942820128
P006,2026-01-01T12:15:00Z,3246,98.36291656759175,89.09317917913606,26.781567379287978,38.412917138146064,165.4593399984241,100.84042404830363
P007,2026-01-01T12:15:00Z,3247,,93.61660646769266,23.53245597643449,37.242944862901886,135.4939143522431,82.95567027896398
P008,2026-01-01T12:15:00Z,3248,89.9259684439558,93.64003417464534,22.618748899818165,38.10120232563133,133.63388832083285,85.00280145578483
P009,2026-01-01T12:15:00Z,3249,67.27751381660936,97.92175511701222,15.922251428487655,37.28015361883365,135.154674524174,87.6367848779235
P010,2026-01-01T12:15:00Z,3250,73.45240491539039,97.6898222758676,14.895509328765542,36.904130972415494,,66.00994351336321
P011,2026-01-01T12:15:00Z,3251,76.21664320044414,96.83369132762019,11.43410057220585,37.13586826057125,136.5158267169523,71.01493167414948
P012,2026-01-01T12:15:00Z,3252,124.72096560229207,89.89099365667549,27.240888632407344,,175.87445620198685,96.03963379691102
P001,2026-01-01T12:15:30Z,3253,101.18204171519399,93.47815426555732,16.418517849822905,37.51647584757625,118.73939474630114,68.27535515889322
P002,2026-01-01T12:15:30Z,3254,67.72892238795808,98.39793326075068,13.29822046212862,36.31524062320237,109.62997111513339,80.88805360273699
P003,2026-01-01T12:15:30Z,3255,104.02904758823378,93.66468187428875,,,131.12949249532113,83.61537567093661
P004,2026-01-01T12:15:30Z,3256,75.55169317011472,96.42245387539764,14.53799150770234,37.18506512515445,107.66009987470989,92.41913848393888
P005,2026-01-01T12:15:30Z,3257,74.56838320192504,95.28962598865964,14.800267816762183,36.65180794010861,117.4791347313176,73.41480399381786
P006,2026-01-01T12:15:30Z,3258,122.36937507253897,91.03363377245779,24.44344198808031,38.99441614460412,152.9976600188321,96.87071758284982
P007,2026-01-01T12:15:30Z,3259,89.20667793617885,94.12926605074625,,37.807767000329804,139.6298575432951,97.0399414643048
P008,2026-01-01T12:15:30Z,3260,93.5908521299691,93.03889764742325,22.099686127651882,37.26032742289363,,90.13246719079352
P009,2026-01-01T12:15:30Z,3261,63.78078501652789,96.24793268405696,13.539250123044823,36.58386141054574,133.99978632049203,81.07163322828416
P010,2026-01-01T12:15:30Z,3262,75.59356604757653,96.27760238625291,18.48340312436912,37.0259379847576,132.68025614189474,69.57919707282012
P011,2026-01-01T12:15:30Z,3263,63.218887711823584,95.70565964798642,16.164827867561467,37.03971659725032,102.053434404277,77.49913289287764
P012,2026-01-01T12:15:30Z,3264,119.38759473132893,87.72846673961256,23.716000522697225,38.446086219874246,160.13003245567825,
P001,2026-01-01T12:16:00Z,3265,91.48204147729868,92.07579043746667,23.282537478505677,37.26412694097471,164.82301468758322,104.25421314176484
P002,2026-01-01T12:16:00Z,3266,64.90598328608674,95.89121904078232,16.617927270485314,37.20501259234765,121.40204526925443,80.696516780501
P003,2026-01-01T12:16:00Z,3267,99.95446508625673,93.00657955995366,23.261808023016037,37.19692988707307,141.7196558269708,85.58239579732712
P004,2026-01-01T12:16:00Z,3268,76.1239056978162,96.48760336182002,13.356362941512291,37.46660268456834,121.3749455543347,75.87019462234856
P005,2026-01-01T12:16:00Z,3269,71.0570672656806,97.39585311928693,15.891352439797883,36.98011412070185,105.68155414174187,89.21813000146354
P006,2026-01-01T12:16:00Z,3270,114.49402714356332,87.42693033830083,31.048596020129033,39.43423861948735,188.6738297060668,112.4243290114576
P007,2026-01-01T12:16:00Z,3271,100.9888513199924,91.06223438697984,,37.93197441899802,138.83232418847848,81.29481002412228
P008,2026-01-01T12:16:00Z,3272,87.04192744979277,93.38515763954749,25.901939602572423,37.47076772138771,139.72916485840165,83.57434998388541
P009,2026-01-01T12:16:00Z,3273,80.71827144694409,97.60674378629372,19.558557056476324,36.76999207696881,126.4871873491172,80.85626414899883
P010,2026-01-01T12:16:00Z,3274,74.0634946766356,96.97617831525568,17.470582688502,37.22369576140187,120.56461423855774,76.69895768626583
P011,2026-01-01T12:16:00Z,3275,76.91621978365723,97.13910983273766,10.919154175378152,37.23237615860798,131.09801650710116,76.57248170932844
P012,2026-01-01T12:16:00Z,3276,114.58546667013302,90.97714885440858,22.204199839359802,38.47725645782484,175.35737580451837,96.35873543688811
P001,2026-01-01T12:16:30Z,3277,97.13325483639022,94.45465861103129,23.446305899633533,37.18195486446327,137.60416940083923,83.6838377467456
P002,2026-01-01T12:16:30Z,3278,74.328659042997,98.9290449734606,15.654579603290106,36.88395904174684,136.09931532358382,72.49459460797242
P003,2026-01-01T12:16:30Z,3279,97.14375648739355,94.94715424869084,22.66723678065571,37.810071771681365,151.53169402901696,82.65442694134127
P004,2026-01-01T12:16:30Z,3280,74.28533144462624,97.31508486436391,18.028436859385693,37.34573218895594,124.63431222997221,84.51389941558381
P005,2026-01-01T12:16:30Z,3281,,98.84848338605386,14.223450412121739,37.53745821643005,107.28730202195656,89.09300616075797
P006,2026-01-01T12:16:30Z,3282,111.22586205563407,85.46564749635972,24.442677904921123,38.249877489787494,154.2569167401578,100.41865321914817
P007,2026-01-01T12:16:30Z,3283,102.27543077204369,93.49010282517477,19.005658289346382,37.70083312282211,150.74776274342966,85.81852229716793
P008,2026-01-01T12:16:30Z,3284,103.77081861415698,95.17576332746133,,37.73712626349721,139.53282004885403,70.62527127764312
P009,2026-01-01T12:16:30Z,3285,77.4037976002376,99.39933490152524,11.655413590033252,36.96984152506681,117.10593994549373,75.44350743907654
P010,2026-01-01T12:16:30Z,3286,82.77567103449688,96.65391808573793,16.099543869993525,37.26527672318512,131.2984746187772,86.14421516807076
P011,2026-01-01T12:16:30Z,3287,66.52095462703709,97.64998511897858,17.305325740674505,,116.54228357010004,75.86659357746647
P012,2026-01-01T12:16:30Z,3288,101.402955809043,86.08397050798425,32.33220001459142,38.27868759864097,176.30940845191458,92.2587187356806
P001,2026-01-01T12:17:00Z,3289,97.64257793189397,93.27976194803199,18.385264670258554,37.09567556608962,155.06792000983498,74.56983117148312
P002,2026-01-01T12:17:00Z,3290,77.5520972424777,98.12499927244392,14.67288935667255,36.76150207404351,120.92377032670795,73.1667794397011
P003,2026-01-01T12:17:00Z,3291,104.23633117822509,91.63144589184283,18.569605400381917,37.56041629829141,113.58986555826968,83.36844425877781
P004,2026-01-01T12:17:00Z,3292,73.43277748697244,96.76306784632021,16.45744675754024,36.43473221837945,135.16803902457747,73.57416477090956
P005,2026-01-01T12:17:00Z,3293,75.55857749158523,97.38662973214768,11.857325375644205,36.26383659595617,114.4970370333294,70.12067323762751
P006,2026-01-01T12:17:00Z,3294,127.53175886063502,84.78581133492456,24.801217175333235,38.66810805742724,171.34169927047407,96.1707363107322
P007,2026-01-01T12:17:00Z,3295,87.16610736614626,92.29258484610942,21.17531290226422,37.98063131089555,136.93446114327702,83.75582056769436
P008,2026-01-01T12:17:00Z,3296,89.23046542699606,94.04549184339386,18.480705351313294,37.66113975502602,138.4337908524806,95.63419450534828
P009,2026-01-01T12:17:00Z,3297,74.74830643558218,96.1722809278382,15.264308858369056,36.677678086920174,110.97405041886128,66.3683744427759
P010,2026-01-01T12:17:00Z,3298,80.03678142243498,98.53545222565081,17.006188207596313,36.64049652862789,108.74495323003316,72.59164359222684
P011,2026-01-01T12:17:00Z,3299,86.28387683779955,97.066707508597,18.335540227464598,37.01483465783334,128.3638125255003,76.93759436798427
P012,2026-01-01T12:17:00Z,3300,110.12095240681963,87.29906432638305,28.601259646731865,39.44895946181323,161.75128467282084,119.75592549773408
P001,2026-01-01T12:17:30Z,3301,104.99506778674416,93.51252246784848,,37.1231695160357,156.6263933239793,92.86382662583212
P002,2026-01-01T12:17:30Z,3302,,97.4338535713444,16.133532197208275,36.722018554582036,113.96821677984303,68.6436109108677
P003,2026-01-01T12:17:30Z,3303,95.2997602411381,93.43916097990117,21.592142210020562,38.20745839296919,146.2717033887556,82.78562456379208
P004,2026-01-01T12:17:30Z,3304,77.0829538277402,96.65111913959304,15.126561653193946,37.08720536604962,137.18464262418357,80.24520738566409
P005,2026-01-01T12:17:30Z,3305,77.58742226902208,95.91424425155735,16.780952820418378,36.637434264746965,125.5497566829274,73.58886219440781
P006,2026-01-01T12:17:30Z,3306,119.99610030301157,86.27675587852985,31.8190676594625,39.00815462464664,167.60273992914978,110.25689014881299
P007,2026-01-01T12:17:30Z,3307,82.80737409166045,94.99809721198956,26.596345870627303,37.43622444387052,152.1119715037211,83.93627962969504
P008,2026-01-01T12:17:30Z,3308,88.53949859373579,93.7386003222985,19.994328279357042,,138.59009808775767,75.4970523193239
P009,2026-01-01T12:17:30Z,3309,87.27911040997029,96.98520319884585,18.377958788233606,36.49960877220357,111.37280234371146,88.10683227384416
P010,2026-01-01T12:17:30Z,3310,64.87306485079776,96.77804443600982,17.99439893863047,36.664697303346266,110.55284997664944,73.34331976651157
P011,2026-01-01T12:17:30Z,3311,71.34180785383553,97.5890950119708,19.178005729281416,36.617779476467014,112.83815038871553,71.1850338400864
P012,2026-01-01T12:17:30Z,3312,99.46089335058323,90.53037612231529,26.873211568262587,38.44485052277938,168.93807093827468,
P001,2026-01-01T12:18:00Z,3313,95.41741438430213,90.67731660763748,19.695270325509565,37.64849451010752,130.84418482600051,75.61497182969761
P002,2026-01-01T12:18:00Z,3314,71.63387648741785,98.82279240454558,13.765954584391796,36.717293935329934,139.69174029124932,74.58678422627167
P003,2026-01-01T12:18:00Z,3315,92.85273907611818,93.86968357508253,23.611090705028822,37.274302398618076,163.8939049809314,92.16407094537581
P004,2026-01-01T12:18:00Z,3316,67.5966538306638,97.12950104801361,16.168318482745896,36.68888586984066,107.90960853836035,78.41460266258713
P005,2026-01-01T12:18:00Z,3317,81.52512740658075,97.4175657310294,19.578429901103796,37.099250832189846,109.49121068938555,74.04756471094218
P006,2026-01-01T12:18:00Z,3318,116.7671866596945,88.96080847757828,23.613551603330233,38.33873130467827,158.25713758569506,107.02727851593535
P007,2026-01-01T12:18:00Z,3319,99.0781633805139,93.79525164757085,21.08579423993387,37.58713256953434,131.95718644425068,89.46970767611768
P008,2026-01-01T12:18:00Z,3320,99.64007346914825,93.70704542368048,24.08244866593658,37.955713830443415,142.64644689768522,89.67813155301735
P009,2026-01-01T12:18:00Z,3321,86.64253292990085,96.89666933783259,15.479114804745667,37.05918217856889,116.38297140423839,94.26732503362827
P010,2026-01-01T12:18:00Z,3322,60.98682190163471,98.44535229158919,15.151710028829704,36.392483709525756,121.85248694364493,78.1009376997488
P011,2026-01-01T12:18:00Z,3323,68.14907218779555,97.43229255144743,14.483582472009846,37.29589096829576,122.67954654982901,81.97721015801301
P012,2026-01-01T12:18:00Z,3324,105.69964936762618,91.07847843925117,26.894386375126107,38.49011444181755,175.82901624355935,103.03889191721218
P001,2026-01-01T12:18:30Z,3325,95.59605842276547,95.0538057880594,21.385672933549095,37.44170125831655,164.4853491677357,94.85514259962841
P002,2026-01-01T12:18:30Z,3326,65.73579885730571,97.3442872517306,15.02629858794693,36.948496948838105,139.49084882411518,82.73640956627878
P003,2026-01-01T12:18:30Z,3327,90.4421271244848,94.71550210647713,16.19194796449617,37.40188150227869,146.05902431325265,93.497092726492
P004,2026-01-01T12:18:30Z,3328,81.56757709831743,97.25887735638958,13.858027370166804,36.4781875992218,119.28860654945477,82.19658399330886
P005,2026-01-01T12:18:30Z,3329,74.1610676685165,96.45250402138345,17.89782982839068,37.1629380692973,,76.93302920470309
P006,2026-01-01T12:18:30Z,3330,114.3492049746409,88.21953950265438,22.27359122860638,38.91160031852462,154.63162857164073,88.00856871876766
P007,2026-01-01T12:18:30Z,3331,89.7999910221497,93.35197924331476,26.11625978368386,38.04110610652731,138.1307313578378,90.63827593727353
P008,2026-01-01T12:18:30Z,3332,98.09888449193316,93.07757255883658,22.834155945832407,37.74674360396976,146.90280203418467,78.41065347028672
P009,2026-01-01T12:18:30Z,3333,,95.82005705693393,12.482588737722029,37.040038824806224,133.7696099676305,70.61130773537087
P010,2026-01-01T12:18:30Z,3334,76.67534333594288,96.31593143614732,15.937701299349634,36.780626002114886,118.90056281430144,74.75157556598806
P011,2026-01-01T12:18:30Z,3335,81.68479568724146,97.87167880862069,14.39029177858528,37.104500417023885,,76.1572253715937
P012,2026-01-01T12:18:30Z,3336,118.74049572045385,87.19806641218999,27.842246071236765,39.09633099930935,179.78283142097962,90.07834367501965
P001,2026-01-01T12:19:00Z,3337,94.08284741250954,94.64291412021498,,37.92243633560088,142.51145722132708,75.94421484547263
P002,2026-01-01T12:19:00Z,3338,73.60922827472687,99.49154909344652,13.361096079030327,37.70938527583389,113.43966580689326,85.62734772332526
P003,2026-01-01T12:19:00Z,3339,93.82566433034874,93.20608402532741,22.643847622231178,37.27866221325142,129.84795542524571,91.63483306626307
P004,2026-01-01T12:19:00Z,3340,69.46745746802894,97.78468583448142,19.971002425701734,36.43819840556721,116.46409311839761,68.63285123867576
P005,2026-01-01T12:19:00Z,3341,,96.6509299578607,15.062028989102469,36.853043970284794,122.82206180978939,81.60986607217255
P006,2026-01-01T12:19:00Z,3342,,93.69169900114332,33.53163233830057,38.66070784609466,169.817473536292,115.41932644823643
P007,2026-01-01T12:19:00Z,3343,106.94618755235747,93.72038873290572,20.427222141557355,37.49513220050075,140.99652404852856,79.45464922484854
P008,2026-01-01T12:19:00Z,3344,99.27971224098879,91.88987100948182,19.639160272767228,37.52589503805456,149.96616416005185,81.05202008368055
P009,2026-01-01T12:19:00Z,3345,72.99924245826148,97.20033110650468,14.148119036673119,36.74652575629518,121.67483477191189,
P010,2026-01-01T12:19:00Z,3346,65.75085500122276,96.6548872847351,15.567686302144732,36.85694473079338,132.27276873144825,89.96576017626668
P011,2026-01-01T12:19:00Z,3347,,96.85455337610519,15.643432506135353,36.422198640020376,114.31296557269322,69.44185940998953
P012,2026-01-01T12:19:00Z,3348,143.7323954355628,88.50554389128239,25.150372842874845,39.80436792483248,139.4009151418015,97.02589242222454
P001,2026-01-01T12:19:30Z,3349,102.58716298100747,94.26851419755175,22.84729977919077,38.022337475545555,157.14122941078153,76.21285350636136
P002,2026-01-01T12:19:30Z,3350,84.58152346057005,96.16022687190731,11.22909011267905,36.898169870361905,110.68910965302139,77.16254102454647
P003,2026-01-01T12:19:30Z,3351,101.4431233971494,92.50717083327127,23.3176762525748,37.057418460139075,145.40511401673584,84.26189985224012
P004,2026-01-01T12:19:30Z,3352,80.30073623531564,97.49683900883196,14.840142778050481,37.27821954771864,127.05706511812802,72.94459580072197
P005,2026-01-01T12:19:30Z,3353,67.37407486156775,96.28040948893262,16.274602503274146,36.75332632580961,118.30706304693757,69.72816122894874
P006,2026-01-01T12:19:30Z,3354,128.25522912836334,89.80320032434764,33.56160815494975,39.67053885360512,136.62469403257785,112.42793514740364
P007,2026-01-01T12:19:30Z,3355,89.67358488846571,95.13679575358103,19.63318004355303,38.24898954855376,131.02937171657487,82.30914895418714
P008,2026-01-01T12:19:30Z,3356,95.6848681029632,92.47728689688998,22.863045602155516,36.73583235200273,135.76825321275973,83.53761047305854
P009,2026-01-01T12:19:30Z,3357,68.05960378054527,96.98304585005751,11.08475525736323,36.57095599808106,110.72750046769974,65.76740247355045
P010,2026-01-01T12:19:30Z,3358,82.70395334820577,99.25326630605448,17.368453110370158,37.04147153505175,116.76327306978567,74.64681516516407
P011,2026-01-01T12:19:30Z,3359,71.9719348986912,97.32613660264877,17.231641741182294,36.74063007486727,112.84629988788937,80.17557518832304
P012,2026-01-01T12:19:30Z,3360,111.99547455575205,,,38.41837565874488,171.30503710624458,94.65944493970113
P001,2026-01-01T12:20:00Z,3361,91.49554875833678,94.72431005286535,22.432474450684587,37.39813124901519,133.471036334824,82.96376376899973
P002,2026-01-01T12:20:00Z,3362,66.67126571092052,97.36392348822343,16.235920774170783,37.446425037208954,136.01826539874276,76.44936060456322
P003,2026-01-01T12:20:00Z,3363,102.09511459326559,92.50701136606533,20.060685489789307,37.782081514695555,130.93185826794908,
P004,2026-01-01T12:20:00Z,3364,74.38244735155898,,15.04423731720868,37.05128520205977,117.25688638123296,77.51806330088674
P005,2026-01-01T12:20:00Z,3365,79.04612369045977,97.13152320074491,,36.92593625856283,128.03309579647436,70.00120985654904
P006,2026-01-01T12:20:00Z,3366,89.78680065366538,86.05102931500117,25.947955548234493,37.71373132907673,178.58645673354752,103.68149781025376
P007,2026-01-01T12:20:00Z,3367,95.92621028480971,94.67010359244527,22.181027627364678,37.437905745696476,148.77168723518818,92.37557074646612
P008,2026-01-01T12:20:00Z,3368,94.24285926261915,92.8421698631508,19.348029094623506,37.63876638106833,152.68174658180502,90.69941082779425
P009,2026-01-01T12:20:00Z,3369,,97.74906050487233,17.871079019782503,36.380362899011864,120.69085812259672,60.581265443868
P010,2026-01-01T12:20:00Z,3370,69.89495335941166,,19.053234742534208,36.626867385563166,118.52986908137322,
P011,2026-01-01T12:20:00Z,3371,75.56671706912717,96.83916145379663,17.211356134820367,36.4670901096933,116.64507470461014,81.10822291119747
P012,2026-01-01T12:20:00Z,3372,112.28863421393083,89.49005286334794,26.59820459646017,39.18014244442303,159.50080791297236,82.91874787638704
P001,2026-01-01T12:20:30Z,3373,100.55294319536151,93.38660971974195,21.72583753758358,37.42848479029853,136.28121163292565,89.41241713042717
P002,2026-01-01T12:20:30Z,3374,80.93409568623244,97.10906043253885,14.40640427504842,37.15143383701605,118.43650220461817,68.2567672118962
P003,2026-01-01T12:20:30Z,3375,95.71420765156732,93.92928345411467,22.67259800258618,37.10723593482096,115.13060890156324,98.32061994425881
P004,2026-01-01T12:20:30Z,3376,71.51803243269995,96.5528475824301,17.237688553600186,36.681891522403596,112.41036999718634,77.33203849680716
P005,2026-01-01T12:20:30Z,3377,70.07893638362394,96.66717776607244,14.688588847966715,36.56336578873484,100.60068198204445,86.36878138759003
P006,2026-01-01T12:20:30Z,3378,97.65677691210762,89.57181908634439,25.651112950181673,38.70509047676111,166.6474339526828,107.26288660235431
P007,2026-01-01T12:20:30Z,3379,,,24.264959513572972,37.37826937896583,148.2691109214621,95.12345312403419
P008,2026-01-01T12:20:30Z,3380,81.26284177693525,94.74849780125726,23.93326885163822,37.61759176259028,130.89207554735307,76.90351005023619
P009,2026-01-01T12:20:30Z,3381,80.20748071571276,96.54924813231706,12.618214401030297,36.653632162595855,134.43112050665292,79.76617750927547
P010,2026-01-01T12:20:30Z,3382,64.15351606637299,99.23609844506252,16.26977297159164,36.93216243750113,105.17039737314505,81.73536186061331
P011,2026-01-01T12:20:30Z,3383,69.09034087160967,98.71820626000228,16.164768856751863,36.92606414297417,114.5150949904013,74.17515415442007
P012,2026-01-01T12:20:30Z,3384,103.55607908723216,85.37644537773072,31.601683460946308,38.583537770646544,171.67897394609628,103.89681373479462
P001,2026-01-01T12:21:00Z,3385,98.23873805591774,92.25541042933229,21.458422837223477,37.37405917009308,,90.19780731285199
P002,2026-01-01T12:21:00Z,3386,80.2259414629635,96.08935314237738,17.27330808061555,36.53757254084905,126.85864833978644,84.60058239283066
P003,2026-01-01T12:21:00Z,3387,103.45628331061532,95.03721384155334,21.27131191684492,37.75847692878475,141.92280994972228,74.74017535565648
P004,2026-01-01T12:21:00Z,3388,82.99742535526981,98.1241843257469,12.816280386096947,37.01946439789049,127.81081001713082,84.23195774822659
P005,2026-01-01T12:21:00Z,3389,85.25274366165515,96.40054691677389,19.01708048372892,37.14446881157911,120.31551388698536,72.54723384038421
P006,2026-01-01T12:21:00Z,3390,132.5989062961802,92.26245462654835,24.155904279295704,38.62994501920643,178.6102913375585,104.48291600837096
P007,2026-01-01T12:21:00Z,3391,93.61520670690652,94.7555128160965,21.337796347815214,37.436568419567394,144.15959314300352,77.52938287676433
P008,2026-01-01T12:21:00Z,3392,90.30087777312681,93.23245949679507,21.751223771436873,38.144865119132845,150.61558340254933,96.18119947252217
P009,2026-01-01T12:21:00Z,3393,86.9698240804846,96.97936751706412,17.11940193790957,37.10300947215211,109.6579187902509,77.69341379697633
P010,2026-01-01T12:21:00Z,3394,72.48105224467162,97.86982222566284,17.6833542432108,37.08180230614138,130.20630355491463,79.53623569537487
P011,2026-01-01T12:21:00Z,3395,76.13768191924603,96.25016209816826,21.158536521928696,36.6523623340858,123.08551222200775,84.01810441602915
P012,2026-01-01T12:21:00Z,3396,114.95908393354641,85.38395896670073,22.968075737623792,38.57395342266432,191.4984639825685,104.0967811782322
P001,2026-01-01T12:21:30Z,3397,91.71012609873698,93.56696702607091,21.68447450088976,37.804204706553854,114.12367863313528,86.11001979818013
P002,2026-01-01T12:21:30Z,3398,,97.28833480037707,14.416742483579668,36.40948937616831,117.06654165570346,73.35554706674846
P003,2026-01-01T12:21:30Z,3399,105.7204471336059,95.36519750360193,20.421214300140267,38.06148834781322,144.16447667065967,79.319911438745
P004,2026-01-01T12:21:30Z,3400,84.11254429470485,97.0975956966327,15.657943888636796,,120.98119633147216,69.8254600563223
P005,2026-01-01T12:21:30Z,3401,78.20068402098082,98.90177998383032,16.479291699204985,37.30435640450467,131.35975172240595,87.25194146919809
P006,2026-01-01T12:21:30Z,3402,116.28227872932732,,22.274337628028817,38.10682917430199,181.1790622397782,
P007,2026-01-01T12:21:30Z,3403,106.02078717187476,92.45850330084242,20.65093634946151,37.65401442710718,,76.72076366845562
P008,2026-01-01T12:21:30Z,3404,86.08453911437554,93.78420643726801,25.60114059400029,37.14544810545064,131.06293937196156,82.29684738412185
P009,2026-01-01T12:21:30Z,3405,72.11886063091352,97.90890717230008,15.605876378290649,37.03770596126851,107.88910677694261,80.73393844748199
P010,2026-01-01T12:21:30Z,3406,83.04920184685518,96.73965876530075,17.587777622558622,37.41306633639184,130.4565720652182,79.3767809228981
P011,2026-01-01T12:21:30Z,3407,72.24700105473724,96.5538013638471,15.93646759224224,36.5296089473002,,87.19690509042493
P012,2026-01-01T12:21:30Z,3408,99.43503742810489,90.15934205017953,24.961635918098303,38.4569617783829,191.9092864513738,89.3763870284211
P001,2026-01-01T12:22:00Z,3409,97.17363030361166,94.72112729016106,21.00858236970162,37.93499402294437,155.16111644885177,88.11741565083285
P002,2026-01-01T12:22:00Z,3410,81.45861479501245,96.70656317452611,17.037031092905824,37.34164316042781,127.99101118722075,86.05653463217192
P003,2026-01-01T12:22:00Z,3411,108.9874466268428,92.9974398652954,17.52112560498917,37.10438716513101,145.01217301755224,79.788223051957
P004,2026-01-01T12:22:00Z,3412,81.48957797738058,,15.757561546520463,36.71985543668119,126.8499199521193,74.3265965349047
P005,2026-01-01T12:22:00Z,3413,76.2528914604487,96.66226065597075,14.260540743208708,36.42401761517179,132.70594598853216,76.01636949588456
P006,2026-01-01T12:22:00Z,3414,123.34898602881724,89.66299703572406,26.020347274854377,39.256764030359065,178.23656881188424,107.08287595049268
P007,2026-01-01T12:22:00Z,3415,93.28034099411421,93.60761450888135,22.967409381197523,37.40447274218241,149.4455134145349,89.177328742361
P008,2026-01-01T12:22:00Z,3416,84.4220625064871,92.61705652813478,20.560092412928395,37.942181055803715,140.35892871102163,94.27050064414118
P009,2026-01-01T12:22:00Z,3417,70.13222619623727,97.71598122394226,13.717980485890147,37.44664393912749,122.72611896770259,80.47428043321072
P010,2026-01-01T12:22:00Z,3418,70.04753201434015,97.93887127120612,15.996164419851173,36.29806431223801,117.72328946555538,87.17984586052464
P011,2026-01-01T12:22:00Z,3419,76.29575644705666,96.87288336913777,14.475564366444454,37.35793214746577,115.65215115921075,73.79040770084079
P012,2026-01-01T12:22:00Z,3420,97.68551215947679,89.00787292455783,25.178226085349134,39.60487993431719,167.45844864059467,83.73295065446152
P001,2026-01-01T12:22:30Z,3421,92.08171679079203,94.04876862415645,22.31946173308617,37.9800186175631,140.10937848487782,89.35231808948625
P002,2026-01-01T12:22:30Z,3422,80.5620724699254,95.27401647538805,14.852951354725976,37.123838873263445,139.29883810147723,77.85385069007806
P003,2026-01-01T12:22:30Z,3423,103.52572583818547,94.31948018511275,20.189765816512747,37.86445541132243,133.79974228281316,83.03754369574317
P004,2026-01-01T12:22:30Z,3424,73.65948790522152,97.2186867779303,14.182048073327085,36.41048295214941,114.07299582425696,66.62706414309773
P005,2026-01-01T12:22:30Z,3425,81.10053303849308,96.93437754763279,15.418847418444054,36.95404522567599,141.01005414083656,80.47828334268115
P006,2026-01-01T12:22:30Z,3426,106.43993299387442,86.0158654087903,25.206892400160996,39.04096760846299,176.68252617230027,113.99867651742349
P007,2026-01-01T12:22:30Z,3427,95.71350804834144,93.51269937733186,24.77346834888558,38.044047148722974,141.41534663701304,99.56868225373142
P008,2026-01-01T12:22:30Z,3428,94.93183566965597,93.07770220793637,21.927335333833128,,152.94384971936023,98.323182890067
P009,2026-01-01T12:22:30Z,3429,78.4721377167747,97.55443095851794,12.41562291276734,36.769013696488166,115.36693630340287,83.2937506894016
P010,2026-01-01T12:22:30Z,3430,65.71382529618955,97.64421619567094,18.21281886664413,37.27062455049953,105.7072222374787,81.55146810147676
P011,2026-01-01T12:22:30Z,3431,79.7104947712792,98.96906606061859,19.661507300080707,35.864008469928436,141.6099206465252,83.76624662166407
P012,2026-01-01T12:22:30Z,3432,124.55102702278256,87.22560829002595,26.555089079623034,39.04845855315551,155.18853303028752,89.78710624671422
P001,2026-01-01T12:23:00Z,3433,102.92737574506172,92.65092689019116,20.32841027167605,37.54941472418882,129.85064170545792,92.03647801138425
P002,2026-01-01T12:23:00Z,3434,78.12258804631057,98.24258815403343,15.351455540505004,36.61721384464534,121.70155222775335,73.92573855619993
P003,2026-01-01T12:23:00Z,3435,106.7227015677027,94.14438011213122,21.56603512982315,37.85769983813843,,86.43682945787526
P004,2026-01-01T12:23:00Z,3436,67.51180370512554,97.1734501040897,14.898443785896957,37.41014473006895,129.95462753311696,79.43215366326424
P005,2026-01-01T12:23:00Z,3437,77.5859488983933,98.29370214689528,17.993164052370656,36.93221465073053,118.2056122727857,78.73817374903439
P006,2026-01-01T12:23:00Z,3438,121.89588076407307,84.76894729415578,24.208723868930125,38.90312116172342,177.3926200239946,101.81402925388001
P007,2026-01-01T12:23:00Z,3439,110.5623032802441,92.51805658726785,21.641050037293844,37.47981374667398,166.42018216752672,78.4249219681775
P008,2026-01-01T12:23:00Z,3440,92.93766566512016,95.31579568301918,16.331300540878985,37.17453470432575,130.80307323889855,85.08732706970603
P009,2026-01-01T12:23:00Z,3441,75.51915065379224,98.19127040449563,19.768469647517904,37.09148788291364,117.58905882359107,79.55536881874218
P010,2026-01-01T12:23:00Z,3442,65.55113429265218,96.8465215254456,16.04747377957024,36.3597291616223,116.5238752203754,85.70133300117739
P011,2026-01-01T12:23:00Z,3443,78.4444113849429,97.35412611875434,18.983556289465206,37.07253414676654,125.04508090068009,77.48142254828275
P012,2026-01-01T12:23:00Z,3444,114.74570265690231,87.75905168652162,33.40281632861908,39.09605272948546,163.12363879986646,98.19019625188953
P001,2026-01-01T12:23:30Z,3445,112.32175603354419,93.31448431664471,22.325588550739678,37.77508407006605,131.53374524494777,79.19297512482115
P002,2026-01-01T12:23:30Z,3446,78.77939896944467,97.20938028990665,18.578138438991505,36.77313885514536,118.99995654876868,77.61289069832823
P003,2026-01-01T12:23:30Z,3447,93.7812803623202,94.21923920786625,,37.76301584468972,159.65895820285337,80.9273437726277
P004,2026-01-01T12:23:30Z,3448,71.97522050723924,96.49381815595888,16.123002434493536,36.24969806405154,131.47539816395175,74.91689643581164
P005,2026-01-01T12:23:30Z,3449,74.01852107590523,99.13624854896678,16.705747723457687,36.89160528407941,114.4300599360846,76.75770644912296
P006,2026-01-01T12:23:30Z,3450,144.19849901282248,85.87399792499636,34.25999550720938,38.532080323256814,133.7162737502677,114.16833998397439
P007,2026-01-01T12:23:30Z,3451,98.69492916944331,,20.67475576288178,37.885447387111526,134.24607855794858,77.30321325319471
P008,2026-01-01T12:23:30Z,3452,79.67281709700737,92.16363278753624,,37.772979062023225,138.47120558254903,76.70822960241112
P009,2026-01-01T12:23:30Z,3453,72.7961014419581,99.02591825892881,17.282068710181775,36.811167815416255,113.1138131044452,84.64648563159051
P010,2026-01-01T12:23:30Z,3454,87.06021906293448,96.32566090719422,16.07971666378024,37.1163581903991,128.3937754010966,74.11311058969599
P011,2026-01-01T12:23:30Z,3455,69.46712551185112,97.43221633689045,12.200937094337265,36.957780398458816,122.47137263893887,78.9816577598465
P012,2026-01-01T12:23:30Z,3456,100.61221092900131,86.66831280259733,24.842749973169223,38.690192884411836,162.63235843700312,100.44070199756538
P001,2026-01-01T12:24:00Z,3457,104.83461561761365,94.3601365264108,22.640375968385726,37.62830406435754,134.55875640788466,91.47364867039869
P002,2026-01-01T12:24:00Z,3458,71.33218114403381,96.16974548475285,14.852816258038448,37.60138695603005,119.86184548195557,82.54967006454214
P003,2026-01-01T12:24:00Z,3459,103.31185929208604,95.51110634476251,23.09350825176434,37.85655394872458,130.13385610927344,75.93955645662413
P004,2026-01-01T12:24:00Z,3460,72.62489204198415,97.99653393142998,14.08193899437738,37.33071133291819,129.47758773610238,72.05938985445194
P005,2026-01-01T12:24:00Z,3461,73.57015211892133,97.98101604317503,15.658620423937588,36.84131382317882,122.36152449801088,66.02949585083323
P006,2026-01-01T12:24:00Z,3462,104.40230929288134,93.48203831559262,26.724119652151742,39.052342987686536,176.89493155921474,103.28349405995846
P007,2026-01-01T12:24:00Z,3463,93.93516156305827,95.27874200655637,15.914761205756948,38.435775068816675,131.13504288483898,84.33646722598313
P008,2026-01-01T12:24:00Z,3464,96.17846805648567,92.9363839979294,20.552865988430543,38.072635318898286,159.30722205575296,92.22870721212331
P009,2026-01-01T12:24:00Z,3465,83.21133986352669,97.35742201069023,12.952238696578439,36.53123872445358,122.60686053672278,80.50093524620404
P010,2026-01-01T12:24:00Z,3466,85.13371086920174,95.76455456430637,12.963025161092936,37.1282805186042,118.03379060237667,86.19824558305041
P011,2026-01-01T12:24:00Z,3467,75.72998867526437,96.80787617510514,12.796127793292936,36.57031626016473,113.97359560113443,68.13419678966915
P012,2026-01-01T12:24:00Z,3468,127.20133842346178,92.21572336297203,34.95665586153512,38.67225540068873,161.0547828619888,98.28228890465716
P001,2026-01-01T12:24:30Z,3469,92.38826083592687,95.33647517349353,25.547023595486046,37.95142389753265,134.6314856359294,79.69140480437132
P002,2026-01-01T12:24:30Z,3470,82.95903289735831,97.26481083368321,16.392342048261145,37.35441385205132,99.09567316961682,
P003,2026-01-01T12:24:30Z,3471,98.49710584494612,,21.726831615644354,37.588223481884846,140.93581923948608,78.62808974542504
P004,2026-01-01T12:24:30Z,3472,81.36809900770398,97.28364608408604,17.877830104111872,36.97058051538395,111.61299208861021,83.33920579587645
P005,2026-01-01T12:24:30Z,3473,75.85170356157559,,17.59327966461438,36.68586189186912,119.85701714820246,79.51543777464848
P006,2026-01-01T12:24:30Z,3474,114.81307863561145,88.9163532611944,21.78052698953768,39.88160546659071,152.93949015279148,91.42433117519947
P007,2026-01-01T12:24:30Z,3475,96.24215196609627,91.6008763272346,19.990200172952818,37.64438396213123,126.74687814412198,77.89023816257038
P008,2026-01-01T12:24:30Z,3476,98.15692248211455,94.13468271339421,24.04329104041539,37.796836060496354,156.12676929294025,85.3974125661885
P009,2026-01-01T12:24:30Z,3477,78.2246301807638,96.04912697521182,17.341260568031593,37.46229506199897,124.9125617661848,76.46289757157768
P010,2026-01-01T12:24:30Z,3478,83.4154886477207,96.59500234724872,15.802948531423326,36.90012383885673,130.78902178408083,81.55700477898296
P011,2026-01-01T12:24:30Z,3479,74.50195355808437,97.3207346524875,14.859623810765626,37.71818752553563,134.2307680709107,84.55745979748023
P012,2026-01-01T12:24:30Z,3480,130.98579533972799,83.58150973138916,23.848711590549264,39.21391703417592,170.23551438251062,94.20309413384116
P001,2026-01-01T12:25:00Z,3481,93.80330096204338,94.34954866521852,21.916891969180288,38.00265249040055,135.031587897247,96.13513882698493
P002,2026-01-01T12:25:00Z,3482,68.80759936541477,96.65847729130877,14.12548967366241,37.071546344899,127.28324583961832,
P003,2026-01-01T12:25:00Z,3483,97.33225188566654,93.56754305330426,22.676692547148466,37.9739672125887,161.23607523292333,88.73814173725405
P004,2026-01-01T12:25:00Z,3484,,97.25720096429413,15.438959615901897,36.937799619535554,113.36129221155782,82.82004168796948
P005,2026-01-01T12:25:00Z,3485,79.80339798853672,98.97739264073593,15.529949766434802,36.883687027850875,116.53882808731868,80.96205203112888
P006,2026-01-01T12:25:00Z,3486,125.53648822185174,84.65429039288708,26.44180505951041,38.52806628029104,164.88282820488,102.42579695578453
P007,2026-01-01T12:25:00Z,3487,87.27574205371492,94.36490821365061,18.062578623438622,37.2015883602538,125.23365042015898,88.44999481713167
P008,2026-01-01T12:25:00Z,3488,94.95970076089144,94.76783462975155,16.458691020890342,37.36775835556193,145.10521148748705,88.33136521604521
P009,2026-01-01T12:25:00Z,3489,,97.81190223638377,13.881460777150274,37.43766408207389,146.61001823398882,76.55436242201509
P010,2026-01-01T12:25:00Z,3490,79.2859433973131,95.86449184153578,14.91493275963131,36.40152819048047,,73.195474498652
P011,2026-01-01T12:25:00Z,3491,75.78942276294663,96.75775299299097,17.14114049673358,36.77297349549289,119.0345979694283,84.40961873581475
P012,2026-01-01T12:25:00Z,3492,108.97838960268375,88.49614889147512,29.57105095936443,38.877838574180494,170.87481845166383,103.23742491733692
P001,2026-01-01T12:25:30Z,3493,100.09772448945876,95.39595780570089,21.19790727510062,37.53617472819999,125.99839510167284,81.48437039097165
P002,2026-01-01T12:25:30Z,3494,83.413491800043,96.09234033628123,16.627584516761726,36.989698241653485,127.64966398274579,79.53355266762607
P003,2026-01-01T12:25:30Z,3495,86.39049861590998,91.38657018021749,19.063294462148622,37.16318541069623,135.60746401496058,91.26085769461176
P004,2026-01-01T12:25:30Z,3496,76.72901064783586,96.93967765637697,20.006275994962483,36.84304595741839,123.3436617124975,68.10709766153201
P005,2026-01-01T12:25:30Z,3497,69.3961520012829,96.17283650265595,15.653205721741932,36.930918924525955,120.25647453590499,73.0028220277214
P006,2026-01-01T12:25:30Z,3498,100.46703291407803,91.73079846356582,31.399925279205174,39.31626368967138,164.40895699779688,94.94800945367301
P007,2026-01-01T12:25:30Z,3499,,92.71378054740245,21.46695230413491,37.7709557449807,131.59689993671947,86.22753573406871
P008,2026-01-01T12:25:30Z,3500,98.63950991906326,93.61797973792136,23.67358143005858,37.780304254234295,127.29986216186073,
P009,2026-01-01T12:25:30Z,3501,70.47654027202915,97.82756812749041,14.17919840908017,37.51795477082718,117.48205293062627,82.78908450234488
P010,2026-01-01T12:25:30Z,3502,77.82597937225083,96.37134689830542,16.140131956355678,36.67553324418261,123.35895311547182,73.27516404366489
P011,2026-01-01T12:25:30Z,3503,70.69926115835612,97.90030892484057,17.794330098046014,36.139912572761745,116.71928928616941,85.64901697936504
P012,2026-01-01T12:25:30Z,3504,119.28496074667015,87.63400753561528,26.83169830619517,38.02992769697033,173.59819330963202,
P001,2026-01-01T12:26:00Z,3505,92.88043295828155,94.126500739104,20.791772940442044,37.01726659724385,125.02895027091992,82.31103827434308
P002,2026-01-01T12:26:00Z,3506,74.2897783877347,96.64072703257777,17.078448639586572,36.80508939776701,130.28114741174537,83.83610507588261
P003,2026-01-01T12:26:00Z,3507,87.64898495806,96.38698488185948,23.473950383525263,37.33584401788112,162.8461116064396,81.8276567023949
P004,2026-01-01T12:26:00Z,3508,81.2573804255145,97.08983560805558,11.899351938417844,36.991328367365895,110.7817255138966,81.23155780313101
P005,2026-01-01T12:26:00Z,3509,78.05380464074501,97.134628154869,15.103903145405608,37.04594460188223,118.03980393584345,75.30557392994606
P006,2026-01-01T12:26:00Z,3510,99.67634434778466,84.63727544954212,28.18976182277943,37.965328875910515,,92.85727085094075
P007,2026-01-01T12:26:00Z,3511,95.08294086742869,94.25944722009433,22.114854074733014,37.16302015966468,144.4138646647445,83.19623960240554
P008,2026-01-01T12:26:00Z,3512,91.44629187166576,94.18276050286644,21.797029044567385,37.48160735580435,,93.73541225148652
P009,2026-01-01T12:26:00Z,3513,69.75774992544852,97.96214308043542,16.31937084377761,36.324692591080115,128.06699108373238,81.1706551505061
P010,2026-01-01T12:26:00Z,3514,79.25314859828173,96.35971684909916,18.084486565446337,36.82693954174275,116.46595680170219,73.66487790730274
P011,2026-01-01T12:26:00Z,3515,67.68633531925082,97.22338125359363,16.09371917807828,36.47455337344343,122.0745401181484,81.25307973027532
P012,2026-01-01T12:26:00Z,3516,140.61075479800638,86.53994232425858,33.43732703007852,39.45546871455242,154.01150464375863,111.32694375139049
P001,2026-01-01T12:26:30Z,3517,107.82392645898145,94.22297070497734,20.179494299445338,37.89276682358802,121.08826689150794,82.61889898743985
P002,2026-01-01T12:26:30Z,3518,73.83180296455828,96.57154769228666,17.670082540059806,,117.4711745177348,83.70772327077628
P003,2026-01-01T12:26:30Z,3519,90.07998776409093,94.79333540183825,23.730129091976636,38.49261755287649,133.25091768502082,94.63384968830047
P004,2026-01-01T12:26:30Z,3520,73.78857182491237,97.96354589258912,18.542460828182083,37.3481750784355,111.44349747348977,77.70509217926521
P005,2026-01-01T12:26:30Z,3521,73.17191437678845,99.14390192813912,15.076704293790208,37.07568880551646,126.66736729624475,67.86711030650787
P006,2026-01-01T12:26:30Z,3522,95.48531892062122,90.29855818401464,27.642719476793918,38.699633064706475,153.2079982202217,100.03054096677918
P007,2026-01-01T12:26:30Z,3523,94.42151615416682,,22.291075955399965,37.663972063175706,142.3439651419941,77.4089400210988
P008,2026-01-01T12:26:30Z,3524,96.21530571420311,94.76015058810542,20.100832718341955,37.95987119212275,128.7074374965564,88.14049363884581
P009,2026-01-01T12:26:30Z,3525,87.72496048161487,97.67411577317588,16.502852683818222,37.03467712244198,139.3566696549114,81.12373243090143
P010,2026-01-01T12:26:30Z,3526,75.61707386376092,96.79327637326,17.192974861548226,37.102177356771676,124.36262707455904,80.93936240691018
P011,2026-01-01T12:26:30Z,3527,70.96709855973597,97.96987441648932,17.82325737968987,36.82035205332498,116.68510527492509,78.05754660709864
P012,2026-01-01T12:26:30Z,3528,112.06223899474769,,25.643802692774184,38.356020046185286,171.34731740096436,99.74850557719428
P001,2026-01-01T12:27:00Z,3529,94.0011514451322,92.85265916035246,22.726605421377425,37.23742300789089,142.79883492236453,80.70456161742166
P002,2026-01-01T12:27:00Z,3530,81.41956165956398,96.93146997131116,17.047586982069504,36.78141188042672,123.65546582369323,78.21177343948617
P003,2026-01-01T12:27:00Z,3531,104.00498362985063,92.91173618761674,23.526717472837706,37.90159439132733,151.23758901264506,92.39288815535376
P004,2026-01-01T12:27:00Z,3532,70.0844262635794,96.18612355216412,15.888262460195115,36.67620723977862,142.35713555254864,76.35944958528741
P005,2026-01-01T12:27:00Z,3533,66.399654220539,97.32246590714585,15.326407935633359,36.437425083182454,122.95645527529584,82.57339639254158
P006,2026-01-01T12:27:00Z,3534,109.27337561788937,87.45491030093403,24.098245848730066,39.41296627246328,132.80328863067032,96.99270069448303
P007,2026-01-01T12:27:00Z,3535,92.18105040645982,91.44388342710282,21.70434993131419,37.36835889095778,149.27013400676825,88.96277943728988
P008,2026-01-01T12:27:00Z,3536,96.71962107884534,94.17369338133145,20.512602811527703,37.46013401778667,146.31344356736915,90.47563692803143
P009,2026-01-01T12:27:00Z,3537,58.53159516930209,97.86621175247633,14.434773784137423,36.67318237223563,120.90290745446627,81.714625949313
P010,2026-01-01T12:27:00Z,3538,81.01562884273969,97.04898394369272,17.770620799511594,36.82545285385178,126.90395685781678,72.25722423635676
P011,2026-01-01T12:27:00Z,3539,68.69087257240953,98.09740244681656,14.60291567367218,,127.59915614588411,76.53077554392415
P012,2026-01-01T12:27:00Z,3540,116.51758454273062,86.57793459577628,31.872941737115255,37.917911976733805,182.15026315835155,100.39105433471829
P001,2026-01-01T12:27:30Z,3541,105.58405309302069,94.91333778551893,24.99401645180748,37.42964353874193,160.29135778620645,99.46026974255808
P002,2026-01-01T12:27:30Z,3542,67.91279274905627,97.22965511946757,,37.144555391679496,118.27290261449696,77.34574984804233
P003,2026-01-01T12:27:30Z,3543,102.81417027482996,93.0053742838745,20.048471453471205,37.92184416287455,145.48411119699279,83.92270160322214
P004,2026-01-01T12:27:30Z,3544,72.71978941254734,97.0453578887053,14.077798177920062,36.576585442624804,121.19240376526605,83.93667510920976
P005,2026-01-01T12:27:30Z,3545,87.83514062732037,97.61000944599488,17.628457118210672,36.58038695428044,126.08060277566331,83.40337551748704
P006,2026-01-01T12:27:30Z,3546,109.53988175026703,85.92287379166092,24.79470603253155,39.93347719845578,142.78689729885411,89.98238117330882
P007,2026-01-01T12:27:30Z,3547,94.36590740556416,93.3628558905378,22.173226562154355,37.56260513972593,146.93557961803805,80.391582496945
P008,2026-01-01T12:27:30Z,3548,105.15037540460828,95.36888828456067,19.127396317459358,37.645732604339045,138.17857450684184,74.61789575903478
P009,2026-01-01T12:27:30Z,3549,74.17193947947878,97.31491785902563,11.430801547013672,37.07169782765921,123.99018432794156,83.30808231527342
P010,2026-01-01T12:27:30Z,3550,73.68926039243154,98.25042036047229,13.15321520990763,36.884917230050426,124.26585634042377,83.62860413477115
P011,2026-01-01T12:27:30Z,3551,79.25039017822608,96.19824673034293,16.434042951091328,37.06219847749831,135.1555782992168,71.94806001505115
P012,2026-01-01T12:27:30Z,3552,106.35848166183955,91.68727400855853,21.59522221346612,38.86877831533189,131.00185034582933,99.70514900455694
P001,2026-01-01T12:28:00Z,3553,107.24062785333271,91.95102389246684,21.665052225735312,36.872263804132764,125.45749050055339,80.4711685635244
P002,2026-01-01T12:28:00Z,3554,71.52444117031486,,16.936925606094274,36.83808330698021,126.0665020689653,83.5482365225662
P003,2026-01-01T12:28:00Z,3555,98.27917404134139,95.76493112318366,22.69642990638978,37.61060182095891,151.08079691116916,79.60005392650777
P004,2026-01-01T12:28:00Z,3556,75.13808232370543,96.8112799525353,15.738520403760102,36.869460510682764,,76.71618137544486
P005,2026-01-01T12:28:00Z,3557,81.31740135613634,96.4228107629413,14.578341445465446,36.4556362416171,131.20717203295627,81.63319554621896
P006,2026-01-01T12:28:00Z,3558,114.1011280348404,83.96591586320136,23.2293394590379,38.55858261489961,177.5081236733275,95.54628434272531
P007,2026-01-01T12:28:00Z,3559,104.35158007691908,92.7041571602164,22.171170766888036,37.12880978642345,134.7476999636796,85.60473628618162
P008,2026-01-01T12:28:00Z,3560,88.43141312623058,93.3195158764603,22.456366754521,37.34715593606219,129.0537765828589,77.8808931009592
P009,2026-01-01T12:28:00Z,3561,70.2230499939323,96.9912776259618,15.315795426021586,36.8767866018594,127.96640891730878,81.44028735911648
P010,2026-01-01T12:28:00Z,3562,73.38956980845964,97.47604437857133,21.025712950875082,37.10575326809356,134.10408111731007,81.06535868208549
P011,2026-01-01T12:28:00Z,3563,67.19115162939586,97.61511045983072,,37.105928020379665,134.04788697041198,76.67604089418462
P012,2026-01-01T12:28:00Z,3564,98.27150880235229,86.8871877256695,34.487878535936645,37.85331720404016,148.52847634679307,94.74969102255632
P001,2026-01-01T12:28:30Z,3565,97.23852805510788,93.32603386290167,27.13941029287729,37.632634661292414,138.2553406524254,67.94624842625952
P002,2026-01-01T12:28:30Z,3566,76.16187877733422,97.8081893806819,14.140904069227297,37.083010291904145,127.07830540884056,77.19079627679618
P003,2026-01-01T12:28:30Z,3567,99.72494083584598,90.31740974122407,23.699662290022275,37.564920309251335,135.50858336672857,82.4696139115235
P004,2026-01-01T12:28:30Z,3568,80.48738993613401,97.3656699239505,15.58640854855191,36.73500451559765,110.99821606887917,73.88597938767752
P005,2026-01-01T12:28:30Z,3569,69.86724170719148,96.26537192494091,,37.17685650382472,127.29530185867264,76.60440520904113
P006,2026-01-01T12:28:30Z,3570,111.60264054844257,90.37380431365533,28.998928122734945,39.245300942305335,154.9609219829253,107.30558165339616
P007,2026-01-01T12:28:30Z,3571,93.32810753501464,94.21834222920687,25.18593627825343,37.51587077820525,124.73556109651255,76.22846582022113
P008,2026-01-01T12:28:30Z,3572,92.3308346407586,95.00510927218825,24.537664669892564,37.94588249273848,133.30794244226848,84.61003699007094
P009,2026-01-01T12:28:30Z,3573,71.85664982363923,96.15515696080472,21.740707625063607,36.31430423717154,113.1728850318137,81.57613979358203
P010,2026-01-01T12:28:30Z,3574,65.81547909412768,96.65462093699469,16.98963782221515,37.491957185810406,113.3114735427011,71.1513466203506
P011,2026-01-01T12:28:30Z,3575,74.0007941486301,98.25404610120098,15.72795551263856,37.0804514931298,124.50626456696429,75.57799610068865
P012,2026-01-01T12:28:30Z,3576,108.21784478288956,86.39658935186925,27.275009848086246,37.831175690846116,179.10970107458687,
P001,2026-01-01T12:29:00Z,3577,89.82472550364164,93.1649021117798,25.897188880703723,38.39069626738001,138.2956388582442,88.47289604750847
P002,2026-01-01T12:29:00Z,3578,82.3950193235198,97.2400494696841,15.807033430394902,36.79428931820569,131.53701153346938,79.29394396987495
P003,2026-01-01T12:29:00Z,3579,86.28501146906022,93.12026894807443,21.106792221119235,37.45993691246898,128.339213354547,80.3573514880415
P004,2026-01-01T12:29:00Z,3580,73.5488303317708,98.77016799129082,17.49826410904677,36.83050086828002,140.38883993524038,81.4042815959031
P005,2026-01-01T12:29:00Z,3581,71.46613787270765,96.57498013281358,19.544913440083732,37.20227288541854,124.11795624174918,74.71501488542646
P006,2026-01-01T12:29:00Z,3582,107.37236899906216,88.72563733683951,23.234585640297094,39.1976675549023,154.51928514880325,96.85298027982256
P007,2026-01-01T12:29:00Z,3583,93.34435744484654,94.1461355446722,22.167938782286807,38.02574211857666,132.54021404620363,83.7591504691149
P008,2026-01-01T12:29:00Z,3584,93.00290544677131,93.50759745120004,27.179620293263397,36.4207993599523,140.09895409605144,93.67072818998098
P009,2026-01-01T12:29:00Z,3585,78.9722270970906,97.14386756216012,17.222495508202,37.1880995158038,121.52282023647038,79.83274670952538
P010,2026-01-01T12:29:00Z,3586,69.66142481086614,97.98419617060875,16.380587933500184,37.29755360995944,127.51506464265242,77.02334709751301
P011,2026-01-01T12:29:00Z,3587,,96.17911879351522,15.234471637060846,36.596359466173524,114.0668197865235,82.82460098736004
P012,2026-01-01T12:29:00Z,3588,104.90486590385996,85.32878660179522,23.851420660141752,,150.5163524504349,108.87974540578125
P001,2026-01-01T12:29:30Z,3589,107.07510249273666,95.87115571051802,18.554143383557417,38.15159353835353,134.1867068949149,83.63877314130353
P002,2026-01-01T12:29:30Z,3590,79.06680697835546,98.11560761691123,14.80421855372089,36.37965571553133,138.42498315996014,71.77388892709097
P003,2026-01-01T12:29:30Z,3591,102.14164206422214,94.13113983642535,21.18746269731913,37.501085918305876,152.99862634767308,81.82530376912256
P004,2026-01-01T12:29:30Z,3592,79.51614231882742,97.41288212040618,13.667321497403085,36.97223641508196,120.08484629684055,72.52532632685403
P005,2026-01-01T12:29:30Z,3593,73.54484230775053,97.69747681903907,15.154713958457204,37.073098355352045,109.63641824881856,81.29597768723512
P006,2026-01-01T12:29:30Z,3594,134.40193042995654,89.2358691856844,29.647150085232624,38.20039165959929,168.3708564781816,90.21091838873782
P007,2026-01-01T12:29:30Z,3595,107.11810320362287,,23.226676937469282,37.96437004973592,128.88716974736823,80.76693640172283
P008,2026-01-01T12:29:30Z,3596,85.92916815754249,93.51734420476542,23.90820750408347,38.52912719769236,140.23226340862206,
P009,2026-01-01T12:29:30Z,3597,80.42086903524188,96.13366118027174,11.98366042752417,37.52797579450562,121.57681966349347,81.20338896680427
P010,2026-01-01T12:29:30Z,3598,74.09615932613252,97.43960506839207,,37.04662716460541,131.41063107270676,
P011,2026-01-01T12:29:30Z,3599,65.1759259671099,97.92508924726067,17.25451095780659,37.0567121138824,125.86743854605497,
P012,2026-01-01T12:29:30Z,3600,92.98888900791101,89.04562069449726,27.50042768506485,38.329039859263105,151.8471449265209,107.06183496230416
P001,2026-01-01T12:30:00Z,3601,105.29207894681687,,19.118785300919377,37.331597600630275,135.93751245995855,94.01339829010735
P002,2026-01-01T12:30:00Z,3602,77.93750678624319,98.01033617264208,14.978698828321832,37.25625673501847,118.53557492388748,78.50248760025751
P003,2026-01-01T12:30:00Z,3603,82.24090071106988,92.81221583749264,21.76497039090595,37.83594367615445,138.95577906153414,82.21551840443013
P004,2026-01-01T12:30:00Z,3604,72.69680282571491,97.16349774107623,16.481015751860138,37.097965936556896,125.7477038855238,80.8655325164761
P005,2026-01-01T12:30:00Z,3605,71.96448586140413,,18.775605167860412,36.86217069022313,114.49505903874115,85.19016322681313
P006,2026-01-01T12:30:00Z,3606,112.82977270376057,85.68102957311666,25.31838618818933,38.29239633436911,161.44910273169234,97.341590585941
P007,2026-01-01T12:30:00Z,3607,96.78291281756633,93.22831186786848,26.907493869954255,37.27591390416127,149.5245267412662,85.94723312202464
P008,2026-01-01T12:30:00Z,3608,104.10341292277741,93.8602848627712,19.597527303255415,37.09989920807961,157.6860752623793,86.95610346413848
P009,2026-01-01T12:30:00Z,3609,76.70304207422954,98.45247897670782,17.68643372876798,36.131469698065494,147.2062358208147,75.53679300082582
P010,2026-01-01T12:30:00Z,3610,75.00257534510015,95.95062581507167,19.295827141807028,36.92908497416545,140.83443728395935,75.38631210258083
P011,2026-01-01T12:30:00Z,3611,84.62930382392274,98.18923533857094,18.728837923585406,37.14527587433482,117.05854819450113,84.8392601810434
P012,2026-01-01T12:30:00Z,3612,131.33775472712549,88.75724420748024,26.98022831618074,38.520424378934415,160.0531330643807,91.52472456959586
P001,2026-01-01T12:30:30Z,3613,90.90421895947438,94.62467067130791,20.205855897514017,37.706638090894856,154.82430701635138,80.41404395618841
P002,2026-01-01T12:30:30Z,3614,83.6451101229049,98.64419902799953,16.51308942540748,,,77.25072582250073
P003,2026-01-01T12:30:30Z,3615,96.12027044640917,94.50515824630132,20.444327308657424,37.988408148216685,156.66210726711867,81.38222819331543
P004,2026-01-01T12:30:30Z,3616,88.54406540497668,97.1909434064425,15.633421465414331,36.555619378443225,113.2533009406043,73.89511076814844
P005,2026-01-01T12:30:30Z,3617,77.86247035892785,96.21901202553643,18.322586340144696,37.350918353862475,122.60230359079208,75.12527798805903
P006,2026-01-01T12:30:30Z,3618,128.94288891927292,87.50163726565748,18.21524682584416,38.36850804686705,157.24535334250012,104.16933328748982
P007,2026-01-01T12:30:30Z,3619,84.03392894707557,93.77109286752057,20.908703091744307,37.2725102786593,137.53963391391702,80.04111606683867
P008,2026-01-01T12:30:30Z,3620,,91.96134571417483,18.954690963864216,37.62450138304023,,77.31780170951887
P009,2026-01-01T12:30:30Z,3621,78.33015111351037,98.80376923526893,,36.7613999192271,120.58101285295855,76.39984596700742
P010,2026-01-01T12:30:30Z,3622,75.10316113267707,96.72588318953802,15.852293014077148,36.700016831731986,133.19007777318168,79.12132687105887
P011,2026-01-01T12:30:30Z,3623,75.0908978949109,96.12438454348118,13.744718927642154,37.08825374678092,140.2651530007961,83.03739411353125
P012,2026-01-01T12:30:30Z,3624,139.2752582078714,90.89961645434833,33.754734052127176,39.440290911591475,184.5257076946879,102.2358127536694
P001,2026-01-01T12:31:00Z,3625,109.10045024988095,93.91228383370208,26.593192271711047,37.91476070311237,155.92787557524497,93.69162043017332
P002,2026-01-01T12:31:00Z,3626,78.75704888075809,96.00207333372869,17.63716823098589,36.77716401355354,133.3487427475968,
P003,2026-01-01T12:31:00Z,3627,91.06551155251029,94.38513481649636,22.456691791682484,37.67227198036078,141.68712611829375,85.33915272349121
P004,2026-01-01T12:31:00Z,3628,79.03699582144516,96.92754621173431,18.053054433694868,36.82197839791173,125.76710104116124,66.25096827105452
P005,2026-01-01T12:31:00Z,3629,80.71743586524899,97.08501631899081,17.174516374968547,36.561356935646735,107.09211949115091,
P006,2026-01-01T12:31:00Z,3630,109.9909572924215,87.4044947034447,17.870553552289344,39.01962311459987,163.33961401113962,93.49205292265263
P007,2026-01-01T12:31:00Z,3631,107.35808623835605,95.01423288008289,20.798391519245254,38.240350048660254,138.72334421517232,74.7515401647334
P008,2026-01-01T12:31:00Z,3632,102.60676345710093,93.20894187231264,20.4734587270753,37.14043985052199,139.9069528206411,81.7893876549565
P009,2026-01-01T12:31:00Z,3633,66.18711118267551,97.0289684713526,14.338408431182973,36.63170161904077,122.76776623276449,78.17136158150302
P010,2026-01-01T12:31:00Z,3634,73.01727771171197,97.60972023324128,,37.245420632703876,117.90241089872663,70.50647760613357
P011,2026-01-01T12:31:00Z,3635,72.85435359884474,96.6831175382472,15.547463118077498,37.09884945405559,121.69489375087888,74.7459379621954
P012,2026-01-01T12:31:00Z,3636,123.56217459860673,88.8973431396943,26.292707944713783,38.778403604922914,122.3664540011385,111.24944004253626
P001,2026-01-01T12:31:30Z,3637,107.11720292501802,95.74182562706997,,37.58082776010963,149.5127465424128,79.59599321597696
P002,2026-01-01T12:31:30Z,3638,80.78918543502895,95.78656246576566,14.669863546382237,36.68526693650485,120.17531244285198,77.79862430743691
P003,2026-01-01T12:31:30Z,3639,84.89768812844045,93.52099172181484,24.039418454055667,37.25851038437317,147.81239446023852,86.16048755535047
P004,2026-01-01T12:31:30Z,3640,69.11325423347594,97.46410859593229,16.406547849616288,36.87962397904175,117.35909435642952,77.10946564844086
P005,2026-01-01T12:31:30Z,3641,71.4689723337364,96.79256772800792,15.868879662990835,36.889848487806496,121.56254537142804,
P006,2026-01-01T12:31:30Z,3642,117.48096915244913,83.18107267223357,30.373245758193157,38.71334344867812,170.65009598472503,71.4834931869027
P007,2026-01-01T12:31:30Z,3643,99.64319815999046,94.77496731245584,19.951456676544876,37.38965711226604,151.08348118300705,78.99630672683153
P008,2026-01-01T12:31:30Z,3644,91.08418239481034,93.81889739030186,25.28136101250051,37.75931834503981,130.47618438457567,75.51807933939492
P009,2026-01-01T12:31:30Z,3645,79.04468962748474,95.94976643897375,15.003539783144902,36.587925850857204,125.4594851654148,71.84993618927781
P010,2026-01-01T12:31:30Z,3646,70.2140804207325,97.07166346697547,18.388659846392308,36.647519516874524,105.99974004526771,72.32835334510119
P011,2026-01-01T12:31:30Z,3647,74.55774397916053,96.9944622491273,15.18912438238215,37.108819787102306,117.27141481854966,83.2337196075123
P012,2026-01-01T12:31:30Z,3648,108.65176718670006,87.9733903203429,28.677324306082536,38.28859489333536,145.7526275348836,93.37128114702058
P001,2026-01-01T12:32:00Z,3649,100.00103212710707,94.07862274105153,,38.18009213818348,136.17093377019594,95.39686881430208
P002,2026-01-01T12:32:00Z,3650,74.01872691166595,98.68564921738329,18.652900903833228,36.911879021780464,113.30552520750312,84.00671158099824
P003,2026-01-01T12:32:00Z,3651,101.23367556745775,94.12193454307096,20.76808572175752,37.54375626693856,151.47899887570534,92.64756936827953
P004,2026-01-01T12:32:00Z,3652,70.45002246487734,98.80786788802013,11.793192469492528,37.1634679333875,123.95040673759539,80.81207278468051
P005,2026-01-01T12:32:00Z,3653,79.90118523910795,97.23113363145175,16.19818125082858,37.405121408304545,115.31544113584619,72.19060386392299
P006,2026-01-01T12:32:00Z,3654,123.8838865250326,89.24952518824526,26.691843515335805,38.79215540347511,173.76666889038165,110.22772583260961
P007,2026-01-01T12:32:00Z,3655,98.55623578862512,95.39879170332887,24.206563952692125,37.71313416389682,153.54416215138818,81.79836829707087
P008,2026-01-01T12:32:00Z,3656,106.28819068308911,91.20601982964487,22.7838088481392,38.02080672306527,147.1876313038475,70.88249824728689
P009,2026-01-01T12:32:00Z,3657,78.62137061853439,97.08425046264888,17.07520049130739,36.705759820255764,127.73138874920892,72.91858395351782
P010,2026-01-01T12:32:00Z,3658,81.72518717986104,98.17784409417752,15.585480602614558,37.14027048564439,119.70884645823651,85.53721779344556
P011,2026-01-01T12:32:00Z,3659,74.62564869040636,96.71210607954218,18.24035728009966,37.119641147280966,,72.05286470882402
P012,2026-01-01T12:32:00Z,3660,114.10568887331961,87.8444688755278,30.43485191885207,37.86545465541823,179.75108742643155,118.14980558207056
P001,2026-01-01T12:32:30Z,3661,83.08786248221635,93.79264050889469,21.80731044225601,37.56335334136777,163.82209207613565,84.11608115020758
P002,2026-01-01T12:32:30Z,3662,71.338172998758,97.33736373416357,16.37592475689702,36.405587797505625,113.41703648024466,83.3455412067969
P003,2026-01-01T12:32:30Z,3663,99.52919424446833,91.69050124979042,24.017510284923006,38.15134978449905,,72.84282361641434
P004,2026-01-01T12:32:30Z,3664,88.80756729200019,96.86554382588186,15.50186169445769,37.03818160391398,119.3891003817007,82.66902688474062
P005,2026-01-01T12:32:30Z,3665,77.75579017785354,96.46642522194121,13.069401545761888,36.55602158518032,125.48854698503403,82.12450943537554
P006,2026-01-01T12:32:30Z,3666,108.02274249395799,90.89010436380882,25.910468436236066,,177.49941323954354,115.04322815224766
P007,2026-01-01T12:32:30Z,3667,106.14837007180347,92.05734114942808,19.344848184976712,38.32557753448854,131.575840354379,92.34277962479035
P008,2026-01-01T12:32:30Z,3668,93.01440762405684,93.75478127748411,18.892601946701824,37.321717265875655,138.21744143797648,86.05566517191272
P009,2026-01-01T12:32:30Z,3669,63.05080167632285,97.29400965613657,19.62972022507448,37.03731695056846,122.14061311759367,75.76530116666599
P010,2026-01-01T12:32:30Z,3670,78.22956849268563,95.44898379130298,15.214537908551605,37.06273523876389,128.3335239869513,77.81706325771447
P011,2026-01-01T12:32:30Z,3671,80.99948491949485,98.18733145277797,18.02926767677413,,117.68555938748564,81.75862894481858
P012,2026-01-01T12:32:30Z,3672,109.31845551813555,88.35273988077107,26.82937573624826,38.88378046929473,161.00763698996,117.08194032661964
P001,2026-01-01T12:33:00Z,3673,107.4079557510734,94.20465496786753,25.059511924599832,37.77540099748733,138.3212148282275,76.25678929049482
P002,2026-01-01T12:33:00Z,3674,66.68966550277514,97.40784900385044,14.126467168120918,37.3657320420919,117.02634110021475,84.05101337375028
P003,2026-01-01T12:33:00Z,3675,97.54729233383647,94.44463432283119,24.96958449868896,37.51901240581368,161.8621158855317,90.86626481900336
P004,2026-01-01T12:33:00Z,3676,,96.32938047651857,17.357191800190858,36.603831293264676,126.6247746930599,83.30841056120184
P005,2026-01-01T12:33:00Z,3677,76.48486520723553,95.87924912484021,,36.8528931268764,143.2435150746242,74.76723541212556
P006,2026-01-01T12:33:00Z,3678,108.0367151823274,87.59836754676286,23.015575618859234,38.34980476194546,162.26346963443922,103.45637268650759
P007,2026-01-01T12:33:00Z,3679,91.43415710185862,92.83948210169284,21.921080486637162,38.065773475564185,148.75660494897883,85.62704189326607
P008,2026-01-01T12:33:00Z,3680,99.12979631199566,93.38118322402227,24.500392429780437,37.38873905175439,138.23249345548342,97.31875495591119
P009,2026-01-01T12:33:00Z,3681,68.6478899354761,97.88378006308238,18.154856915447244,36.81439488169389,129.16158434166405,90.1745557242325
P010,2026-01-01T12:33:00Z,3682,75.9634094698807,98.60602161729899,18.337420022790205,36.33016955698939,131.55470317611832,78.71256680336415
P011,2026-01-01T12:33:00Z,3683,80.77153610674831,96.92874971319567,12.600147832310688,36.76575008770386,113.48289023666439,70.23587005519683
P012,2026-01-01T12:33:00Z,3684,115.09481821956231,88.65513232398692,28.065702209581477,38.77006783185165,154.06968685009232,102.63503990145138
P001,2026-01-01T12:33:30Z,3685,103.8814471792521,92.33844119407709,23.055401225585925,37.79881275066728,115.10434279317255,86.70056878022613
P002,2026-01-01T12:33:30Z,3686,77.06588580301245,97.50714188898486,10.384899607488661,36.79362705960665,122.7766758208709,63.8609872112814
P003,2026-01-01T12:33:30Z,3687,95.50955630188128,93.41448052175494,24.558550281278468,37.68691629022425,120.90588322347139,86.03592403400495
P004,2026-01-01T12:33:30Z,3688,77.73553155000128,98.45238168718794,19.07250288224786,36.67693689196146,114.62032794252566,77.23387278700896
P005,2026-01-01T12:33:30Z,3689,78.66698686367766,99.06571220690246,15.410276963588974,,116.55494979127702,79.41892925599903
P006,2026-01-01T12:33:30Z,3690,131.55195236426476,89.98610268608999,26.381294237909863,38.14132035457002,152.5011301430112,100.2923607150126
P007,2026-01-01T12:33:30Z,3691,91.93983142916146,93.45535846511386,23.43328117494724,37.692531003299095,145.00280334261046,96.77038012879605
P008,2026-01-01T12:33:30Z,3692,91.60190065041887,93.88194410058681,18.300765958637466,37.846539609524285,128.77766166998674,96.30050570540416
P009,2026-01-01T12:33:30Z,3693,75.59979378807238,96.83630686596966,15.210912571452397,37.60726116995349,106.92234617013312,70.7848173640762
P010,2026-01-01T12:33:30Z,3694,73.05334877733075,97.28650848152057,13.854785209926565,37.1773300629527,122.18838560375714,72.70779174516827
P011,2026-01-01T12:33:30Z,3695,80.4810641991194,98.16646372361998,19.684862696407144,36.32982697051231,93.5739207152366,81.83450022822993
P012,2026-01-01T12:33:30Z,3696,124.79802689720859,88.88484491238965,27.63877812748664,38.82171282836424,141.3206356695627,101.53832703571963
P001,2026-01-01T12:34:00Z,3697,109.14888705615324,94.93814094961604,18.51481508839501,37.34123967277529,148.48209383160574,94.80506678830237
P002,2026-01-01T12:34:00Z,3698,68.7291805324688,95.72951098706629,22.196563323779902,36.92080232732526,141.21239911997628,87.05429750343944
P003,2026-01-01T12:34:00Z,3699,92.4748028168552,,,37.307333991895334,142.89239212533366,93.65035507680294
P004,2026-01-01T12:34:00Z,3700,85.31117782351015,97.89367788681106,17.1131240838824,37.08002940731682,121.98297392291155,73.28168802335183
P005,2026-01-01T12:34:00Z,3701,74.02396371429859,96.39177944221566,17.47111863280177,37.1838141624997,124.90157012384205,78.42926115070003
P006,2026-01-01T12:34:00Z,3702,95.23676660938102,91.37983378918592,20.894461839107038,38.405130251376875,149.66139602753748,95.48579960651352
P007,2026-01-01T12:34:00Z,3703,101.09039785815646,94.25456410062056,20.60475426982962,37.825396616164724,141.15166542814438,93.60827110155304
P008,2026-01-01T12:34:00Z,3704,94.05771031887477,94.1500585771182,22.386878958184358,38.35026392564069,136.48345592586583,84.85547616900782
P009,2026-01-01T12:34:00Z,3705,91.85912147775954,96.36249128306063,16.06704691704806,37.40520845557169,118.62440879533128,78.86176888806996
P010,2026-01-01T12:34:00Z,3706,75.80228009983111,97.2566258736724,16.390875273437505,36.845008555274866,114.23715887700517,76.52913558670757
P011,2026-01-01T12:34:00Z,3707,72.26107113661799,96.2994486574734,18.58734564053469,36.433266165236844,125.35161490996275,80.04447487503245
P012,2026-01-01T12:34:00Z,3708,112.90552022573327,86.18347025362259,22.711416444989254,38.59997229806263,138.31484698503917,97.44778619300091
P001,2026-01-01T12:34:30Z,3709,103.96075580568765,94.00937548209174,21.90427105860077,38.17700954427967,148.85077442358988,90.63343946601354
P002,2026-01-01T12:34:30Z,3710,78.74058674166461,98.08344313644804,17.869389616935347,36.98780837541931,122.50061179137779,76.05307727080073
P003,2026-01-01T12:34:30Z,3711,109.31372212693772,93.15782785733933,20.41829463214573,38.01173894608471,119.28592993077781,93.02704631921335
P004,2026-01-01T12:34:30Z,3712,73.14346473099762,97.48881849101672,,36.64866701355547,112.99504220431163,78.46927073027237
P005,2026-01-01T12:34:30Z,3713,73.64301600294252,98.39021556656488,17.59597558502216,36.50287947009049,119.45180047182687,81.16791563204015
P006,2026-01-01T12:34:30Z,3714,147.5480357772468,87.01112698518295,29.591230523103718,38.04545137988471,187.55367544587074,114.23470128450768
P007,2026-01-01T12:34:30Z,3715,100.42112592559215,92.91323536643041,20.491914263864263,37.879910664081606,140.74820432556962,
P008,2026-01-01T12:34:30Z,3716,105.7165432325707,93.4991496640934,23.716413945547064,37.65191314945743,151.8955520690931,90.04124077407096
P009,2026-01-01T12:34:30Z,3717,77.94409374860821,97.45347340175674,18.834949226671707,36.91022392080766,123.70025555658631,85.97890023673398
P010,2026-01-01T12:34:30Z,3718,65.50449610579561,98.21074387421409,17.63077760224577,37.2439929404856,134.0971295727831,79.14367572822648
P011,2026-01-01T12:34:30Z,3719,72.7683540547116,96.55906568844478,15.138065080867582,37.04088907951896,121.38551802654105,69.29559091064188
P012,2026-01-01T12:34:30Z,3720,122.42776706817621,89.23680370968461,28.29639014601796,39.3987073383885,150.66018811452375,98.21036611436372
P001,2026-01-01T12:35:00Z,3721,106.97884367773902,92.86937623858832,20.73970584303939,37.35655379319646,137.587862072839,103.69558242465138
P002,2026-01-01T12:35:00Z,3722,80.71906872216671,97.70641087167348,16.69831168505681,36.904835968354334,118.82924347018536,80.54604558591076
P003,2026-01-01T12:35:00Z,3723,91.02154488442382,92.7750263018263,20.03440719724988,37.560539487745274,137.90867011606903,86.78020643220191
P004,2026-01-01T12:35:00Z,3724,67.19662949720896,95.81357617095927,18.094917129756688,37.18238384613218,116.74166600720167,86.19708134367086
P005,2026-01-01T12:35:00Z,3725,75.35682788653622,95.7528227001293,14.398540808458918,,114.55285867996976,66.89605937311482
P006,2026-01-01T12:35:00Z,3726,111.74261808662389,89.8923396933762,30.91473716031267,38.31111801858064,186.13409216140968,112.03650486976977
P007,2026-01-01T12:35:00Z,3727,99.29491463033023,92.56915808771288,21.808050629072095,,150.6284384221151,82.90885943220819
P008,2026-01-01T12:35:00Z,3728,105.46387653783583,92.12449890421316,19.185004260954024,38.224333669412935,150.71150289504916,92.92839969109372
P009,2026-01-01T12:35:00Z,3729,75.16181409496146,96.21000574794697,14.404635088465326,36.85431209161685,134.58092250908135,68.93653473308328
P010,2026-01-01T12:35:00Z,3730,76.84613308246898,97.83106010818602,14.90421510447046,37.27823400172356,117.99381518864031,
P011,2026-01-01T12:35:00Z,3731,72.48431492122266,96.57063287413175,15.962706333910319,36.666906499793036,115.28029018335339,59.006993255225424
P012,2026-01-01T12:35:00Z,3732,125.66991625028855,91.2836545435361,27.581304944396454,39.02891394923952,171.22785471744723,95.06206713517194
P001,2026-01-01T12:35:30Z,3733,101.41134243273687,93.74415559476861,24.70088053587848,37.38024362985818,147.65908979281892,77.65519936334789
P002,2026-01-01T12:35:30Z,3734,73.42602022462071,96.77596291072045,12.24700913703711,36.834940213889396,113.54284746695572,76.49562397904592
P003,2026-01-01T12:35:30Z,3735,113.68642540456321,95.11734613617915,25.833769936764376,37.224325230943656,139.48648207628162,77.35266882774896
P004,2026-01-01T12:35:30Z,3736,74.94662248022998,97.86568276804122,17.975679420134007,36.906097193175604,119.9839942896942,58.5884312909309
P005,2026-01-01T12:35:30Z,3737,78.98115068933352,,16.0024400478686,37.252674701425356,118.25923255624414,81.26110505277016
P006,2026-01-01T12:35:30Z,3738,112.70128072788401,91.00400061082797,28.47144964341347,38.753965382084466,142.61567838704372,104.88046429478493
P007,2026-01-01T12:35:30Z,3739,94.45314622133134,93.41737049700582,17.4876954457149,,155.79273225029033,88.12305577598424
P008,2026-01-01T12:35:30Z,3740,98.49289554997887,91.72890422164254,20.991780380808,37.841417870419136,123.15870465784212,80.44040749871863
P009,2026-01-01T12:35:30Z,3741,73.94933132954466,,15.966959413587611,36.39587334147675,112.65457010284051,71.80523152440534
P010,2026-01-01T12:35:30Z,3742,81.49427676554971,96.21653163230377,14.315353769599163,37.064864869263175,120.11412881754632,74.24935948399299
P011,2026-01-01T12:35:30Z,3743,70.8253158926433,98.2520534649114,17.90084975511931,37.47947697158929,114.78040845504908,72.44221469268182
P012,2026-01-01T12:35:30Z,3744,118.70077957227753,90.43684615940361,,38.7086075005636,164.25188203369711,101.03903885495953
P001,2026-01-01T12:36:00Z,3745,96.65710400338958,92.58507992298217,16.870220532559138,,125.33074437891044,74.57746836823333
P002,2026-01-01T12:36:00Z,3746,79.57039410554151,96.17294152170574,16.660090223536407,37.17080749606476,134.64586754179302,68.70522337872205
P003,2026-01-01T12:36:00Z,3747,100.8291310524125,92.8524219854638,23.86787578061953,37.851678091035595,129.2374108819834,82.37159596497565
P004,2026-01-01T12:36:00Z,3748,76.03033700693429,98.51725715695115,18.880373380830534,36.5822390503704,117.58695207004297,75.49640793079458
P005,2026-01-01T12:36:00Z,3749,80.45097121993157,97.16655365715208,15.869666240492695,37.1021257003711,135.8870237957464,79.8299490061693
P006,2026-01-01T12:36:00Z,3750,147.4834302509404,88.50408577921463,31.02378593749085,38.82099409237157,171.141585167338,98.7413077840388
P007,2026-01-01T12:36:00Z,3751,99.31372485202404,93.37762958527317,19.853461670308057,38.27349057031347,153.67827569321022,94.33793390299208
P008,2026-01-01T12:36:00Z,3752,93.73372530744702,92.05218665216667,20.898180088751722,37.78773014816977,138.83547756917002,87.57212019956944
P009,2026-01-01T12:36:00Z,3753,78.36944518159433,97.56261915669735,14.97614061135311,37.38952201019285,125.21321625617948,79.06320555777522
P010,2026-01-01T12:36:00Z,3754,75.36158507699952,97.85519933699806,15.346782969952264,37.00609929534669,117.87515879473389,75.14830859680914
P011,2026-01-01T12:36:00Z,3755,78.33643251771043,,,36.859161058208464,117.04316542632593,73.40709483348263
P012,2026-01-01T12:36:00Z,3756,117.57109629641607,85.4557064297803,25.143273025021735,38.05242121207215,166.13615094090596,94.85768016659839
P001,2026-01-01T12:36:30Z,3757,102.32045429980809,,24.260935694569724,37.82624552547159,152.05737572450124,83.68141061572481
P002,2026-01-01T12:36:30Z,3758,73.22021098165499,98.17612270684646,17.07750197899611,37.272133274705524,131.34973399710904,83.62420175979891
P003,2026-01-01T12:36:30Z,3759,83.25913819831574,93.26902075206986,21.856173511589084,38.11084558080634,140.27316453088417,83.24537801663143
P004,2026-01-01T12:36:30Z,3760,74.03278273949805,98.50520938740809,16.09778468838312,36.76553491346236,113.04405599099937,79.1910792789928
P005,2026-01-01T12:36:30Z,3761,72.72116575988665,97.84497439088285,16.97052611508105,36.93120199291086,129.6152860877502,87.34169911895117
P006,2026-01-01T12:36:30Z,3762,111.26219312863121,86.88481298226291,28.04611166415028,38.917338204941075,148.037501328468,97.37183419801127
P007,2026-01-01T12:36:30Z,3763,,90.7913745996182,19.712475358184196,36.94062599551805,134.8155848692887,89.90501601762425
P008,2026-01-01T12:36:30Z,3764,88.11178030283799,89.47427447213535,23.496391482154813,37.764502021464544,158.82478724305733,90.70004828352381
P009,2026-01-01T12:36:30Z,3765,81.60538467219958,97.29604215819249,14.20091523143503,37.248173804880444,131.63077110305713,79.11314142280675
P010,2026-01-01T12:36:30Z,3766,82.18504894047135,97.9569494013092,17.11692511300534,37.18775343550527,118.71217191994371,70.96009017478562
P011,2026-01-01T12:36:30Z,3767,71.21180868790833,97.11777636957436,16.9587075656098,37.52831590933951,113.20422604545408,73.74099593992557
P012,2026-01-01T12:36:30Z,3768,107.68342878164877,88.06831662030787,23.364932434426134,39.091513999704304,185.5961407763408,87.64376188208448
P001,2026-01-01T12:37:00Z,3769,97.83386702951482,92.7109870930622,22.83243797148752,37.38029090167129,139.60477460617687,72.98876211093909
P002,2026-01-01T12:37:00Z,3770,75.63062011852901,97.7527380534694,19.424187478625747,37.028474978688344,113.14297820379258,81.99894755773761
P003,2026-01-01T12:37:00Z,3771,109.27825967719365,,23.505483117376336,37.70101521390535,145.93168968148476,89.00311187558862
P004,2026-01-01T12:37:00Z,3772,68.86256964899637,,18.97650841633139,36.88877180293797,124.98848049300256,83.16986777957958
P005,2026-01-01T12:37:00Z,3773,,97.19694218311605,13.600350379843594,37.23229867905049,115.38916139089775,73.48919031555364
P006,2026-01-01T12:37:00Z,3774,133.3144409389519,90.45643537434574,20.227656344654125,39.31685605516154,161.67952278605875,117.10570150836352
P007,2026-01-01T12:37:00Z,3775,99.36198880971911,96.81837884789991,18.370137702307346,37.10580832085279,147.91693616230023,75.88316353229068
P008,2026-01-01T12:37:00Z,3776,99.49446994597203,92.73088788697711,21.852190372609424,37.37181680122152,132.82415025620065,78.18503674813455
P009,2026-01-01T12:37:00Z,3777,74.38271148216246,98.54115822916019,15.232747894669654,37.14482205742676,128.3945009451629,69.80066032242632
P010,2026-01-01T12:37:00Z,3778,71.16815369002187,97.39416712894439,16.62085171955664,36.741003500416426,134.66842950506924,91.18167181945654
P011,2026-01-01T12:37:00Z,3779,75.3746697956841,97.86401434174024,16.45315138078532,37.30585327537325,126.77585785225536,87.18330335344679
P012,2026-01-01T12:37:00Z,3780,125.98298568780842,88.74779862957246,30.706576397670617,38.04834167214914,159.52514811198333,91.38129696690224
P001,2026-01-01T12:37:30Z,3781,91.95692602538159,91.77900360040358,18.87633263829885,37.906067089211206,133.70724771675052,89.22137450229836
P002,2026-01-01T12:37:30Z,3782,69.58816819778956,98.26394947348358,15.499560058744482,37.14267296639724,120.23495178451236,74.85694135148577
P003,2026-01-01T12:37:30Z,3783,87.87187833157331,94.7418397890287,22.078173253188254,37.97543934753186,167.23253632805873,90.55685163476006
P004,2026-01-01T12:37:30Z,3784,85.24813750136198,97.65634158310446,18.383101151115824,36.8326160037013,108.34424153517284,81.3822774676016
P005,2026-01-01T12:37:30Z,3785,79.10334048851465,97.50143043164366,16.030400705090894,37.29679480884376,124.16868296250989,79.16072483550892
P006,2026-01-01T12:37:30Z,3786,105.68231184262899,85.54675045494365,23.345551571276037,39.50852790283569,156.46970079200167,91.1958761476876
P007,2026-01-01T12:37:30Z,3787,101.02757918397872,93.61610724330032,21.231198046026297,37.878734247123376,157.59596634684493,78.44347838594337
P008,2026-01-01T12:37:30Z,3788,91.0373505083086,93.49371253007533,21.277901482573533,37.567766512915426,141.0068904326479,102.26677797513943
P009,2026-01-01T12:37:30Z,3789,73.65705734591462,99.01297449765586,16.821306612452794,36.836045573994106,138.06428200877298,75.88497768742351
P010,2026-01-01T12:37:30Z,3790,82.68217437762397,96.9467272058281,18.67559034198141,37.21388553941372,126.94385373538711,77.45879835364508
P011,2026-01-01T12:37:30Z,3791,77.67835955233753,97.83644178243748,19.09769319790594,37.075996262504084,103.24090099850638,79.18587496298431
P012,2026-01-01T12:37:30Z,3792,125.11427741305216,89.44279752589033,27.18977089222517,38.84204685636836,167.8234149132483,113.49579582221155
P001,2026-01-01T12:38:00Z,3793,102.76195864822866,92.34847891336217,24.534738775655853,,149.16235871271525,87.90587441722813
P002,2026-01-01T12:38:00Z,3794,79.61244088576007,98.24101565625678,17.721153996942846,36.994510524046355,117.95057208159918,78.77365306150887
P003,2026-01-01T12:38:00Z,3795,104.6384967658735,93.72664803619928,22.95811874501468,37.27896838724014,132.59450908230573,80.89228918554552
P004,2026-01-01T12:38:00Z,3796,75.79805567571083,,19.247530016177617,36.67802477875973,124.22908800920645,76.90557278027127
P005,2026-01-01T12:38:00Z,3797,,98.07022759609673,13.849976970100888,36.97105353257082,131.39014835279275,81.41417720531662
P006,2026-01-01T12:38:00Z,3798,113.34370473104367,,34.25629085280678,39.147015140812016,180.34615560494666,86.44167867047625
P007,2026-01-01T12:38:00Z,3799,103.377516341566,93.03911080027484,,38.35730823334249,138.36126657256293,
P008,2026-01-01T12:38:00Z,3800,106.14520414970298,93.63768132758649,25.759749604184545,37.57419304057237,130.05239921848434,91.26017362499384
P009,2026-01-01T12:38:00Z,3801,71.77205825014303,97.64636424626197,15.031565967938313,36.48815185457248,116.88581987100046,81.5909316672335
P010,2026-01-01T12:38:00Z,3802,81.45296774880767,95.12325477051903,16.474309933350987,36.85744970922418,103.67831736031735,70.25751182802226
P011,2026-01-01T12:38:00Z,3803,70.67243488295429,96.91401884344562,12.948528121572862,36.635501852297594,131.55413676237777,72.93427749871398
P012,2026-01-01T12:38:00Z,3804,111.65317488712382,89.03516380921103,30.043396639089863,38.52412548592539,156.4884501096524,95.80782030541651
P001,2026-01-01T12:38:30Z,3805,103.52483455907462,93.23814071608022,19.267059976235377,37.30388652628113,148.430962571715,76.30711206240309
P002,2026-01-01T12:38:30Z,3806,79.66978847514997,97.55772611294694,14.48074480370737,36.48979405126508,132.49664037900143,80.642077212167
P003,2026-01-01T12:38:30Z,3807,88.12410082354977,95.73713997084005,20.53523388931429,37.71531071654927,146.86824256090807,85.77923802865426
P004,2026-01-01T12:38:30Z,3808,73.35677740539046,95.12663663781252,12.273906475506532,36.51058524408734,,76.36378532973141
P005,2026-01-01T12:38:30Z,3809,89.20407444797664,96.88858914033207,17.46443892912128,36.86283619361537,115.67974187634752,83.21720918683067
P006,2026-01-01T12:38:30Z,3810,126.90603437075447,86.44611115210462,31.46142672357505,38.987680002847426,178.09554733585927,106.00402844613052
P007,2026-01-01T12:38:30Z,3811,99.67068005239163,92.86000189125882,22.15014800229446,37.69124026735338,122.22062663085386,93.09601863770177
P008,2026-01-01T12:38:30Z,3812,109.12894770500587,93.57335001842715,20.664476013732145,37.569365391506324,151.1520202435605,88.75495880719659
P009,2026-01-01T12:38:30Z,3813,81.61894588903276,99.56247492516673,14.03349617473039,37.01473544991395,123.4343889838488,83.30124081777274
P010,2026-01-01T12:38:30Z,3814,72.89313455370616,97.08702142704543,13.11778116922289,36.91677777304319,113.64220114073527,77.80213647056497
P011,2026-01-01T12:38:30Z,3815,81.47966158864152,97.58152895305093,15.069094562668386,36.71109425437702,119.01662851384863,77.64501593713092
P012,2026-01-01T12:38:30Z,3816,114.25055485681801,87.84582882427182,30.38297027875157,38.979324717674466,178.82381357047035,101.87824698957576
P001,2026-01-01T12:39:00Z,3817,95.97631850632294,94.17437746995373,19.099406947363263,37.813103015299646,131.7364056606339,80.01503940663925
P002,2026-01-01T12:39:00Z,3818,77.09326605450508,96.1080734728629,15.912470023538992,36.52470329495808,140.45301785296772,83.16843495144086
P003,2026-01-01T12:39:00Z,3819,100.76163035607043,93.63576832510253,22.200374129062034,37.81486196229645,134.8577251458912,78.50550779892343
P004,2026-01-01T12:39:00Z,3820,82.87575925000104,97.22956791668123,16.329845107966662,36.865440004579526,117.56477627208317,83.88145364162722
P005,2026-01-01T12:39:00Z,3821,78.52702853463437,95.84012593412073,15.359588466025905,36.89243961749991,122.11173531240068,85.91037218578248
P006,2026-01-01T12:39:00Z,3822,99.29001111617224,85.9038366529714,30.547407805281438,38.970751005211504,152.63029361180816,102.89891267115563
P007,2026-01-01T12:39:00Z,3823,84.89673230586588,92.962713595914,25.770923319597646,37.692539714501706,150.04444270041898,96.08722380289788
P008,2026-01-01T12:39:00Z,3824,100.24414927072137,94.61883569482727,23.321570022287816,37.7464337371085,162.03062244822726,79.24513252134017
P009,2026-01-01T12:39:00Z,3825,72.62731869642313,97.31829824632032,14.232760837814238,36.830000573377575,112.08198187764577,81.9175478317552
P010,2026-01-01T12:39:00Z,3826,75.44801700517647,98.16979199655133,17.292229120601302,36.40385238971165,123.52489858236731,71.24956133069003
P011,2026-01-01T12:39:00Z,3827,71.31494812650409,97.56034521972465,17.559124967905994,36.98397661059265,114.92006732968449,72.97379368602138
P012,2026-01-01T12:39:00Z,3828,107.25731053263546,88.04506973144645,27.590784097194238,39.19951038155858,159.1365543783055,107.35412235531129
P001,2026-01-01T12:39:30Z,3829,107.52289779532279,91.30262404502682,23.786958162307602,36.73982304951962,157.75033804959455,95.07119732132537
P002,2026-01-01T12:39:30Z,3830,74.8837878116647,99.12644113534878,12.175573251353432,36.7051919584393,111.32877209266886,83.07464231112476
P003,2026-01-01T12:39:30Z,3831,104.22327049037679,92.72956642436856,24.822056017288006,38.25757617301137,139.66145030033567,95.93219030914256
P004,2026-01-01T12:39:30Z,3832,74.50496307031678,97.85711660135216,16.05146251525247,36.82344232140383,109.66647831800829,67.15526116100247
P005,2026-01-01T12:39:30Z,3833,76.50901315270642,97.30759852898146,17.403608407649852,36.9922071772402,128.3318910520809,80.01448954339227
P006,2026-01-01T12:39:30Z,3834,121.7519786935002,86.45045324626258,31.63756420990568,38.668221448897356,165.68402159078343,106.07718833580242
P007,2026-01-01T12:39:30Z,3835,98.50675552806159,91.91082761304997,21.50368125617816,37.49045633545523,139.7128208427582,84.61518986520049
P008,2026-01-01T12:39:30Z,3836,80.052369424642,92.78195655841937,21.219187695260977,37.73928040729324,134.9598120404468,89.81730024939193
P009,2026-01-01T12:39:30Z,3837,71.1747067054298,95.66059650707878,15.815633571868009,36.55259978136126,108.64805793956381,79.11577659620416
P010,2026-01-01T12:39:30Z,3838,78.43304607088855,97.49297860025457,15.125479467684373,36.78459127236335,116.06348201740242,81.67208353644078
P011,2026-01-01T12:39:30Z,3839,69.20884953524586,95.97090313720238,14.688541478726682,37.08592533617125,121.2947453882189,
P012,2026-01-01T12:39:30Z,3840,,89.02576912588282,26.826766684206575,39.328744634092104,193.2079793918158,102.06349372498002
P001,2026-01-01T12:40:00Z,3841,98.14570447425153,,23.64958243289348,37.844828253427266,124.38998244258008,90.9148893167774
P002,2026-01-01T12:40:00Z,3842,80.81280394170341,98.18623223412094,14.514757043177605,36.55040095233086,114.09939087426126,79.18589876960255
P003,2026-01-01T12:40:00Z,3843,103.99453423166933,91.18662875218799,20.967508417718584,37.6451824809373,136.2230955370391,92.10106333586388
P004,2026-01-01T12:40:00Z,3844,75.6298469001759,96.50318899839999,15.786167340295803,36.75917817477678,122.53985895732495,78.0569183610818
P005,2026-01-01T12:40:00Z,3845,,98.97521668049902,14.122321123025559,36.76558837511641,105.22642779609828,75.27327043477806
P006,2026-01-01T12:40:00Z,3846,119.53905588083552,90.17293847458477,26.618534591210953,39.296124419263805,160.8959436995357,108.2506659271135
P007,2026-01-01T12:40:00Z,3847,100.46515177808043,91.32212287244627,22.733875768506167,37.62384806016472,153.41995907477926,81.5652104831196
P008,2026-01-01T12:40:00Z,3848,94.15272366215818,93.71478148065412,19.109084621842964,37.24463978969568,156.37560054449744,90.0030204112934
P009,2026-01-01T12:40:00Z,3849,72.81443059543382,96.9438483431628,12.382485620703347,37.52479374608351,116.43844842808376,80.88113028684624
P010,2026-01-01T12:40:00Z,3850,88.87280944457531,97.78004380117625,17.719722929445485,36.808448558555256,110.18053489560322,76.3244107122503
P011,2026-01-01T12:40:00Z,3851,74.01978061962834,96.20569834221301,15.049198123852696,36.641007745115886,111.25408450964625,78.97633074487226
P012,2026-01-01T12:40:00Z,3852,107.90607412418001,90.47805706888997,22.869981503788996,38.6212180534093,148.1310406194117,100.91344670059122
P001,2026-01-01T12:40:30Z,3853,96.19713383305991,93.34354096627439,24.812500545012323,37.510930354526046,149.7090129668243,87.64331204778289
P002,2026-01-01T12:40:30Z,3854,68.24814038556113,95.28050794894116,17.49162218215813,37.183226830801964,103.91284141000791,78.45402484043731
P003,2026-01-01T12:40:30Z,3855,104.77690287196883,94.48153342277291,19.51521173397264,38.1023545976139,131.33976629592624,69.7005715474659
P004,2026-01-01T12:40:30Z,3856,84.21769774609199,97.21088307416272,17.469088937838528,36.9629070892305,136.11824410267877,72.64981002922234
P005,2026-01-01T12:40:30Z,3857,67.06337541163522,97.12223979544596,14.644568293647014,37.176795900047225,118.1595827112363,75.31164804604214
P006,2026-01-01T12:40:30Z,3858,135.90523319374282,85.6697157436149,25.188782941136218,38.14287110706546,171.73983831023338,111.77710910140146
P007,2026-01-01T12:40:30Z,3859,105.89027553870858,92.74930588189865,22.004845983501948,37.70901616796115,145.62912827737543,95.65729885954455
P008,2026-01-01T12:40:30Z,3860,104.76447215010506,93.46384705053924,27.32109681147796,37.86310716824909,150.89272991598335,87.01180563781647
P009,2026-01-01T12:40:30Z,3861,79.05916071581237,99.35471398655967,17.399703324753595,37.25217703352787,130.12229229901115,64.04542651466467
P010,2026-01-01T12:40:30Z,3862,70.18186445563612,98.40361892733986,8.838340481508274,36.981440600352755,132.47213908325878,77.8371937096097
P011,2026-01-01T12:40:30Z,3863,74.91720812033198,96.48720727110674,,36.563403915600745,125.74879589222871,72.00611952932199
P012,2026-01-01T12:40:30Z,3864,124.42646276211819,88.37946431264413,28.59458434110573,38.82010856875518,154.7850517584426,92.31916924400926
P001,2026-01-01T12:41:00Z,3865,104.00346227018115,92.43761549972304,21.322637196609982,38.3895313018894,149.4540863190327,90.62860578522987
P002,2026-01-01T12:41:00Z,3866,70.44915325685164,96.80314842590528,13.888557186727335,36.53519704482216,124.29574757084907,84.39791266089485
P003,2026-01-01T12:41:00Z,3867,104.78926727903034,93.5773559269262,17.972582591008827,37.62762808659021,142.73536942541804,78.39393012006654
P004,2026-01-01T12:41:00Z,3868,79.69354062213395,98.25659842610446,13.632548166884623,37.18590769013021,121.88279499289366,64.71930597427523
P005,2026-01-01T12:41:00Z,3869,77.10808832425228,98.61170232063229,14.368392763941975,36.92958104529678,126.07358688681637,82.2745994821915
P006,2026-01-01T12:41:00Z,3870,129.70468918370858,89.75449314580003,27.316919815705194,38.56025800491698,172.68310023542324,121.70293675684383
P007,2026-01-01T12:41:00Z,3871,92.92182961939488,93.94594190483944,23.00758056292536,37.829225916895396,139.74950258673695,81.87359879244434
P008,2026-01-01T12:41:00Z,3872,,92.93323187989856,26.84359355625459,36.80015114627914,139.14982741934202,92.7335138035068
P009,2026-01-01T12:41:00Z,3873,72.97164704369811,96.99041378466032,15.549127087984125,36.63982562756839,120.60441869786509,76.35716894782031
P010,2026-01-01T12:41:00Z,3874,72.68649538041913,97.81890860269242,16.942091704916777,36.74604353015345,124.80317572554992,77.553741705019
P011,2026-01-01T12:41:00Z,3875,76.15255463476082,95.49154885423154,14.383919761582867,37.04748930239995,134.46322360728482,68.15689979815855
P012,2026-01-01T12:41:00Z,3876,106.45003795366632,89.63502666404898,26.566108850377304,36.6949905342801,153.65001402265383,103.71987061613927
P001,2026-01-01T12:41:30Z,3877,88.13526066101562,94.48191856330729,23.547598030393473,37.60898361488445,138.90193072451368,78.80887725949042
P002,2026-01-01T12:41:30Z,3878,82.46076601506971,97.74573145654324,16.345699584762777,36.85962911535948,106.08843423936189,66.09218875926149
P003,2026-01-01T12:41:30Z,3879,93.15413631006723,93.49685691018989,21.499564945425277,,135.29853538162993,87.73397109053963
P004,2026-01-01T12:41:30Z,3880,80.93713287447822,95.92933523873124,16.830365274832236,,122.4294898049963,78.53084363030487
P005,2026-01-01T12:41:30Z,3881,79.3871559771964,95.75655156040477,16.32600927821552,36.835057633361096,135.30090325525805,85.85904565152326
P006,2026-01-01T12:41:30Z,3882,118.99198786179785,88.31686198808275,26.29187500199975,38.57037989893274,,109.99094802477424
P007,2026-01-01T12:41:30Z,3883,98.63165839682966,93.50455467080232,20.058308919342622,37.43994116275043,140.5751825984468,94.35560936397155
P008,2026-01-01T12:41:30Z,3884,86.11210059556956,94.7404335157028,28.202122792442275,37.764397129682386,133.04566365972542,94.21763397485842
P009,2026-01-01T12:41:30Z,3885,77.70517203508233,97.60870518593634,15.332516378506718,37.15647857369446,120.1395093661114,89.0279527611057
P010,2026-01-01T12:41:30Z,3886,76.31700669458418,97.04352058394885,14.876387880071773,36.43928172350373,127.76555490833928,68.77182676659339
P011,2026-01-01T12:41:30Z,3887,72.564085963005,97.33461673060458,14.77464049981663,37.33851454859143,109.6583438638577,102.51250778645021
P012,2026-01-01T12:41:30Z,3888,122.1646853756357,86.8785740934085,29.481468706485394,38.690998725668706,151.1468378384341,105.84432238767616
P001,2026-01-01T12:42:00Z,3889,106.13958662863796,94.55047353787114,26.00816304362737,37.85594440285632,132.33076149990285,92.33908074017559
P002,2026-01-01T12:42:00Z,3890,72.47951393914441,96.27033525325795,17.132532276536168,36.58053644863318,115.97512070860355,78.01908630553744
P003,2026-01-01T12:42:00Z,3891,115.75723519480867,94.31009357914427,21.96245539575038,38.358498642228554,,83.2212251305784
P004,2026-01-01T12:42:00Z,3892,,95.6707699454518,12.667530971696618,36.77156706815978,108.15037156052827,85.44191531313045
P005,2026-01-01T12:42:00Z,3893,79.00431958614348,97.72650227789151,15.364640350942539,36.386700500959286,131.10165168380158,75.64635966498902
P006,2026-01-01T12:42:00Z,3894,108.14951182517376,89.62575192130194,30.854699851615145,,178.82958331692774,101.38041271683402
P007,2026-01-01T12:42:00Z,3895,114.09655818880066,92.45276272276494,23.6397699382755,37.469336137882244,152.4807123514041,79.61165457967459
P008,2026-01-01T12:42:00Z,3896,101.26935673847483,93.30414606146645,22.019588948546104,37.54330869420494,132.84281905725777,88.41747646735305
P009,2026-01-01T12:42:00Z,3897,70.01860372426248,96.41437175643257,17.55566554735455,36.46984309654226,135.08597763080033,78.81091752989782
P010,2026-01-01T12:42:00Z,3898,74.07458881620977,97.13557538198836,16.272895761987428,37.12005946955799,115.43241821077751,77.91292667899795
P011,2026-01-01T12:42:00Z,3899,73.06699332649019,96.23163838452577,12.939038550194155,37.25485602796658,125.20469663088244,78.55725919405403
P012,2026-01-01T12:42:00Z,3900,108.91830005576597,87.41693453719957,29.85186564937946,38.70081223759929,142.5031851144661,108.51115291669583
P001,2026-01-01T12:42:30Z,3901,105.8398243104898,92.87006192683828,21.158731098503605,38.05307491676878,152.4472415377156,95.04884028548689
P002,2026-01-01T12:42:30Z,3902,79.67685406760802,95.33430433529338,14.350365264231653,36.79071504609485,118.92768181934746,79.00124799684086
P003,2026-01-01T12:42:30Z,3903,105.33676355234635,94.29432174591554,21.830294336138998,37.701950679905345,160.72848845252688,75.7310112596182
P004,2026-01-01T12:42:30Z,3904,72.17436640608686,96.55837552980414,19.724335172446075,36.76791187825814,123.8121615611458,82.71151478765725
P005,2026-01-01T12:42:30Z,3905,71.6163747918813,98.75562092178431,14.849682470517166,36.9391947044237,110.06769978295772,86.05286500106331
P006,2026-01-01T12:42:30Z,3906,83.40619433891993,91.47658943159549,24.567884381302864,38.17367438732638,154.31453266674043,115.18521354620836
P007,2026-01-01T12:42:30Z,3907,88.7128458973181,93.03851341718166,22.62884466363778,37.273777606837264,120.75170927087986,88.10330042483818
P008,2026-01-01T12:42:30Z,3908,,91.43811911213528,21.118757910737664,37.55448740221149,124.94373554351316,88.72461975294271
P009,2026-01-01T12:42:30Z,3909,70.27275090381549,96.36808192419828,16.182161806075083,36.57885440716872,123.29960875251446,75.596883296394
P010,2026-01-01T12:42:30Z,3910,68.74093871948494,97.67048592042595,,37.18984303841987,112.02124970240386,71.76681137561106
P011,2026-01-01T12:42:30Z,3911,79.94848453996171,98.52469727373143,14.893898299518234,36.96070679840892,137.12602206321122,78.20078301823898
P012,2026-01-01T12:42:30Z,3912,123.96537971228595,90.05329201724413,17.824524530808553,37.62306082411098,189.9790116096102,108.96486332273741
P001,2026-01-01T12:43:00Z,3913,102.39863822177131,93.83269106617465,21.484045336159966,38.05879375812291,152.82255184179886,73.6007269338966
P002,2026-01-01T12:43:00Z,3914,74.37068388935025,98.6456438943016,11.790596705931625,36.70053219532444,126.03000634727002,77.68737600129435
P003,2026-01-01T12:43:00Z,3915,96.05510379295757,93.56103608395814,23.77440241861162,37.748984605305246,139.1866047503157,86.59287356824893
P004,2026-01-01T12:43:00Z,3916,87.72995145621157,97.28017050920228,13.464253614734039,36.83042598455734,108.86974101884445,74.20061124405711
P005,2026-01-01T12:43:00Z,3917,89.49836099365916,96.65642224709363,19.018782195342407,36.572388358664185,132.6194334950914,74.27607017493914
P006,2026-01-01T12:43:00Z,3918,115.90477130120733,86.10956458393254,30.16778851563687,39.31020136258301,162.5550074808577,95.670262696105
P007,2026-01-01T12:43:00Z,3919,96.21114689484872,91.6268290768987,17.789676614567753,37.69904486855399,163.2245372453542,79.66775107120861
P008,2026-01-01T12:43:00Z,3920,91.74136799635929,94.01942957343597,26.56891494282184,37.4447991288711,104.02722036916228,
P009,2026-01-01T12:43:00Z,3921,75.6026521958648,96.63086044893188,17.642508360317812,37.31409453641612,111.66016235062213,79.3038960006261
P010,2026-01-01T12:43:00Z,3922,72.1107983623086,96.9889643762699,19.33547105819235,36.6262008036744,130.2501120128543,75.91033484245737
P011,2026-01-01T12:43:00Z,3923,,97.4805984493654,17.76690181105598,36.81763652911,130.67230798285095,79.65059758943545
P012,2026-01-01T12:43:00Z,3924,115.33213296798571,91.1177685686457,28.751723510254003,38.542468142327245,164.92286840725632,
P001,2026-01-01T12:43:30Z,3925,101.15978016146903,91.33010245288621,21.407707003246667,37.39208643153897,157.44847153017957,87.93293225961109
P002,2026-01-01T12:43:30Z,3926,79.01851617851898,97.32867586184878,16.591091263824815,37.00396715724589,117.26460197181652,76.13447758588678
P003,2026-01-01T12:43:30Z,3927,92.15622925493912,91.73839519827125,21.765707959470497,37.838362949800946,149.23040240007703,83.60357293284004
P004,2026-01-01T12:43:30Z,3928,68.13277121040541,96.88599996969224,17.713839168727016,36.37935608256717,121.23654564027179,79.71090255204723
P005,2026-01-01T12:43:30Z,3929,78.35596394684696,97.00108900757743,16.903234234420516,36.855746435960214,142.3203273170576,65.60666027137245
P006,2026-01-01T12:43:30Z,3930,120.7775983555657,90.34464818924457,26.519861102335057,38.76110367680491,163.27184378346922,93.12551795384228
P007,2026-01-01T12:43:30Z,3931,,93.75324076120641,22.120385567865913,37.39908731371502,141.21972574029252,89.81521330518001
P008,2026-01-01T12:43:30Z,3932,92.31842253225753,92.69957676446549,27.67443962907859,37.65785911146704,138.31468074700575,92.0878459213694
P009,2026-01-01T12:43:30Z,3933,74.65622297987626,96.81780600761218,14.943106269032604,36.98377889739665,116.08528904670126,75.95720916567616
P010,2026-01-01T12:43:30Z,3934,78.51175755655574,97.3199081993465,16.72312792529918,36.775300174851,125.99031308566558,84.86740171391308
P011,2026-01-01T12:43:30Z,3935,73.41719482500056,98.29957180361681,15.067577016387329,36.65426534019259,121.95692826238906,80.61258189187292
P012,2026-01-01T12:43:30Z,3936,118.46041099015638,86.96634002529204,25.91605032097275,38.10917010016986,162.085805153832,
P001,2026-01-01T12:44:00Z,3937,103.47467537671407,93.07799857074744,26.04345474629845,37.78704820104423,140.28290398253225,97.39914186200994
P002,2026-01-01T12:44:00Z,3938,67.5490718320937,98.5346294256377,13.734213331095681,37.11402045060722,109.16139739803738,93.34254550037589
P003,2026-01-01T12:44:00Z,3939,102.63400885162501,94.39692391836725,21.762408109891474,38.24391862876384,146.37671872331146,99.83926111104368
P004,2026-01-01T12:44:00Z,3940,69.12325474148999,,14.260070777320749,37.17709784396446,,77.20460586709919
P005,2026-01-01T12:44:00Z,3941,86.0949873986282,96.10272736445938,17.614061194879078,36.67218196488956,141.91968693066843,82.18407955768835
P006,2026-01-01T12:44:00Z,3942,114.17293213344432,90.8908439765307,23.9754517149845,38.62671670745345,156.31801351124707,95.700725752771
P007,2026-01-01T12:44:00Z,3943,100.12938587472213,92.89978661366568,21.58527963599291,38.14459321744646,138.42029478130647,91.1245163721255
P008,2026-01-01T12:44:00Z,3944,100.88865486225316,92.41956709544371,27.16288816284922,37.41616232085268,144.03680014664073,89.71264848822584
P009,2026-01-01T12:44:00Z,3945,66.80630378336153,96.50970062685433,13.019782948071597,37.130593047321376,129.2705631232668,78.04232981771452
P010,2026-01-01T12:44:00Z,3946,77.62333155574613,97.74741170054894,14.21215230519431,36.67450195736035,126.17499957371662,
P011,2026-01-01T12:44:00Z,3947,88.2575669430963,96.21593330508945,17.32097921082422,36.686707104312774,125.61523834858181,92.00785298848852
P012,2026-01-01T12:44:00Z,3948,92.45296302693224,86.67297435614508,26.889586311912744,39.15965917864859,154.66535131459676,103.72453221985525
P001,2026-01-01T12:44:30Z,3949,103.73612112137101,96.12632868079514,21.765981303329955,37.37922896228249,164.56449624193584,77.60879790525495
P002,2026-01-01T12:44:30Z,3950,71.79188157797653,97.69353377141695,14.710071846983563,37.027337954017085,110.65116530130217,78.87365002741078
P003,2026-01-01T12:44:30Z,3951,102.97904452650329,94.4556888013305,20.546032485427432,37.799724892622805,132.55630853981603,84.76540061125317
P004,2026-01-01T12:44:30Z,3952,65.81631494503037,98.47393174493294,17.041582212530106,36.82781156201638,108.7786819152496,74.56538145488011
P005,2026-01-01T12:44:30Z,3953,74.5802670060984,97.11428888036416,14.709501774140541,36.65541038722148,108.32426729891769,74.28317549972977
P006,2026-01-01T12:44:30Z,3954,103.89995384005006,88.98801793637783,33.61153518476546,39.05506842013694,,90.31406924588939
P007,2026-01-01T12:44:30Z,3955,91.87793215730264,93.84703740373129,22.05231866015027,37.68392640441742,149.3124519490351,94.14765408040881
P008,2026-01-01T12:44:30Z,3956,105.24484368380193,93.11168048180849,22.231184036801473,37.116839323321166,133.0466578711459,81.35770568655292
P009,2026-01-01T12:44:30Z,3957,75.28976239991103,97.44658791771549,16.41273450001655,36.68365672805087,111.1550518488988,83.31839825343644
P010,2026-01-01T12:44:30Z,3958,76.94701863217159,99.06921750359037,15.84419546071573,37.50022767096917,122.7372153328274,73.99843965894792
P011,2026-01-01T12:44:30Z,3959,84.86143929406015,95.53608970941272,18.02404922878644,37.40492784886066,105.8354381123462,75.19643164847469
P012,2026-01-01T12:44:30Z,3960,117.26025723115012,87.46438545431124,26.004764864913042,38.92907224067711,146.36064059322644,101.85205552438916
P001,2026-01-01T12:45:00Z,3961,103.86152968292788,,20.216512685139637,37.845356480818154,157.04123685143713,96.73595242823866
P002,2026-01-01T12:45:00Z,3962,72.44576404926222,96.45243391102748,19.537800710836574,36.90079719914105,124.02109844922673,81.28168769905113
P003,2026-01-01T12:45:00Z,3963,114.25686371364114,93.04214569551151,23.1319543016775,38.19522241018588,133.00079178530737,82.60389735806471
P004,2026-01-01T12:45:00Z,3964,83.09651469632209,97.6440428659422,15.136969697485313,37.39307303152437,113.46058004023574,83.81077056795365
P005,2026-01-01T12:45:00Z,3965,76.37723563894868,97.9033285434545,18.730327263971617,36.371832740103045,120.85691010046833,71.68539679583378
P006,2026-01-01T12:45:00Z,3966,108.23320405916462,86.59544978663023,28.385008003392333,38.7433944565911,188.83060317699676,110.4121762621929
P007,2026-01-01T12:45:00Z,3967,90.91613729521703,94.58625695633663,23.292982141199968,37.504846732140486,137.25148964110753,98.25709940132818
P008,2026-01-01T12:45:00Z,3968,92.33678244931677,93.95223678319137,27.85476331676432,37.99302744726932,135.37053849993188,94.56477943863361
P009,2026-01-01T12:45:00Z,3969,72.90535397049831,95.7714387071293,17.17174075609679,36.61361018089105,113.69843803061775,82.20744087476172
P010,2026-01-01T12:45:00Z,3970,74.96282317382192,98.65210917613138,17.25928809758056,36.78734961660855,126.23161973036193,81.76416631127972
P011,2026-01-01T12:45:00Z,3971,68.94514396915838,,17.348167897844302,37.394036959038935,101.6961655702897,83.15219501088092
P012,2026-01-01T12:45:00Z,3972,108.0629893133115,88.32082285773099,27.674747713192982,39.43835063056525,176.66128248381835,103.83924036735989
P001,2026-01-01T12:45:30Z,3973,97.66449223640623,92.12021444876623,24.34416393699791,37.90670028888589,132.17627352211932,78.53221299264051
P002,2026-01-01T12:45:30Z,3974,76.12880856069157,98.06787251357065,13.173347350185072,36.59392256110841,110.97732590377568,83.11870564258912
P003,2026-01-01T12:45:30Z,3975,99.09001508638934,94.60263901276561,19.273886786515213,37.90399646940302,126.81994854201088,103.39267232024045
P004,2026-01-01T12:45:30Z,3976,80.71064841703725,97.97250503010598,16.0238238960885,36.975015656149026,139.3668063987327,81.90706654283406
P005,2026-01-01T12:45:30Z,3977,76.27836594059424,97.80637706004084,19.81942089629618,37.0915002745294,108.77028253093275,70.11727332449144
P006,2026-01-01T12:45:30Z,3978,125.76801461002925,88.42738749897889,23.140012792339228,37.70637513040681,153.31577828372187,103.09590929056327
P007,2026-01-01T12:45:30Z,3979,88.57162439603374,93.06329408778507,24.797639320467397,38.24989619732075,124.95773030957074,96.24082912015206
P008,2026-01-01T12:45:30Z,3980,96.32269124825906,93.81368573576509,26.545906903317956,37.753190002336424,139.47342546545113,89.39252578726068
P009,2026-01-01T12:45:30Z,3981,79.64294877533067,98.57949071488811,21.061234196101765,37.0436796993638,130.8547485986932,72.04425196645758
P010,2026-01-01T12:45:30Z,3982,80.23641604594474,97.1554761746633,15.180226364387362,37.54643259681793,133.1027973981791,83.07754161580087
P011,2026-01-01T12:45:30Z,3983,77.25679967059214,98.59499510029494,13.360088336642079,36.92020097173016,141.24257903162248,83.38232043145398
P012,2026-01-01T12:45:30Z,3984,120.8603404693997,89.4209764802167,28.638379798052664,38.759374712956756,,105.77122838796546
P001,2026-01-01T12:46:00Z,3985,93.4874360802774,90.96844544074952,27.83377713429655,37.44387393125753,154.85415172122143,90.56012776815415
P002,2026-01-01T12:46:00Z,3986,75.77648826234136,98.19163872949908,,36.60730413556271,117.09757172270662,80.20217582725431
P003,2026-01-01T12:46:00Z,3987,92.63294134580696,92.20942541872228,19.15159290612586,37.85188854229589,140.95971417495932,75.55974415390347
P004,2026-01-01T12:46:00Z,3988,65.77142254274645,98.78171085297505,13.918327873724728,37.35714984791504,116.01593534270539,76.24137271179298
P005,2026-01-01T12:46:00Z,3989,79.9725567732232,96.77572736054299,18.72844220662931,36.868244557835006,117.32467905863402,68.50298961894792
P006,2026-01-01T12:46:00Z,3990,112.0442515366368,92.98343336291181,23.623114919237285,38.58178603310912,131.2100314366123,97.32113333049908
P007,2026-01-01T12:46:00Z,3991,93.2351607884699,92.02896393456177,25.429622694980857,37.51129272142481,147.58950594303818,
P008,2026-01-01T12:46:00Z,3992,106.57191263602745,94.56262854777195,21.29438300653989,37.67547254344416,154.9896554923621,89.88015760837798
P009,2026-01-01T12:46:00Z,3993,74.93283427939164,98.27909617364519,16.35268408222032,36.95574309985694,113.0536775371335,85.22689061218271
P010,2026-01-01T12:46:00Z,3994,74.77761839112041,96.68123154143167,13.065181300860752,36.67401174513049,97.26757525611106,83.42384935906834
P011,2026-01-01T12:46:00Z,3995,68.0408481728536,97.06749561414271,16.822096648411407,36.656411879078405,112.572435230552,75.49893840611965
P012,2026-01-01T12:46:00Z,3996,125.04271415065915,87.48283025162667,26.967729219599303,39.443402013863114,159.78829485778564,90.22785710335586
P001,2026-01-01T12:46:30Z,3997,110.53282390892261,93.19388844795853,19.13467967838513,38.287059373841174,155.31755391706483,87.04470242128471
P002,2026-01-01T12:46:30Z,3998,79.26324709305163,97.41598467034083,13.23667624433092,36.77730111211162,109.95737936953081,75.0685876010458
P003,2026-01-01T12:46:30Z,3999,99.59075894097323,93.61689491874611,23.51648699560153,37.97491451065109,150.96670497140187,101.71160781822928
P004,2026-01-01T12:46:30Z,4000,78.41677221493603,96.25223033824197,12.40480571282057,36.752519813059926,115.93910128573887,81.6163735990812
P005,2026-01-01T12:46:30Z,4001,71.08110091831003,97.32846151358628,12.597471786188281,36.835490888217706,120.16885502761757,69.31291510418536
P006,2026-01-01T12:46:30Z,4002,104.00867510006984,87.20101613117592,31.92295965991961,38.286533602256775,187.59274210249833,99.25259936787128
P007,2026-01-01T12:46:30Z,4003,89.76596339563338,94.6132957745612,27.186095708531248,37.77785225875529,123.3018956404214,80.91906886041508
P008,2026-01-01T12:46:30Z,4004,97.5571761237093,93.2777187608521,24.79032059967282,38.09008505544038,129.22854380144676,89.15890759718843
P009,2026-01-01T12:46:30Z,4005,,96.9388212648416,16.5866340269112,36.763157319065876,131.05680870957798,77.97898875235343
P010,2026-01-01T12:46:30Z,4006,80.98373938567563,96.69363936689545,19.6380841603037,37.23623148902165,129.64584200599214,73.65170646741424
P011,2026-01-01T12:46:30Z,4007,82.87522100670671,98.12130657484303,14.87371194055272,36.24230563181642,124.99864186095611,71.19802685642279
P012,2026-01-01T12:46:30Z,4008,101.52172052173476,87.2809305352709,30.777438762880934,38.31886858145025,176.46749344272826,98.3086565785786
P001,2026-01-01T12:47:00Z,4009,97.10876922321623,94.43224282568575,19.34289829135426,37.72285884922551,146.36675791394396,88.08279681987486
P002,2026-01-01T12:47:00Z,4010,78.7970434299137,98.54625682035912,13.897565991993435,37.308225243140534,126.68600598852406,71.06180822638171
P003,2026-01-01T12:47:00Z,4011,89.53713820207784,91.32224751088931,24.494027049392074,37.55459840620867,140.95136642001145,90.17590871196525
P004,2026-01-01T12:47:00Z,4012,75.46833266475029,96.32213040598297,20.17372666119555,36.905100394612674,116.83620360776689,78.60860262086273
P005,2026-01-01T12:47:00Z,4013,76.02334717477477,97.62565936727003,15.339084212985927,37.04099257558208,126.10901432757447,75.83541893232437
P006,2026-01-01T12:47:00Z,4014,103.5396222409901,87.4433417963561,27.56933293823097,39.47842987560933,171.0436851721299,94.68565542091407
P007,2026-01-01T12:47:00Z,4015,91.99513499598426,91.41660705298085,17.539236856133044,37.5171680549139,146.22537365356453,93.07387540724638
P008,2026-01-01T12:47:00Z,4016,104.8715988586675,93.93678031858873,24.036320462147163,37.9998569124215,126.57792351067654,96.95731357759554
P009,2026-01-01T12:47:00Z,4017,80.80802827537887,97.10723297657361,15.421501495094942,37.28442834273314,118.2046234343484,77.74690895808169
P010,2026-01-01T12:47:00Z,4018,74.14473641150126,97.08213703795639,15.45115513894007,36.87017742171851,115.79875189885314,
P011,2026-01-01T12:47:00Z,4019,86.0524980942303,96.86774300973414,23.24725890110809,37.13036292497251,125.09149501560054,83.30527775020762
P012,2026-01-01T12:47:00Z,4020,,88.28075561943936,21.641302358638114,39.08739301866141,147.91086249815558,114.2467327661178
P001,2026-01-01T12:47:30Z,4021,102.51907220193141,93.3011335513554,22.517331190850744,37.99824350695335,149.1958533868799,86.59301444598485
P002,2026-01-01T12:47:30Z,4022,70.85359913257662,97.05707983464823,18.660190620985972,36.837880659939024,123.24351445461873,76.62774453832544
P003,2026-01-01T12:47:30Z,4023,107.28935462140764,90.92363501224439,23.053227744530886,37.688471502611215,124.16034547773495,93.9996063716931
P004,2026-01-01T12:47:30Z,4024,75.74806482073816,96.50854107124825,18.676974612527015,36.78887428115722,124.7849383447054,76.87812734277743
P005,2026-01-01T12:47:30Z,4025,74.73723493198159,96.84720695295039,16.568282649515275,36.427744400882446,119.73476105176678,75.11199874238635
P006,2026-01-01T12:47:30Z,4026,111.84156846376926,91.391240623885,27.3861123878966,38.63968968573498,147.06746206886493,96.68638007404061
P007,2026-01-01T12:47:30Z,4027,108.83885959299865,90.74320822334471,20.368955656636473,37.07312558867093,146.51699228950037,94.67810044474523
P008,2026-01-01T12:47:30Z,4028,103.94404082414694,92.6621866658612,25.02957826274534,37.68024278422738,145.94738913830278,99.61180422848184
P009,2026-01-01T12:47:30Z,4029,66.83751396105751,96.34477184257065,16.361490111876783,,131.0429391599141,65.80685307772937
P010,2026-01-01T12:47:30Z,4030,73.00354043616679,97.7041870382053,14.954546448833291,36.79091088806997,123.98726402588562,70.98120411369655
P011,2026-01-01T12:47:30Z,4031,84.16741182039398,97.57770983614354,19.694064308554772,36.9197368689513,124.27424980819167,80.41921659950066
P012,2026-01-01T12:47:30Z,4032,114.06486395086992,87.57482870214616,19.486012079361902,38.10286968949593,153.66928406578455,98.04284118352918
P001,2026-01-01T12:48:00Z,4033,106.71796092029562,92.47254376265266,24.366150423775807,37.898728652383824,159.14343829835465,90.96885055784826
P002,2026-01-01T12:48:00Z,4034,69.08376222480368,96.36913867371608,14.154641118513188,37.01359929725226,120.56941589151018,83.7823925826684
P003,2026-01-01T12:48:00Z,4035,117.73576243306306,92.75628451003912,23.756626991356097,37.68346590083058,138.49459480836038,89.76631443063509
P004,2026-01-01T12:48:00Z,4036,64.8650096138733,97.6413318938043,15.912565958363546,37.5731310273396,134.61561376055158,81.81089389089668
P005,2026-01-01T12:48:00Z,4037,87.56936195887035,97.23047277825336,,36.64276946149411,134.2957756205775,84.24047799551592
P006,2026-01-01T12:48:00Z,4038,115.88916793929599,85.92912714065163,,38.97512974925023,174.4102150489262,113.81172759126109
P007,2026-01-01T12:48:00Z,4039,109.76572206652213,94.24995323106016,24.390901037692537,37.65577112161969,139.08430771614283,85.28150613099741
P008,2026-01-01T12:48:00Z,4040,100.53098460287119,93.04953120018429,20.916175267539572,38.34183763407836,134.0527106359627,100.62958967982362
P009,2026-01-01T12:48:00Z,4041,74.88682364337714,97.17823319315747,15.174783842470013,36.96721674749378,112.14803937027634,61.83969370768202
P010,2026-01-01T12:48:00Z,4042,72.10693371479972,,16.47055969169123,37.369484865933515,122.92934303569078,66.54029679830376
P011,2026-01-01T12:48:00Z,4043,75.13325001494563,97.15588820397332,13.804247343592987,36.973876137958186,124.13324946423307,77.34030770941276
P012,2026-01-01T12:48:00Z,4044,103.95298584802023,85.69155916290295,24.729052303162913,38.75474187002853,152.6738092394144,101.83122502322587
P001,2026-01-01T12:48:30Z,4045,101.31609401770919,92.69242882307813,,37.45090278868996,131.04090585098388,94.12071755750672
P002,2026-01-01T12:48:30Z,4046,73.77556934420758,97.78770113799843,19.971755103408537,36.85433648765287,103.71219170678336,77.14472145442615
P003,2026-01-01T12:48:30Z,4047,96.9437306611047,94.02908217304557,19.2440128702555,37.74872409028162,132.37236248467792,83.00821182273255
P004,2026-01-01T12:48:30Z,4048,71.59256594239447,98.61872911779223,18.310338153158355,36.615957479738846,129.35037072462492,75.11946534466846
P005,2026-01-01T12:48:30Z,4049,76.84523503776583,96.83678217494118,14.995805294184736,37.425792735234104,122.0927593216455,74.97397677222654
P006,2026-01-01T12:48:30Z,4050,121.77045307196323,89.48530305736419,23.50185301674314,,168.4635211969804,113.25434454581777
P007,2026-01-01T12:48:30Z,4051,99.89879590323815,,,38.131748057605066,163.88190863427994,77.89383997874987
P008,2026-01-01T12:48:30Z,4052,96.07339814320991,93.03294746342014,23.800236871439928,37.502023685385204,159.01646561901688,81.19370677427774
P009,2026-01-01T12:48:30Z,4053,67.35031372636561,96.38947247373041,20.16794532557182,36.859750316236,123.02233778955713,76.0064086612142
P010,2026-01-01T12:48:30Z,4054,75.23297778998227,96.55711319613526,14.452754496254972,36.621723969418674,113.8073797998054,72.40294429470819
P011,2026-01-01T12:48:30Z,4055,68.43526005955981,97.87052968565546,13.254913046110918,36.80364713104309,121.80326440497107,84.4749458272203
P012,2026-01-01T12:48:30Z,4056,135.13323142416579,86.64923562468192,28.33062710951611,39.32423171409471,172.85322402023178,105.3517677077564
P001,2026-01-01T12:49:00Z,4057,109.31323384153137,94.35677721190541,20.739828864939774,37.899847037876484,125.91746732707075,75.33137955527056
P002,2026-01-01T12:49:00Z,4058,79.2738309475753,96.2653228028878,17.801249137485595,,125.70322778102773,75.04626898769669
P003,2026-01-01T12:49:00Z,4059,95.60644783289322,92.16978068401549,20.14433525494157,37.3761512378188,141.92968179511948,89.7857308511643
P004,2026-01-01T12:49:00Z,4060,67.78064276938872,97.99213434701791,18.502481269177537,36.9712967945468,113.53235641941448,76.33402019466028
P005,2026-01-01T12:49:00Z,4061,79.98919073559419,97.53145746355442,12.323621560417758,36.36555442511993,119.0151932603663,83.82403460455146
P006,2026-01-01T12:49:00Z,4062,100.94879612147287,87.74025941686843,23.983976014692445,39.3689354118787,183.7740081618318,102.56951705040254
P007,2026-01-01T12:49:00Z,4063,97.90133597222481,93.862403026471,21.864598904067186,37.34543578058753,151.26051130233733,82.16724848847005
P008,2026-01-01T12:49:00Z,4064,,93.1431909075616,19.319075100277548,37.61773257798789,145.626300660246,89.993527420703
P009,2026-01-01T12:49:00Z,4065,69.5297754239649,97.30981092083763,14.615467467798219,36.91393467393534,148.15995998693907,83.42187674695523
P010,2026-01-01T12:49:00Z,4066,63.29432392187178,95.69456550113986,20.003349208829633,36.79177171490523,134.83621177667152,73.13902033471044
P011,2026-01-01T12:49:00Z,4067,76.71901076126194,96.52626262860184,14.197574531322024,37.069228356065125,133.87348137206433,79.17774486560921
P012,2026-01-01T12:49:00Z,4068,117.45987160947438,90.85728989167436,27.497049664535044,38.8588684381471,151.31109659898814,98.3505583911313
P001,2026-01-01T12:49:30Z,4069,85.67440640350463,92.27661339323994,28.443507925159558,37.92596432885614,133.8788448869018,89.59024796405913
P002,2026-01-01T12:49:30Z,4070,79.2380040893354,97.37535458193021,16.08442803863546,36.73023047023424,110.79017223921097,82.02239556032008
P003,2026-01-01T12:49:30Z,4071,98.97211708082571,94.14234529598326,21.31893400450623,37.72136813895285,150.91448479350734,94.93186653887454
P004,2026-01-01T12:49:30Z,4072,73.79439812659045,97.23150971530413,13.913731925406733,36.755486873240976,122.17601633813909,78.71891104343382
P005,2026-01-01T12:49:30Z,4073,77.86763836020762,97.81475810984693,13.934010206394355,36.79396901789507,127.55840367263927,73.21329134186588
P006,2026-01-01T12:49:30Z,4074,128.23330575525236,93.09813966833643,28.024351355660507,39.24101205072299,158.88610351703497,95.86588462996185
P007,2026-01-01T12:49:30Z,4075,98.45128408637812,92.96004656423648,23.647736515740288,37.952848105361575,138.79689439234153,85.07203452816914
P008,2026-01-01T12:49:30Z,4076,97.61299106814637,93.4664574758898,28.073746743989695,37.562390068859756,151.6011718357275,87.72944342687971
P009,2026-01-01T12:49:30Z,4077,77.14520534757108,97.72645121076341,15.160843889837553,36.23312082313359,124.30287141676655,77.03402763258481
P010,2026-01-01T12:49:30Z,4078,69.13524712777847,95.24001886687446,17.52729166237684,36.741940147274086,114.43652126333413,74.13619273081208
P011,2026-01-01T12:49:30Z,4079,79.49370643634091,96.752282774695,19.1496256351777,36.962600982363575,133.0363976918931,81.10657491322941
P012,2026-01-01T12:49:30Z,4080,119.67927697317299,91.8173205153473,23.82498548984065,38.12959649625969,160.5723634139277,111.91113312029088
P001,2026-01-01T12:50:00Z,4081,99.53110344099902,93.89178960270947,25.887339017998293,38.10862037233244,149.5794702737746,96.1873354271918
P002,2026-01-01T12:50:00Z,4082,77.73231538848749,98.49404864953726,17.075013997760358,,126.91110962840482,76.26168670257094
P003,2026-01-01T12:50:00Z,4083,87.0999021869811,92.83958117640202,21.230129958176338,37.66655684567586,149.89372215838236,93.36464007780678
P004,2026-01-01T12:50:00Z,4084,84.94320221735015,99.11560566194017,14.782900065443402,36.35654166216394,109.69543578105517,72.98581081768556
P005,2026-01-01T12:50:00Z,4085,65.19344671138087,98.34541002474901,15.701944185454582,36.782448829639954,122.21896688322903,73.80302196582439
P006,2026-01-01T12:50:00Z,4086,127.61259298679677,90.55834971328068,28.273350447837345,38.360044740353665,154.18000726429727,115.49594983933652
P007,2026-01-01T12:50:00Z,4087,94.70867806877659,93.00328961376701,23.796023283313094,37.07199039884444,135.49032157125265,87.62317058002203
P008,2026-01-01T12:50:00Z,4088,110.87779754630192,93.49918606482488,23.553468378191155,37.75287863091581,146.57988323048136,
P009,2026-01-01T12:50:00Z,4089,81.87997495409519,96.48342428241187,14.755508292093454,36.3912433613421,110.15442399561404,70.32979297025662
P010,2026-01-01T12:50:00Z,4090,75.820361278933,98.22035953306539,19.099709293072635,37.3039037266975,115.95031597543733,66.18335993083801
P011,2026-01-01T12:50:00Z,4091,77.18963752785845,98.59122302263047,16.95484063493799,36.65461010235334,123.14029386234381,79.50110061219891
P012,2026-01-01T12:50:00Z,4092,113.77910239224221,89.0310510629767,23.516637520572285,39.678431266307534,168.9939592466676,90.67157873531606
P001,2026-01-01T12:50:30Z,4093,101.20650217940711,90.50521284288055,21.96249058923646,37.502508336457595,141.32420111052267,82.88439327516201
P002,2026-01-01T12:50:30Z,4094,77.39792696980658,98.43365793724226,14.53832337782864,36.914261633430115,126.35454646401696,
P003,2026-01-01T12:50:30Z,4095,94.11930608360723,91.21496949380725,24.054122363645483,37.743065666563844,151.6467340794879,81.41843663518289
P004,2026-01-01T12:50:30Z,4096,75.09662863609785,97.1652698239788,18.446046898569893,36.892778803545575,122.41007119982189,77.89953396053636
P005,2026-01-01T12:50:30Z,4097,62.383980610321956,96.27743659795478,15.130706738383081,37.21837693696979,122.54648388384109,79.52098041460265
P006,2026-01-01T12:50:30Z,4098,111.11183506295754,86.45183417319267,22.492375785201176,39.7563239561115,157.07524977027654,110.34508586432146
P007,2026-01-01T12:50:30Z,4099,113.13657073815418,94.02998466283297,24.74650067498449,38.09140169578493,158.193134526835,82.16386528798114
P008,2026-01-01T12:50:30Z,4100,105.40109494804871,93.30182739134912,24.01603131012612,37.30976448091593,133.65898535871716,
P009,2026-01-01T12:50:30Z,4101,,97.28167597092796,17.27860219341474,37.2902442219425,131.9040353338278,78.19399383759577
P010,2026-01-01T12:50:30Z,4102,65.88329961080609,95.52826994795339,15.910680869525539,37.10065352483444,124.58194038945251,70.7345292188085
P011,2026-01-01T12:50:30Z,4103,83.21846864356847,97.45523125331502,15.416801432872386,36.72309202338955,108.2518186066873,86.21703701682547
P012,2026-01-01T12:50:30Z,4104,115.54903644920225,88.01337983971928,26.957562192492148,39.44877210983996,160.9912509235108,95.13518872560537
P001,2026-01-01T12:51:00Z,4105,99.94704232049479,93.67681043789054,24.960969409257125,38.46659760150701,151.01238907741728,84.83518771022766
P002,2026-01-01T12:51:00Z,4106,77.3320836489234,98.14419967316176,16.60281727785171,36.97920604036263,111.36868236693843,82.75234786735187
P003,2026-01-01T12:51:00Z,4107,84.18355913100285,92.68758428239353,22.154188756894747,38.195101048303606,129.70859927755112,99.96849253678108
P004,2026-01-01T12:51:00Z,4108,75.29597161328803,96.2220603809827,17.42553551362478,36.950842187752855,117.7882268596164,76.54949502336208
P005,2026-01-01T12:51:00Z,4109,79.52616002538275,97.5497548405923,13.908742110603415,37.29221155664737,99.53102662352099,84.53724672206714
P006,2026-01-01T12:51:00Z,4110,104.39629914932787,87.77030719182451,25.54195153951979,38.00692313736292,158.43195858753853,108.77741443252198
P007,2026-01-01T12:51:00Z,4111,107.65042895515208,94.36167856290194,20.979180826443173,38.14668079911713,130.16736335627,82.93001594020575
P008,2026-01-01T12:51:00Z,4112,101.82103385328611,94.08289876194821,22.093161004675064,37.56359313335439,134.0159555830173,100.55247921006693
P009,2026-01-01T12:51:00Z,4113,64.94131243955559,96.67783998823816,15.14996591341818,37.02797396277808,127.89445281440959,77.26381160616451
P010,2026-01-01T12:51:00Z,4114,72.05519932240576,97.93815841084002,14.195618870097375,37.209991027484094,129.45047162624093,65.31556114282571
P011,2026-01-01T12:51:00Z,4115,68.3258114654879,96.47319221176878,15.57095924295569,37.02307117724868,132.76280909571926,81.08159864041546
P012,2026-01-01T12:51:00Z,4116,121.43810087689756,87.47653089526715,28.084801003411357,39.1769384231031,147.94422299752497,113.32725740285078
P001,2026-01-01T12:51:30Z,4117,107.14214111888057,93.14766908740263,23.136648266445917,37.85364386806756,143.21587145485967,89.66589708269025
P002,2026-01-01T12:51:30Z,4118,,98.29577045166006,18.08445321605552,37.18866876805691,122.41792877715453,70.83207804445483
P003,2026-01-01T12:51:30Z,4119,80.55181114912517,92.5521336240434,23.460326940849736,37.48383047484423,140.46587965997855,87.71301923303892
P004,2026-01-01T12:51:30Z,4120,79.00890090241698,97.43456446049642,18.14577591092275,36.914413201820956,114.31968100478473,80.75496582044207
P005,2026-01-01T12:51:30Z,4121,71.35088426607518,97.06141753420462,14.179966276655417,37.40308962284655,126.0649999110033,73.23377420504893
P006,2026-01-01T12:51:30Z,4122,118.61240931347292,88.2141485567488,26.12803970025164,37.630305215341785,164.40116839324008,103.62364042087802
P007,2026-01-01T12:51:30Z,4123,108.43106372433782,91.1683796803837,23.366175464441653,37.390906720889106,138.69058659458955,100.57262056101384
P008,2026-01-01T12:51:30Z,4124,95.58987687053452,92.47303284564134,21.180828509353233,37.62883190831107,151.18043188140373,88.65219936119091
P009,2026-01-01T12:51:30Z,4125,,95.83653439577115,18.3885871806001,37.417136673829155,127.90976079956933,75.1984744156404
P010,2026-01-01T12:51:30Z,4126,75.4555067622355,97.37099809758705,15.57682646211994,36.347890664877895,131.03483692947438,73.49272881817524
P011,2026-01-01T12:51:30Z,4127,74.44395156821318,96.66167158605734,15.743178914849524,36.63190127566998,121.74474087784834,72.32324288109031
P012,2026-01-01T12:51:30Z,4128,123.08549531192688,88.79783303596392,30.67065769144,37.235206051933204,176.4537720234949,97.10972170030257
P001,2026-01-01T12:52:00Z,4129,100.28653874416635,93.02814157217618,19.218468137803313,37.20718825525012,141.88794516595442,76.96671950669878
P002,2026-01-01T12:52:00Z,4130,65.06918632327441,97.3079178676197,14.741833979653737,36.93484679068463,120.16244476700241,77.57733740237589
P003,2026-01-01T12:52:00Z,4131,110.19313112747079,91.37153397445829,26.985485595332143,37.48708907366113,150.85667593753232,106.20741098263031
P004,2026-01-01T12:52:00Z,4132,71.47711534582584,97.51230326537915,18.698430741710425,37.02166177527006,135.25481564794262,75.03937820399085
P005,2026-01-01T12:52:00Z,4133,67.56646972308884,97.97642887541997,18.41605497188382,37.009526419706184,130.21452036452084,74.10485032845912
P006,2026-01-01T12:52:00Z,4134,121.38758332024749,89.89632794498519,26.649907956666556,38.361566333275036,176.5172449532287,104.45947381590517
P007,2026-01-01T12:52:00Z,4135,104.45559741615455,93.53409317815873,23.526423850502567,37.88326705529318,131.3489737307699,83.34910341078576
P008,2026-01-01T12:52:00Z,4136,102.6736545406721,91.46303892644042,24.45705932505484,37.58251175241597,128.49731398909424,91.79578757339465
P009,2026-01-01T12:52:00Z,4137,71.43950792319109,96.23030414999657,15.747023800516999,36.736389813130465,109.59118197765466,76.26469119513575
P010,2026-01-01T12:52:00Z,4138,62.961597328484615,95.83312913095762,14.994935131723292,36.41760986940691,116.45492547560389,78.19355002380564
P011,2026-01-01T12:52:00Z,4139,76.672102346587,97.95981875177351,17.75410112927233,36.79017775974597,131.41364137892802,75.30677356050984
P012,2026-01-01T12:52:00Z,4140,98.21487834305255,89.5126771898063,26.27655392065407,38.40462502882628,188.16163283396807,99.36289918596492
P001,2026-01-01T12:52:30Z,4141,92.10873440546514,91.8444639618409,20.950720517035066,37.92936726337084,141.23150063955953,78.85055611213512
P002,2026-01-01T12:52:30Z,4142,75.39376956677883,97.44120751508143,16.765837423166527,36.61652992824318,139.06752235338402,77.83760519050384
P003,2026-01-01T12:52:30Z,4143,100.00501067955811,,22.058386768991056,37.41833432958726,126.46587817557398,96.92299916133611
P004,2026-01-01T12:52:30Z,4144,78.33812646295527,97.66114628755979,17.37471248039174,36.6335590848085,125.88133007518873,85.06541833508618
P005,2026-01-01T12:52:30Z,4145,79.35147957032703,97.94864841109475,16.272208249712143,36.98777859266683,139.23567861605133,73.01346944963038
P006,2026-01-01T12:52:30Z,4146,114.99527788324512,89.4473011061475,22.835022807024913,38.182792874152526,164.6955644433024,98.05546950035237
P007,2026-01-01T12:52:30Z,4147,103.62773095688917,91.85238289458015,26.093015094924727,37.596851849834145,134.61006405975414,79.89083246747197
P008,2026-01-01T12:52:30Z,4148,95.6738899449961,91.10245107107417,25.482682883556798,37.990873524798914,140.63607131034513,76.67256944645128
P009,2026-01-01T12:52:30Z,4149,65.50205310742531,96.00219512697429,13.386647384503167,36.68173789026954,122.81084884859479,78.29344375945982
P010,2026-01-01T12:52:30Z,4150,72.63039267162011,97.4468713100352,16.394127715737092,36.78601652094079,127.34540811755784,87.0622857265151
P011,2026-01-01T12:52:30Z,4151,74.69947679871692,96.7127452910255,16.628741913549334,36.33629672028285,136.42809290154898,81.67162560623554
P012,2026-01-01T12:52:30Z,4152,138.68849795009538,92.66357436504988,26.02773697737407,38.870407840255666,158.27465994693188,110.80586167880703
P001,2026-01-01T12:53:00Z,4153,96.6786428943871,91.3244193713683,22.239469629873895,37.55287974279577,149.7103121742383,97.32501113214323
P002,2026-01-01T12:53:00Z,4154,,97.5370253506008,13.271136212275204,37.227781393617434,118.38628880529286,81.24332204451396
P003,2026-01-01T12:53:00Z,4155,104.87832519551586,93.59065214550829,20.95560475792457,37.78394917557666,153.41518323941267,74.13666981106904
P004,2026-01-01T12:53:00Z,4156,67.55869402109823,97.94781493028552,14.82223570087716,36.701288427607224,131.8155659229984,75.93907373085054
P005,2026-01-01T12:53:00Z,4157,80.38673599513409,97.33757103177805,12.108063879434004,36.82077808641237,108.18115213791,80.0790231851301
P006,2026-01-01T12:53:00Z,4158,115.80946445381142,88.68807074725713,20.392257989705787,38.63311608623378,163.48258965537224,91.08543884221679
P007,2026-01-01T12:53:00Z,4159,98.54043683515606,95.43035322696223,,38.05708200018117,146.64257539858,79.73361949929932
P008,2026-01-01T12:53:00Z,4160,107.22893224081983,93.92647447063241,29.02542759624966,37.67757361347255,137.9051343754073,87.49242371945628
P009,2026-01-01T12:53:00Z,4161,66.25096321808032,99.42202488628809,17.66408699772756,37.06781504315497,120.96521309415482,82.13992522598049
P010,2026-01-01T12:53:00Z,4162,71.41628982530017,96.71503411635805,,37.21884182126105,136.0609007970333,72.44204008762499
P011,2026-01-01T12:53:00Z,4163,70.14795966333946,96.53247900520219,14.983775472753823,35.87781576403901,124.95447995692348,81.82180732044543
P012,2026-01-01T12:53:00Z,4164,114.12130734592184,88.90984690264074,26.161496740456116,38.5485327846665,155.50138453809333,98.05356738232699
P001,2026-01-01T12:53:30Z,4165,97.49849316874,89.93062707583641,23.931048651834796,37.50596577698351,143.430436313126,92.5002955678638
P002,2026-01-01T12:53:30Z,4166,68.55455247652962,97.87517615247341,,36.67015664706877,,81.52799906779833
P003,2026-01-01T12:53:30Z,4167,95.1278390577709,93.98172128914626,19.37604557053676,38.0007179182351,154.08036284554333,92.31822855931561
P004,2026-01-01T12:53:30Z,4168,81.54211073459297,97.07284859137394,,36.986226821340686,127.1515379101603,83.69157782533787
P005,2026-01-01T12:53:30Z,4169,83.286706824688,97.09345603176683,14.289082139595282,36.76874459316228,112.71718322544531,81.04498177851629
P006,2026-01-01T12:53:30Z,4170,117.03818147219268,88.44351340791265,30.28932988412905,37.14372774972725,154.37160833162318,109.53375403101411
P007,2026-01-01T12:53:30Z,4171,111.56237535486878,94.4430580883378,23.14812329413951,37.59803810404274,137.61227041457488,100.45339431265516
P008,2026-01-01T12:53:30Z,4172,101.52092630975936,92.31792236656229,21.211986073676197,37.87952370669432,138.00642372102402,90.83221619063214
P009,2026-01-01T12:53:30Z,4173,84.27893930931674,98.35134645588396,16.0331651886844,37.16697514593196,112.8417831752448,87.6427404977168
P010,2026-01-01T12:53:30Z,4174,68.04047953878586,97.73086949228957,12.221288268700636,36.872661173901015,118.1983080306963,81.82705354404587
P011,2026-01-01T12:53:30Z,4175,73.94038435546851,97.81176242318581,16.68250456091703,36.797173592448445,133.80254463338647,72.65805836932343
P012,2026-01-01T12:53:30Z,4176,122.83181364940678,89.21015828657504,30.65427357835593,38.58827419352045,165.73056478286668,106.0525161113266
P001,2026-01-01T12:54:00Z,4177,102.63222689293168,92.52127421076682,25.3849379488746,38.07435127724089,117.58341020160455,76.66794875999837
P002,2026-01-01T12:54:00Z,4178,72.38267454368787,97.19611622583795,15.012213309465714,36.45679633604039,130.62025708147178,80.54740550700414
P003,2026-01-01T12:54:00Z,4179,103.37895414083033,93.02234221743859,25.386339836497523,37.609199551868734,,100.5951146805213
P004,2026-01-01T12:54:00Z,4180,71.32248371665818,98.14826620914504,16.44689632226206,37.130399851097216,110.35804349810219,78.40633173705767
P005,2026-01-01T12:54:00Z,4181,65.22009971754912,95.01691874192154,16.628874906124995,36.6060524920082,116.90826404678741,
P006,2026-01-01T12:54:00Z,4182,99.95843826021613,86.93111635061989,18.557624701364652,38.692586903856416,170.5565732053739,95.66017790507325
P007,2026-01-01T12:54:00Z,4183,103.01876669083856,94.09584070865415,18.060040617747227,37.99890645362633,161.69704321926605,87.60275114563181
P008,2026-01-01T12:54:00Z,4184,116.46028533713663,94.46345250993528,22.946520487465786,37.77887564235256,169.70760696054396,81.52498467300613
P009,2026-01-01T12:54:00Z,4185,79.67359816947085,97.18929557948098,18.02200828572478,36.94528971418189,123.61151741623392,76.25188751925526
P010,2026-01-01T12:54:00Z,4186,80.11024153007418,95.94025255141929,13.936282661922291,37.38064048028686,122.79514650234567,76.3485444000245
P011,2026-01-01T12:54:00Z,4187,69.76180264941337,96.35852620079062,16.01258720251808,36.909409395620806,114.71694520738919,80.83907091072538
P012,2026-01-01T12:54:00Z,4188,117.19496829482213,87.08130727694879,,38.18044017673857,191.49417872199615,
P001,2026-01-01T12:54:30Z,4189,80.971526684995,94.05154814878655,24.233975978273012,37.73336915329413,150.32346846367696,86.99302585821
P002,2026-01-01T12:54:30Z,4190,72.73481126785998,96.40441138038713,14.95488442003308,37.029570331232435,115.2528300449562,70.9474457861491
P003,2026-01-01T12:54:30Z,4191,93.53840438793964,91.79033595888828,23.97319519942108,37.7343539401182,132.5319518336771,67.25977636458686
P004,2026-01-01T12:54:30Z,4192,79.36731050680002,96.65155230951795,15.73452178775199,37.44945526236613,137.0961451537193,77.71030962464246
P005,2026-01-01T12:54:30Z,4193,76.39849882019857,98.51917819595519,16.723904729659164,37.68950030444038,129.30328913482603,72.48735642799303
P006,2026-01-01T12:54:30Z,4194,123.61610331645161,91.31692012524702,32.424417586025065,37.98473669346224,173.68166786175465,91.26267901195723
P007,2026-01-01T12:54:30Z,4195,103.56959939855818,92.87817133005898,19.160801020451657,38.731987615889146,138.4387270388542,77.42015640502521
P008,2026-01-01T12:54:30Z,4196,111.70728603179225,92.98575410333132,24.806133395783178,37.589755419074805,145.49771744676474,81.3293027397724
P009,2026-01-01T12:54:30Z,4197,86.34509697839066,97.77701936364811,18.289208960963254,36.848716416241636,108.55354783764179,70.0557015061718
P010,2026-01-01T12:54:30Z,4198,79.66477923049288,97.57231944448462,,36.98662820089379,138.05215000150065,69.39604153918273
P011,2026-01-01T12:54:30Z,4199,66.20627716928878,98.01586792231208,13.510178257961217,36.57205533133892,117.35984856800025,79.70695857221139
P012,2026-01-01T12:54:30Z,4200,118.70302970305926,88.56318271568509,28.55202045279151,38.53127628789244,176.8259856641664,89.14438435418867
P001,2026-01-01T12:55:00Z,4201,102.01915109015246,91.94301779102175,20.878759713769927,38.12870106090037,134.29803250789743,70.94546874826057
P002,2026-01-01T12:55:00Z,4202,73.84285160349177,96.27900191523689,16.72614956099844,36.98659487653154,,71.6260960542089
P003,2026-01-01T12:55:00Z,4203,103.57288978109169,92.19675482337263,25.155330302801268,37.46872900204453,160.8540552990418,93.8068838244552
P004,2026-01-01T12:55:00Z,4204,66.98476826100404,96.9672139438658,17.50508342399603,37.20440137676768,123.02430798529795,74.19693952508337
P005,2026-01-01T12:55:00Z,4205,74.14870248916426,98.19614999080986,14.072044464045726,36.64013609171021,124.9784572736185,73.72893721507835
P006,2026-01-01T12:55:00Z,4206,101.5184189737938,92.42483772779649,24.220064463656605,38.477235495412295,171.1155234460826,121.4612712494244
P007,2026-01-01T12:55:00Z,4207,104.25992487603497,90.33455361555735,21.754117122445734,37.136141421669755,139.91492277369002,83.15910179474749
P008,2026-01-01T12:55:00Z,4208,114.80093190867323,93.30522802452687,22.406299139711898,37.655617735188734,148.64172402847274,87.38000112695167
P009,2026-01-01T12:55:00Z,4209,74.31767540420421,97.62077271304548,12.881186226614687,36.83140171071602,121.67608879737743,75.07938726030793
P010,2026-01-01T12:55:00Z,4210,73.13841141888989,96.84427511408748,16.76102704870673,36.788462234577906,,75.7158794237313
P011,2026-01-01T12:55:00Z,4211,81.7666303579899,97.23005899968236,17.897295414841285,37.15524709568524,123.5764442326122,71.33572610873753
P012,2026-01-01T12:55:00Z,4212,102.75495605231461,88.74665154282505,25.81068535846715,38.50979339439017,168.9800069606265,118.41092930903815
P001,2026-01-01T12:55:30Z,4213,93.95929704203259,96.24888360974761,20.80305124204321,37.25346460055447,113.46341439719748,79.52114963163572
P002,2026-01-01T12:55:30Z,4214,77.03703164281094,98.47581480643083,16.10221641852157,36.567521513705856,125.81727427628803,80.44884975332882
P003,2026-01-01T12:55:30Z,4215,91.21092590267367,94.01025411469699,26.248635313811914,38.2534193404464,136.31461577253177,88.18246788762661
P004,2026-01-01T12:55:30Z,4216,83.50262411106827,97.27230421632196,19.419437458846904,37.12398267087461,124.49927730076307,70.90862291999471
P005,2026-01-01T12:55:30Z,4217,67.92886845887183,96.77908920368091,17.22507614571372,37.12389191050324,118.68718508991536,87.60148969100385
P006,2026-01-01T12:55:30Z,4218,120.6746882231835,90.0826397807186,,38.627591889585105,132.8852650146105,110.5897843675031
P007,2026-01-01T12:55:30Z,4219,92.18128562813993,91.29279379793601,23.991414810088,37.588587933814026,131.71512832514065,83.10929049359504
P008,2026-01-01T12:55:30Z,4220,103.56273599454782,90.83442481362863,,37.65078096559621,132.78575338830166,84.16601810150485
P009,2026-01-01T12:55:30Z,4221,76.07325730839516,97.22995534560314,14.697278292993868,37.16334009388382,125.46041095907859,62.09232958967292
P010,2026-01-01T12:55:30Z,4222,75.7338964573359,97.36567261163763,14.841786628263899,37.22774537335905,134.80503017525967,74.81387742050566
P011,2026-01-01T12:55:30Z,4223,72.58975843643869,95.40886475700506,15.00542568151823,37.396159433931594,124.383179498522,80.54722961223499
P012,2026-01-01T12:55:30Z,4224,106.80977643590613,89.30049133101485,31.533779041108662,38.399648865564856,140.8869116456994,103.55334700672726
P001,2026-01-01T12:56:00Z,4225,90.12260890935373,93.25087258169627,23.38310049012124,37.85462939361858,154.7051614005095,83.12451977016659
P002,2026-01-01T12:56:00Z,4226,69.77983934721642,97.31425587150432,17.20222222494873,36.737383128032725,109.63820075898714,67.82784394884892
P003,2026-01-01T12:56:00Z,4227,94.04783503192395,92.32801306477718,23.530502172380842,37.19872541211098,178.60205568862932,82.56280502501444
P004,2026-01-01T12:56:00Z,4228,74.01406785717877,,13.177600216971703,36.652748627779076,138.68245378847843,76.954580491582
P005,2026-01-01T12:56:00Z,4229,77.96888336504529,98.51731853675828,13.941606417012736,36.88348948798401,120.47993320021888,74.71624576650449
P006,2026-01-01T12:56:00Z,4230,119.59933198399217,87.83482090704305,20.967630678343205,38.104661704564734,162.4789793556704,98.824742213103
P007,2026-01-01T12:56:00Z,4231,97.31552507953195,91.4296361942585,21.643746178909915,37.917183200355545,162.55486635148864,85.31662942550071
P008,2026-01-01T12:56:00Z,4232,110.56052475893306,90.79152071234316,24.81961424075917,,137.87636325990576,84.44857262175749
P009,2026-01-01T12:56:00Z,4233,82.05561291656373,97.6397054299109,15.112365162088203,37.14643927446919,124.69358139237082,78.71430992432185
P010,2026-01-01T12:56:00Z,4234,76.2627285311882,96.7075828485736,14.517580541827147,37.13797865719432,132.84808527067162,91.59499814070688
P011,2026-01-01T12:56:00Z,4235,82.14533901027902,98.70055134149864,14.803179599841709,36.75229707878981,120.0635995692361,71.30665502714172
P012,2026-01-01T12:56:00Z,4236,110.76982758850917,82.01012203829042,25.842077537436,38.619526116608995,165.6629657805119,100.38705187226454
P001,2026-01-01T12:56:30Z,4237,101.31054961154035,93.73396932369964,22.881951928328213,38.033102245698075,155.9243211981186,89.58580307239973
P002,2026-01-01T12:56:30Z,4238,74.65712637766228,96.86363645195676,15.638675521122456,36.95908962566444,104.24574419645802,77.41247347264091
P003,2026-01-01T12:56:30Z,4239,86.64706578566819,94.22503375764919,23.978391997198393,37.58327089955494,138.8947086265458,72.23240528716755
P004,2026-01-01T12:56:30Z,4240,82.54491043210263,97.94603239022206,20.040265005506658,37.17730349953282,132.40999131646262,78.52249338237857
P005,2026-01-01T12:56:30Z,4241,77.60740952480998,97.34668063868197,15.964564167620967,37.05976004879452,128.23521582444755,
P006,2026-01-01T12:56:30Z,4242,129.83856263230226,86.40522867645524,26.01743429005618,38.29264879124212,170.51153464126637,91.3351871753467
P007,2026-01-01T12:56:30Z,4243,89.46972570979287,93.80983662125793,24.9775785884989,37.76856015114546,144.5343141037531,85.37229420466636
P008,2026-01-01T12:56:30Z,4244,109.75570649360773,92.98744902445671,24.255578240994204,38.089801075435375,151.84330915036176,94.13400255544576
P009,2026-01-01T12:56:30Z,4245,89.78462146464392,97.52305838266687,13.605686555418004,36.81295327181274,127.58712149600541,73.97644165903725
P010,2026-01-01T12:56:30Z,4246,74.32571120657983,96.85145470541732,17.03390513406881,36.43988976878136,,81.22390350517124
P011,2026-01-01T12:56:30Z,4247,70.34125055357559,96.81946460266819,16.453966821613292,36.85115182554138,117.59527317140116,82.06814685153155
P012,2026-01-01T12:56:30Z,4248,104.70718406679151,88.43262381641256,31.124559729293455,39.32368930006136,175.50687581855522,119.2159534290228
P001,2026-01-01T12:57:00Z,4249,,92.77448024249007,20.830476863992406,38.122626818842,135.76954674375384,87.85478121473386
P002,2026-01-01T12:57:00Z,4250,73.70650812661736,97.91475050179244,16.55763693046792,36.708646536870106,116.52996851103757,90.18642567512295
P003,2026-01-01T12:57:00Z,4251,110.30284107656472,93.87819193179082,25.419426463559383,37.754274821040546,,97.63934467700683
P004,2026-01-01T12:57:00Z,4252,60.346099148718935,97.357746866509,20.345548349246123,36.99599562829905,148.66971771275033,77.0806931661088
P005,2026-01-01T12:57:00Z,4253,76.05229201956716,97.75416819147985,18.560163986404024,36.25266562331343,109.4146518117766,78.24369692313067
P006,2026-01-01T12:57:00Z,4254,123.66228571490436,88.89605791026476,27.893372437137558,38.509568842352614,,92.96013164430978
P007,2026-01-01T12:57:00Z,4255,94.11457830422178,92.45541332953911,23.779323884463178,37.235737800016786,135.77108484422192,99.48254710745235
P008,2026-01-01T12:57:00Z,4256,98.72557658987046,93.30519647048745,25.070690934390303,37.83506075461538,135.5736672835869,93.29175391381438
P009,2026-01-01T12:57:00Z,4257,67.8825993300192,96.78567446220005,14.398828284441386,37.02827039772792,124.72284261926653,71.82299714701381
P010,2026-01-01T12:57:00Z,4258,76.41353080727167,99.08805674922667,16.982954320668128,37.428841338983766,144.69664483292436,67.9626501489922
P011,2026-01-01T12:57:00Z,4259,89.33978940986076,97.6386443910998,13.28164450420929,36.58421555217345,103.77393591364329,85.14636275148423
P012,2026-01-01T12:57:00Z,4260,121.28859783322113,85.9473457316708,,38.44854904685766,,114.49581016975957
P001,2026-01-01T12:57:30Z,4261,100.3239638528034,93.07682960052313,21.783442718481385,38.22879479797436,134.16213846242513,86.37180160490595
P002,2026-01-01T12:57:30Z,4262,90.45784308762691,97.33092190110636,16.3335381456424,37.24431740649279,112.22283091754723,59.80006476262879
P003,2026-01-01T12:57:30Z,4263,102.89961999837742,95.20490375204804,20.286951929771316,37.96852411668338,,97.81752231508855
P004,2026-01-01T12:57:30Z,4264,69.43833188998185,96.45784113869276,15.00592320101371,36.66744441551535,117.36902079181357,72.32896822825151
P005,2026-01-01T12:57:30Z,4265,77.25672170220017,97.38943729865309,15.733389989922347,36.81912666062383,122.484273368798,78.57422161252025
P006,2026-01-01T12:57:30Z,4266,120.84370005857636,83.67928257395296,20.063684194661676,38.587207966117255,167.65253952934665,111.95513609051119
P007,2026-01-01T12:57:30Z,4267,120.8960021886643,92.05408119890413,23.210757132768236,37.842906079672844,141.5198357361952,79.89482293514449
P008,2026-01-01T12:57:30Z,4268,108.55984047439259,92.94577249046355,23.446073159752647,37.982834335441524,134.85290952205204,82.77975656009255
P009,2026-01-01T12:57:30Z,4269,66.09672770465266,95.93867949472757,16.731541594216093,37.8956566637971,123.74810089306737,79.99652985223887
P010,2026-01-01T12:57:30Z,4270,73.42141161637747,97.73626852101303,19.1352444744369,37.01069890308881,124.04224714431687,81.95769907395318
P011,2026-01-01T12:57:30Z,4271,75.60201639395173,96.75195070249192,16.19724663635297,36.55805332656865,130.05800744354255,86.34554238435646
P012,2026-01-01T12:57:30Z,4272,152.9789762379673,84.58774147123329,21.960733016200088,39.0697606317769,174.1993935230766,95.57127108146517
P001,2026-01-01T12:58:00Z,4273,111.31370472733639,92.69021190776444,25.44214507637314,37.710104528941635,150.20188697118476,89.40474880200786
P002,2026-01-01T12:58:00Z,4274,80.94916847749295,97.69381854198093,14.590616714484552,37.17543510191582,114.71860198029518,85.57953377939869
P003,2026-01-01T12:58:00Z,4275,100.69514436335457,92.07869240898987,19.391899392490657,37.62075029959102,145.2717902549922,84.52621472906611
P004,2026-01-01T12:58:00Z,4276,78.98421109871647,97.41652590451099,16.19721914710039,37.12898871694965,130.80093321066684,86.29977670365292
P005,2026-01-01T12:58:00Z,4277,75.29323661907263,97.80552654321184,15.30980384135347,36.72668881123327,114.78066365841612,82.14434608991377
P006,2026-01-01T12:58:00Z,4278,118.17678021451033,82.18509597307114,26.882098960861576,38.16241559020976,147.25170652152724,108.87763116667571
P007,2026-01-01T12:58:00Z,4279,110.56530966431927,94.4603603053312,25.83669887445414,37.57780636502961,144.82694932889797,85.47853404532427
P008,2026-01-01T12:58:00Z,4280,99.14470098642056,94.03548031943873,23.886127655760827,37.950458973230695,146.84595830511665,71.54971122644585
P009,2026-01-01T12:58:00Z,4281,83.9576859166024,95.26242008274384,10.696897670837576,37.42060367348319,108.22655178200321,75.56806528310871
P010,2026-01-01T12:58:00Z,4282,64.5521715956686,97.64971138356357,14.960775446292743,36.68306904525146,132.6630493795235,67.46134842157872
P011,2026-01-01T12:58:00Z,4283,69.93005519292637,97.1366247840317,14.613382136588504,36.07796678334336,118.21471361998218,82.75363443989599
P012,2026-01-01T12:58:00Z,4284,118.43481853824414,87.34845531311196,32.91367997615859,38.08735219799357,174.84154798766244,113.48223150797463
P001,2026-01-01T12:58:30Z,4285,113.55186355458974,93.42011599112347,23.630346983366426,38.057186173994154,142.72414729630702,87.13132612000416
P002,2026-01-01T12:58:30Z,4286,79.39153082654903,97.7831469366894,15.846586588022415,36.79514559851527,110.12219314367461,71.42166042928783
P003,2026-01-01T12:58:30Z,4287,117.1896850336521,93.42729138891328,21.710513052843236,38.052686321541955,132.8511707919754,102.47474439708785
P004,2026-01-01T12:58:30Z,4288,79.39870517672657,97.06288206363662,19.464399370351845,36.86439569687991,128.61388770336404,69.95758846236566
P005,2026-01-01T12:58:30Z,4289,80.05430542209186,96.97883624473351,17.696456963622488,37.13064119317272,121.7522717044242,73.55677632221206
P006,2026-01-01T12:58:30Z,4290,128.5621946561202,84.95339148572214,29.04014692226248,38.02940960932616,159.70360752048552,108.89364191834565
P007,2026-01-01T12:58:30Z,4291,109.57182340180734,93.80607034885008,25.44557268577609,37.56229302986356,132.09229724345306,84.94904345718605
P008,2026-01-01T12:58:30Z,4292,102.48702382661683,93.26743576374656,25.303545260548105,38.79750201846264,146.17237281558062,82.41622979292531
P009,2026-01-01T12:58:30Z,4293,71.6076975662953,97.6098972512426,17.74483029058194,36.77933770980678,125.91482579262035,75.35757255595645
P010,2026-01-01T12:58:30Z,4294,74.9491090964969,96.9436059315604,,,123.13322440108705,73.67613728017737
P011,2026-01-01T12:58:30Z,4295,84.7469692950328,96.75470529910191,13.832012373997436,37.18353743022641,122.13886135179503,76.89974116706703
P012,2026-01-01T12:58:30Z,4296,156.93400472075496,88.20455628260702,30.278858199783624,38.474671238120855,171.3005949464954,100.23617942814106
P001,2026-01-01T12:59:00Z,4297,104.66478116574399,91.94620875732656,28.94707392889843,37.62968761698512,158.085418664667,94.96055369592104
P002,2026-01-01T12:59:00Z,4298,76.08566604781693,96.655930120911,15.276560657037225,37.412059078053645,115.07385474002174,68.35559954475272
P003,2026-01-01T12:59:00Z,4299,105.05653612691933,92.3077434427319,26.925847915429827,37.90644490096271,142.68683108943694,85.342114685638
P004,2026-01-01T12:59:00Z,4300,74.38642827943184,96.4404840834009,12.67057448854274,36.766223752475,112.57667041340031,70.21246585701186
P005,2026-01-01T12:59:00Z,4301,79.50814640191805,98.64329664898247,13.660645415197017,36.63425260543577,116.03653796584975,80.19814032537882
P006,2026-01-01T12:59:00Z,4302,103.28523025522503,87.57900386820928,23.885760311896387,39.247285898335655,134.17462571918017,98.04691863263577
P007,2026-01-01T12:59:00Z,4303,101.4070386517997,92.51438847631212,21.894971198063594,37.794236084742565,139.65422695841113,81.80768994137439
P008,2026-01-01T12:59:00Z,4304,101.33486159900187,94.73343390417894,24.417427431502347,37.60608473014899,132.30630468625208,86.0216302511813
P009,2026-01-01T12:59:00Z,4305,74.34335387542909,,16.167375154054774,37.32421125555462,122.39005717541637,73.33180225593726
P010,2026-01-01T12:59:00Z,4306,75.0820875389043,96.93851260655389,16.57093565084336,37.2135790383877,,80.64012293965311
P011,2026-01-01T12:59:00Z,4307,71.45895667594132,98.27363123601437,16.061181976340503,36.84438068410345,122.48826300418185,78.78603608612543
P012,2026-01-01T12:59:00Z,4308,110.00686556920941,91.48361385145009,32.250078676750256,38.924920306315805,147.76611411119208,97.17398218459915
P001,2026-01-01T12:59:30Z,4309,101.54050593717756,92.26939499698999,,37.89493950467164,138.70076706774674,85.03562784660257
P002,2026-01-01T12:59:30Z,4310,83.09751602218942,96.69546518168751,15.754580524966624,37.02810513897265,130.63253428055876,83.99147417354716
P003,2026-01-01T12:59:30Z,4311,99.22590776798967,92.28814583549124,24.96987920072144,37.89086892032801,136.5577754901842,97.21617444176665
P004,2026-01-01T12:59:30Z,4312,72.18889482832466,97.16031745434141,13.783005967903414,37.127594305578164,135.7364948563117,76.69489773245238
P005,2026-01-01T12:59:30Z,4313,80.91075267018851,97.47471168079106,14.097109910909026,36.345377270553094,116.26767914219653,79.72945074838033
P006,2026-01-01T12:59:30Z,4314,111.33175175488184,92.71662985244079,21.707954536691656,38.18760524528873,165.35377075269054,103.16671610523665
P007,2026-01-01T12:59:30Z,4315,109.02325325069573,92.9720577553851,27.37021860726512,37.95076690423501,154.21832050105115,67.70959467524806
P008,2026-01-01T12:59:30Z,4316,105.71443798323332,93.67761289354969,21.872507462500675,37.64212680824388,152.74616045714765,86.7817382223668
P009,2026-01-01T12:59:30Z,4317,78.3818299200101,,16.344994979295393,37.05307566311576,125.76557018393201,83.70871974823315
P010,2026-01-01T12:59:30Z,4318,75.23165978056959,97.63222053609854,18.081349637166454,36.812645069219506,125.68553513545639,80.38716804473258
P011,2026-01-01T12:59:30Z,4319,,98.12984026897828,16.825463934203082,36.29404790744797,117.1658339691992,78.64987851101586
P012,2026-01-01T12:59:30Z,4320,124.27696525378917,87.68737583294373,27.07098973725502,38.5580450242194,177.79083662864815,97.20005048110532
P001,2026-01-01T13:00:00Z,4321,110.8645580640331,91.80318900735959,25.57774201354016,37.838581745806025,138.31467413574774,81.81212013825899
P002,2026-01-01T13:00:00Z,4322,77.29914880551325,95.85459678848858,17.130501492885827,37.02951499477278,139.22798018320364,77.76180529226626
P003,2026-01-01T13:00:00Z,4323,100.69435064658497,92.25482610223736,21.068180585692197,,141.76794492131884,89.67875801617656
P004,2026-01-01T13:00:00Z,4324,71.41651398164242,96.84687348287149,16.48581240524368,36.86892899333762,134.27914816179634,84.20771259653394
P005,2026-01-01T13:00:00Z,4325,81.69934428026039,95.84614609290334,19.493837999938624,36.665608612962465,118.85809283879586,74.36897349169018
P006,2026-01-01T13:00:00Z,4326,130.19306043645534,92.38613750492034,21.539833617665305,39.41177857953928,164.67561970624962,89.84157632609029
P007,2026-01-01T13:00:00Z,4327,95.0509804380812,93.59011344343479,22.18760227360955,37.9408354875404,160.8443834309939,85.88145019289361
P008,2026-01-01T13:00:00Z,4328,96.15440708112038,90.25789550681773,19.324597538292423,38.424836207998375,144.91591156857464,76.94650654300219
P009,2026-01-01T13:00:00Z,4329,78.29789493137605,96.87038169657005,16.765182840243455,36.50132875639144,130.9952938445058,79.03034678025664
P010,2026-01-01T13:00:00Z,4330,81.8513015069121,98.74292761264681,16.757466600571007,35.95194364629658,111.94907945815925,98.97387262620941
P011,2026-01-01T13:00:00Z,4331,89.21305984690872,95.92479578132027,14.829385802381466,37.21469842874464,117.02187259839486,80.91809686581905
P012,2026-01-01T13:00:00Z,4332,127.74035663060218,88.95124888078416,29.457574166048012,37.80418063225029,169.16785154749678,101.41601976319969
P001,2026-01-01T13:00:30Z,4333,101.62116008967146,91.22606320558472,24.877909216240578,37.31590867839706,,83.5864400875837
P002,2026-01-01T13:00:30Z,4334,73.91568482182085,96.91783271543457,16.329061163438524,37.20032941775081,,70.237312198348
P003,2026-01-01T13:00:30Z,4335,99.1825948601151,96.16767601469438,18.07017350759532,37.85365173906209,152.51976396611147,88.22959110777438
P004,2026-01-01T13:00:30Z,4336,75.31572211700173,97.69704718137669,17.692770614241674,38.01907718995954,134.58841893513687,70.78955404388222
P005,2026-01-01T13:00:30Z,4337,74.98749354294854,98.35627618350239,15.035508170496517,36.86530808422289,137.94350460330304,83.8087564927325
P006,2026-01-01T13:00:30Z,4338,120.60630217295282,90.63044547639758,24.322958294922003,38.12917939510015,146.63694201334562,93.51963731306932
P007,2026-01-01T13:00:30Z,4339,91.16876296546342,93.90422400909152,27.690062386128304,38.140204638378655,148.32892850457185,96.22286208213636
P008,2026-01-01T13:00:30Z,4340,99.94001329664523,92.71459688910032,23.800832244526617,37.28834069114377,135.2315237749243,89.15665340053856
P009,2026-01-01T13:00:30Z,4341,77.97110327260036,96.4077697993169,16.829471924140936,36.71296839206682,127.87780107290936,77.74098028536625
P010,2026-01-01T13:00:30Z,4342,81.0527038948317,97.30844866206905,16.20852798927311,36.79383751911124,105.63183362369182,78.20248798018358
P011,2026-01-01T13:00:30Z,4343,77.99648035154054,97.299860386989,18.418902022657566,37.81754683868982,126.56702621177202,83.44837487630267
P012,2026-01-01T13:00:30Z,4344,134.40240462059955,89.06178959667139,25.6326914681364,38.88472056492845,169.94365381331505,89.80361461979781
P001,2026-01-01T13:01:00Z,4345,118.6810726492141,,25.148310208544885,37.90532217804273,161.01259554236185,96.53369545191536
P002,2026-01-01T13:01:00Z,4346,74.52461640708476,96.5621759617151,17.85198520031599,37.12128110874349,133.01245830003054,71.48832726698623
P003,2026-01-01T13:01:00Z,4347,102.1483946952308,93.67046392229472,24.905101159822113,37.538952737414235,134.76169926519572,86.714883285685
P004,2026-01-01T13:01:00Z,4348,,97.12706675582118,15.592818371271028,36.859363302806216,114.40436275040892,68.9336364079486
P005,2026-01-01T13:01:00Z,4349,57.75001367872035,97.3699010872553,15.056159960699636,36.560035110641465,133.08822292801258,83.57828765754695
P006,2026-01-01T13:01:00Z,4350,130.48076368118396,86.18870123057741,27.649460990481213,38.03860335506259,167.19872813327072,95.23026935611723
P007,2026-01-01T13:01:00Z,4351,100.14175351048083,90.83055359230565,20.154112006571168,38.21474700029941,140.04512749961572,82.02931760039964
P008,2026-01-01T13:01:00Z,4352,102.44712299754129,93.06361654510415,25.953253676037804,37.290665613260025,134.8336471630202,83.65305836905978
P009,2026-01-01T13:01:00Z,4353,77.29971257487406,97.0648093558642,16.13308671251662,37.1232995219775,123.92542370613064,72.81482690348268
P010,2026-01-01T13:01:00Z,4354,78.71197697059358,97.75141505885973,17.275736426062448,36.90142696884435,106.8666895334335,73.80672087846261
P011,2026-01-01T13:01:00Z,4355,,97.31901143697776,14.44558515005086,,120.51771661564995,80.92548531902439
P012,2026-01-01T13:01:00Z,4356,117.47041141627116,88.86059765305397,27.36680413737434,37.61700533154512,166.30218852132893,111.14646638215251
P001,2026-01-01T13:01:30Z,4357,100.50435289447995,92.50826781087079,17.60490549121388,38.36577289571169,142.50644099054023,79.7708081794087
P002,2026-01-01T13:01:30Z,4358,74.27091424499088,95.67014942851242,17.27803166572733,36.69653209130969,127.93924413803177,77.71072633352831
P003,2026-01-01T13:01:30Z,4359,105.99949174471544,,21.942869187421252,37.41220876981466,127.22273790499042,87.91271614081874
P004,2026-01-01T13:01:30Z,4360,73.33980079057851,98.02861042686386,18.79509865998093,36.84290850888343,129.80421573096066,86.48660778501733
P005,2026-01-01T13:01:30Z,4361,74.4501319709612,97.58247463137253,18.44278033683843,37.34318888230562,133.0716084975491,72.05844232936207
P006,2026-01-01T13:01:30Z,4362,142.42251751963994,84.25395872581971,21.42042616607428,38.44726538660657,160.93605928830667,105.6996951179297
P007,2026-01-01T13:01:30Z,4363,102.55896056665387,93.87735021141471,22.155357835732662,37.632003693358016,,
P008,2026-01-01T13:01:30Z,4364,102.35954836946486,91.8283819968174,24.586658443994516,37.71100158374119,,81.54891970640938
P009,2026-01-01T13:01:30Z,4365,70.09828009724772,96.51156390131433,17.45900070746607,36.871631440624576,120.8951881824428,81.37460149759652
P010,2026-01-01T13:01:30Z,4366,75.12856533749125,98.11523031544746,16.723054496377785,36.47756427490143,99.07438848348268,71.95552854231425
P011,2026-01-01T13:01:30Z,4367,78.09921267765006,98.63685333029461,12.377328783803543,37.412905849961284,98.96781463806701,73.0438335758189
P012,2026-01-01T13:01:30Z,4368,120.08264531687784,90.96051677535303,29.257224119284007,38.43753464993838,166.6670614507795,96.27861304733524
P001,2026-01-01T13:02:00Z,4369,97.45282465408525,93.3318387045221,23.02715463430301,37.765345247857624,145.32407250544549,82.81981242905012
P002,2026-01-01T13:02:00Z,4370,67.00512314529435,98.89972308352277,15.131713693986276,36.595590073868,,82.602588479681
P003,2026-01-01T13:02:00Z,4371,96.12258719581278,92.03857904674469,22.92008007572757,38.32871559314637,142.79903377315264,110.26096113896986
P004,2026-01-01T13:02:00Z,4372,73.72186358923565,96.94345870810734,11.345110248137745,37.15771572912407,118.5876160853777,84.87827116303197
P005,2026-01-01T13:02:00Z,4373,68.33777415224765,97.83101436130863,14.603151460175468,36.92212556224501,123.86685184831333,79.53704265421426
P006,2026-01-01T13:02:00Z,4374,135.3820276807445,93.1895286858474,32.78477944327005,38.53285209496838,157.5247682232475,91.78117035670275
P007,2026-01-01T13:02:00Z,4375,99.16395071030468,92.84666552927588,23.388657859429205,37.3108369841649,136.08516573817343,90.82826672915213
P008,2026-01-01T13:02:00Z,4376,103.69824000240281,89.99964835285546,24.63463757297733,38.15535827368227,154.54626625007188,95.17972376142991
P009,2026-01-01T13:02:00Z,4377,85.2430643637319,98.27745633877981,14.618847821578397,37.002201596607925,124.96963303667678,79.5078296167442
P010,2026-01-01T13:02:00Z,4378,80.5874293953037,96.25245153839838,14.530000461255616,37.060488090861384,106.44455496045029,84.62870372405708
P011,2026-01-01T13:02:00Z,4379,76.77750852582241,96.85780135102365,19.167908754745916,36.82614493479378,134.9355469943262,78.59954625588037
P012,2026-01-01T13:02:00Z,4380,137.83882413041675,88.65690420202206,24.26707663377461,38.2611845204695,198.15090401614094,85.08204505480158
P001,2026-01-01T13:02:30Z,4381,113.14077990657053,91.31350500018983,21.761039128415806,38.362857996127886,130.452873574373,89.55311323283932
P002,2026-01-01T13:02:30Z,4382,77.12817829382374,97.48146268105361,14.388259068438021,37.129871751654825,124.29503143363598,71.12349906686885
P003,2026-01-01T13:02:30Z,4383,103.54891143627493,93.55203755094804,23.284405449872633,38.05813136731827,130.6678907271553,77.34422832922242
P004,2026-01-01T13:02:30Z,4384,89.94024986513068,96.06719114451009,14.110536173894069,37.24487041036536,122.17771834142421,73.39315573042444
P005,2026-01-01T13:02:30Z,4385,71.4399393259405,97.0601897068803,14.501827852084915,36.80760366725064,125.13307275651313,75.11508851499497
P006,2026-01-01T13:02:30Z,4386,106.72120421899487,87.20164571281076,28.574824868974314,37.41818203535463,175.8167216210049,96.91881368969443
P007,2026-01-01T13:02:30Z,4387,104.29460834937942,91.44146615550477,24.162968236424444,,114.78583059167907,93.12801034777264
P008,2026-01-01T13:02:30Z,4388,112.42785928372884,91.30717328372884,17.70512702953679,38.22643543153463,154.2085182017426,89.8192091339734
P009,2026-01-01T13:02:30Z,4389,63.08399485859081,98.07151898161055,17.888409219694225,37.02115410387329,132.68863800780665,73.30934195303333
P010,2026-01-01T13:02:30Z,4390,79.3055545645991,96.89715021822627,18.723390148879798,36.764419767877065,125.86594848216681,74.42234142412556
P011,2026-01-01T13:02:30Z,4391,74.15656688352074,97.162156634305,16.702759055775502,36.676048542264745,116.86282085675883,78.53568455464912
P012,2026-01-01T13:02:30Z,4392,129.5343371561558,88.83029377122635,24.88833071220526,38.439106476853866,167.1600793927466,101.83116586626473
P001,2026-01-01T13:03:00Z,4393,100.92699961089741,92.75893926056794,27.541660569451352,37.75677103683809,127.839570279879,82.35836058672862
P002,2026-01-01T13:03:00Z,4394,81.20378159918356,98.01559100022328,17.68893248095857,36.72041094568606,119.07760093007981,74.1494243909132
P003,2026-01-01T13:03:00Z,4395,98.90136925495011,92.08504546574183,21.535699579636685,37.84300220575273,144.1399357508881,77.4125852842352
P004,2026-01-01T13:03:00Z,4396,73.8778719350942,97.10004992419529,17.608962787792137,37.383779489774895,117.85675368060822,76.40515753662424
P005,2026-01-01T13:03:00Z,4397,84.84310194043343,96.94444425758044,19.326138589569805,36.867619610892895,115.72317502829782,82.11804095008006
P006,2026-01-01T13:03:00Z,4398,130.37912833978478,88.01000047187848,28.0892657886119,38.59449792331268,162.0304873360128,
P007,2026-01-01T13:03:00Z,4399,102.79985150395187,90.53808696674369,25.173662217108866,,138.47359370696145,80.73603830240637
P008,2026-01-01T13:03:00Z,4400,111.41734969581844,92.75966160072909,,38.42424358902299,141.3709419243381,76.33071830316977
P009,2026-01-01T13:03:00Z,4401,74.05138821836597,96.84347148662007,17.516295070535307,36.669969377629315,122.58021755504696,81.24895347478815
P010,2026-01-01T13:03:00Z,4402,84.1224738354932,98.07421373454378,15.448860817717287,36.87860503931599,126.13485459028725,80.88076750290043
P011,2026-01-01T13:03:00Z,4403,83.87462577431728,95.85369714011608,15.401654219940959,36.63864763258249,107.71620081687993,85.08452585026492
P012,2026-01-01T13:03:00Z,4404,145.43079971697009,89.44202981491935,26.414436082837497,38.29427237898897,177.42070285018286,105.32734498477815
P001,2026-01-01T13:03:30Z,4405,98.44432385288093,92.56777641879331,27.393356652304856,38.53591189267391,149.24594307794655,91.02642121153573
P002,2026-01-01T13:03:30Z,4406,64.62916561041027,97.95833700062752,18.406987144188808,36.98648078521577,120.4860635077395,72.60367038260365
P003,2026-01-01T13:03:30Z,4407,121.76229598407622,94.14337598430434,22.56976907782419,37.459223192719975,140.27357772695242,86.45614103689746
P004,2026-01-01T13:03:30Z,4408,79.6150050438246,95.53393711482127,17.71724569451092,36.597348182911695,124.7432321753109,77.74124326605926
P005,2026-01-01T13:03:30Z,4409,73.88376670833021,96.59438511864018,17.299111955885106,36.99797464298444,140.29060525874667,84.06674979011785
P006,2026-01-01T13:03:30Z,4410,113.74454886417259,89.13894839047184,23.307726760065645,37.91277598346192,177.174593335076,102.03211389531944
P007,2026-01-01T13:03:30Z,4411,99.7255158868105,92.70718597374632,24.40635601023084,38.100505334711514,152.58606396810197,92.78370232699716
P008,2026-01-01T13:03:30Z,4412,95.80489470935589,94.30548514804676,24.989087591465477,37.887244862047325,148.9744616879919,79.71823176864847
P009,2026-01-01T13:03:30Z,4413,87.900504615704,96.65687498289411,16.923680910614106,35.99166849158842,121.36166326281416,81.62435393120862
P010,2026-01-01T13:03:30Z,4414,84.60814193321848,95.86556799842907,15.787020058751196,36.56901156729042,124.70892256362386,78.19820961554154
P011,2026-01-01T13:03:30Z,4415,62.317107308545744,98.03422450832177,18.389672298801393,36.374935316163324,132.87236766312066,80.40889998931245
P012,2026-01-01T13:03:30Z,4416,131.90258825706377,85.80511673437734,32.734496538305244,38.96492005281838,162.8912721387712,108.08164857284856
P001,2026-01-01T13:04:00Z,4417,95.78196314581652,93.35626211005099,22.71990131867232,37.87408988701684,149.49746572178893,97.4848637301439
P002,2026-01-01T13:04:00Z,4418,73.93826311698504,96.9590168219113,21.14734622967045,36.60359653016965,109.05740019643176,85.35319272561948
P003,2026-01-01T13:04:00Z,4419,116.12540490844637,91.64449436885376,27.580971935590334,38.43135208835311,139.6155392142037,85.86786293642805
P004,2026-01-01T13:04:00Z,4420,79.22300346242218,96.66288823934124,19.54494625827724,36.83888892543346,131.26995936994942,70.42941077832337
P005,2026-01-01T13:04:00Z,4421,66.87561198464472,97.33370761472484,14.414199042577295,36.879372051951115,134.41317264471346,88.42701175534594
P006,2026-01-01T13:04:00Z,4422,111.83304510394572,87.37890261290745,29.49881047564265,38.55137192747928,154.97854791861116,95.98891011957286
P007,2026-01-01T13:04:00Z,4423,105.70913652225856,94.6342705092317,24.126179846856456,37.72255240961614,146.31038021834863,88.36463206938399
P008,2026-01-01T13:04:00Z,4424,100.08399905170995,92.01675266429906,20.79370045476618,38.189581653244545,135.18657363633264,86.9840255327176
P009,2026-01-01T13:04:00Z,4425,75.80635120415533,98.46019047496544,16.10666544466695,36.89394604013053,115.82026589921217,61.205309048806605
P010,2026-01-01T13:04:00Z,4426,82.10914924994975,97.53115002454767,16.697037424143783,36.71739757756954,128.26698791113304,83.64168804178976
P011,2026-01-01T13:04:00Z,4427,81.05258214954368,97.24156403946843,17.925416829673367,36.704139299322435,120.32058835146319,71.71841742733685
P012,2026-01-01T13:04:00Z,4428,137.89614462988652,90.65533010991147,20.968556513736715,38.65489961981547,167.17305975203357,113.18029302647687
P001,2026-01-01T13:04:30Z,4429,93.02860572136363,92.79164386690061,22.928027141567473,38.00904393542922,142.80809304352147,87.47348991803388
P002,2026-01-01T13:04:30Z,4430,66.48778558180058,98.1337921005398,15.91353283025378,36.89402471586769,121.97574551472098,80.92423914087766
P003,2026-01-01T13:04:30Z,4431,92.10782407057853,93.15686772418944,,38.207380703365814,,79.10578630506168
P004,2026-01-01T13:04:30Z,4432,76.33590543737964,98.66490211395568,11.186286706199748,37.045904971751064,,65.43819430596494
P005,2026-01-01T13:04:30Z,4433,76.94302957824398,99.31894038010593,16.51849767074865,36.93375195750988,125.78823334900159,77.8425426467604
P006,2026-01-01T13:04:30Z,4434,121.15523485636966,92.43000258643517,26.21613845039477,38.003247748596586,195.93086558069348,92.83698642001343
P007,2026-01-01T13:04:30Z,4435,104.06784648696085,92.41077741432332,22.25447870528293,37.87037928034995,151.02369592398802,93.5724289183176
P008,2026-01-01T13:04:30Z,4436,112.75801664805846,92.91829691020781,25.051225331551812,37.975596387242426,147.40039937159176,87.06247665536657
P009,2026-01-01T13:04:30Z,4437,71.19423490226347,98.14462426893792,16.289450819425078,36.64097836643181,,79.86783379773198
P010,2026-01-01T13:04:30Z,4438,75.07902655818222,95.43566202898647,18.198678855634,36.49975040760411,114.74324047871463,78.50288596260022
P011,2026-01-01T13:04:30Z,4439,66.45701837338551,96.72507832599244,18.46091082156882,37.144699310622684,118.00611888219245,71.92155137062369
P012,2026-01-01T13:04:30Z,4440,124.44133200952271,86.21498138483275,30.35177516062218,39.16262406475985,195.79630450521876,104.66696649010589
P001,2026-01-01T13:05:00Z,4441,115.49064120738721,93.46324943928752,26.347883968057662,37.62259239021499,147.81548456230317,
P002,2026-01-01T13:05:00Z,4442,75.53297136766352,97.56792896127718,11.941122989446868,36.86863464466722,112.66254736431421,86.67907848842322
P003,2026-01-01T13:05:00Z,4443,111.72913320689243,92.68674250464107,22.029440462358004,37.84778714909766,151.13153202265786,83.45299209908308
P004,2026-01-01T13:05:00Z,4444,69.0862197228291,97.18830445280558,,37.14275828403023,129.7228851480193,77.65175349546843
P005,2026-01-01T13:05:00Z,4445,77.49425484630737,97.1218636256035,16.498210453753885,36.860509474153346,110.4011474340112,79.79206342046221
P006,2026-01-01T13:05:00Z,4446,123.21052839304339,88.87251307532465,27.51405079738563,38.28646841903298,163.1658158776359,96.09320803585092
P007,2026-01-01T13:05:00Z,4447,95.55250161217435,93.84192299879923,,37.92725325343209,148.37794753333202,99.76778770340643
P008,2026-01-01T13:05:00Z,4448,101.46600558116782,90.54758985540487,29.97946194247516,37.822817348842285,146.08727067982858,96.0860240151519
P009,2026-01-01T13:05:00Z,4449,89.08223589480711,97.74215699267548,14.782255651674895,36.47785945491097,128.27820197855752,86.30443648209057
P010,2026-01-01T13:05:00Z,4450,79.33343655779376,97.65191557046624,18.175907148324498,37.01058649735741,128.11880469799635,80.08868364281355
P011,2026-01-01T13:05:00Z,4451,83.88542574336704,97.39072797309832,13.153181518039325,36.545406936276564,119.84790589930931,82.3307376485463
P012,2026-01-01T13:05:00Z,4452,122.7476208735432,92.05421440862092,26.308579072733576,38.63822161630849,168.5473312015258,102.81568429740113
P001,2026-01-01T13:05:30Z,4453,107.96032666547366,93.0507777610144,21.519996717786086,37.93789277839902,142.83737385000447,83.14593516944832
P002,2026-01-01T13:05:30Z,4454,,95.94273350317759,16.186943180678217,36.93907496941965,119.74376928688397,86.54286424613196
P003,2026-01-01T13:05:30Z,4455,102.78399397002727,93.73264923004955,24.026620958169435,37.71644909448199,122.72170743631898,75.45011732144901
P004,2026-01-01T13:05:30Z,4456,66.3902939242126,96.9829661535328,15.465222951372919,36.797320096531564,131.90099693728038,82.58605449447322
P005,2026-01-01T13:05:30Z,4457,75.30968441531093,98.22173038212436,15.580746499394717,37.05560659249706,126.40145013053255,75.17116833414218
P006,2026-01-01T13:05:30Z,4458,109.08662158583229,86.65245413658211,,39.47604472810258,179.2908642861591,112.80573232367
P007,2026-01-01T13:05:30Z,4459,97.83611557515235,,22.882961624285613,37.81718320086927,122.45838695678928,80.74855085746155
P008,2026-01-01T13:05:30Z,4460,96.87154079829763,,28.62518673173083,37.64085508676231,164.12588406583504,84.36781001153062
P009,2026-01-01T13:05:30Z,4461,78.18648181940485,97.40231402290088,17.456841022991497,36.75094593998112,128.64466241193736,80.58398782782892
P010,2026-01-01T13:05:30Z,4462,86.67299071397406,95.53052814552821,15.398794922983468,36.81056641013407,105.0044397516905,78.99536190220336
P011,2026-01-01T13:05:30Z,4463,71.5547376035146,97.97476060494813,12.068847117344099,37.078075514939286,105.51420526331522,87.8519794662126
P012,2026-01-01T13:05:30Z,4464,123.77922846643332,83.94925592655466,29.61141953128595,,177.83535209704235,99.88962078751965
P001,2026-01-01T13:06:00Z,4465,92.2027476633003,92.00060831307391,19.939514838617455,37.95247878853801,,92.55203226390877
P002,2026-01-01T13:06:00Z,4466,73.80367434175962,97.10792212341914,14.497214191511574,36.68135634777049,110.54263859545851,71.82891194580847
P003,2026-01-01T13:06:00Z,4467,91.2025244971716,93.12023679036444,21.433164224306473,37.3807822516599,133.2334377993718,90.20508257085152
P004,2026-01-01T13:06:00Z,4468,76.13199945935753,,16.210524097269154,37.23371812951683,116.32995241192118,93.99785751012524
P005,2026-01-01T13:06:00Z,4469,72.42538363876731,97.58914189063661,16.084043023501696,37.1924304843916,131.48257377334,80.00154685816632
P006,2026-01-01T13:06:00Z,4470,119.35148820995472,90.10368630168425,,39.35045310005506,171.29334521664302,98.8918790740269
P007,2026-01-01T13:06:00Z,4471,115.5458929714489,,24.428073754357097,37.81319098937829,155.23853041877038,87.6374868477105
P008,2026-01-01T13:06:00Z,4472,100.88132237283402,93.84676383549768,21.45917233307885,38.06439406735915,153.02279734954823,88.8094055363711
P009,2026-01-01T13:06:00Z,4473,80.6081699721565,96.39385696020474,14.109688477084273,37.060376124101396,120.46274506812814,65.89733378497243
P010,2026-01-01T13:06:00Z,4474,65.64984322347784,96.94129709243283,18.599080963390666,36.4427370332861,119.48051888237057,76.70897637325926
P011,2026-01-01T13:06:00Z,4475,80.6495088106382,97.18487405318926,17.309810535918775,37.094258362670416,114.12906502379369,74.43608481822571
P012,2026-01-01T13:06:00Z,4476,123.15278886294942,88.98956478602459,26.643558566509302,38.83459704535761,173.2928899177185,99.85883050022524
P001,2026-01-01T13:06:30Z,4477,102.65745928250962,92.98332284025587,22.410913839425827,37.67577515701443,155.61950353666518,76.91378663540993
P002,2026-01-01T13:06:30Z,4478,91.57474047483925,97.6878745770633,17.133241960095788,,111.25269548282328,77.00701420771306
P003,2026-01-01T13:06:30Z,4479,93.5475383852664,91.41206815969757,27.61199738870659,37.65059559094878,145.1127903450823,88.04951382149295
P004,2026-01-01T13:06:30Z,4480,70.63662429615582,97.64157355503798,13.430196289289846,37.206368168898614,120.19025658003761,78.7741684383938
P005,2026-01-01T13:06:30Z,4481,73.90808740520646,97.099834480615,19.475367952374377,36.47579578106505,116.25633965781289,84.48950692641992
P006,2026-01-01T13:06:30Z,4482,119.4050115609989,88.70120642090859,30.103294082357035,38.176509692384634,189.27625699634203,97.19341895969448
P007,2026-01-01T13:06:30Z,4483,104.09025122344318,90.41880885273457,23.553980963491,37.39544734015047,150.894870051138,86.33430819041419
P008,2026-01-01T13:06:30Z,4484,117.20721059514209,90.68935040853212,20.32848924577348,37.45971158718627,153.8281168759724,102.08005861093808
P009,2026-01-01T13:06:30Z,4485,76.53182050992342,97.99440288840978,15.001875108583636,37.02035652179049,124.4757690493115,78.60203380534118
P010,2026-01-01T13:06:30Z,4486,85.44804372087485,97.35309963900647,15.908006242739722,37.12762881544501,123.66760173393277,84.84207981375792
P011,2026-01-01T13:06:30Z,4487,69.59315281747423,97.01914422625946,17.66714162681121,37.358935591667404,115.23711885767932,77.8361018991278
P012,2026-01-01T13:06:30Z,4488,134.19758000485348,87.09529662889791,22.558178912220157,38.58390078893394,157.72105316929867,100.11287055589058
P001,2026-01-01T13:07:00Z,4489,103.7003731117105,93.06537154270887,24.130755856677343,37.74612277204203,139.9520164722652,84.50245307374749
P002,2026-01-01T13:07:00Z,4490,73.29381958592879,95.57609432158013,16.005871732937493,37.15648889268056,140.0927099744053,72.11870815059567
P003,2026-01-01T13:07:00Z,4491,111.83019656251622,89.25591172022273,25.072848244785487,37.634259915407924,140.09289275912002,90.26552612437901
P004,2026-01-01T13:07:00Z,4492,85.45631556075837,97.52428781082598,15.433523967228057,36.817114953794785,125.28253256465415,82.1465809505999
P005,2026-01-01T13:07:00Z,4493,81.73556102492567,97.52795567471757,15.004397323485238,37.14188657072975,118.5519350905363,67.1258625365643
P006,2026-01-01T13:07:00Z,4494,125.16762794112131,87.9322854233821,22.06464630779346,38.40974409169587,161.9443233210836,117.63799530844288
P007,2026-01-01T13:07:00Z,4495,108.99962856158243,92.96115007292916,23.39916749112351,37.55277274929132,156.52162755935447,74.65203009990431
P008,2026-01-01T13:07:00Z,4496,105.67307458256379,92.19283018105213,23.109002199213208,37.58796630873102,157.35430474039782,91.96824482489139
P009,2026-01-01T13:07:00Z,4497,77.73223534749427,96.02290671166635,15.581161703199623,37.167681552640026,123.30750615127897,71.71731819751952
P010,2026-01-01T13:07:00Z,4498,70.90428681343064,99.53070019786594,11.417245037085358,36.37191720426762,131.922324217927,83.31974151643006
P011,2026-01-01T13:07:00Z,4499,79.03952273052406,96.61437947972173,18.569857702321602,37.14387007685368,113.358634200512,75.12138598823447
P012,2026-01-01T13:07:00Z,4500,134.232342041576,89.02262938678562,32.520107073747525,38.522124563374604,153.2114726332093,86.91208569508984
P001,2026-01-01T13:07:30Z,4501,103.0487160563609,92.89652795347793,19.75575526186304,37.440244754085235,155.62280122749078,85.56154254033744
P002,2026-01-01T13:07:30Z,4502,71.92013213610389,97.12983630003193,17.148389557084773,36.77801271554821,132.3957062018214,88.49775951609786
P003,2026-01-01T13:07:30Z,4503,105.77538269327097,92.09525804119814,22.76900467670672,37.417053294926234,139.1497975931194,95.91726154181619
P004,2026-01-01T13:07:30Z,4504,93.2783635842822,97.21048809801634,19.403329184260954,36.95225933716024,112.63334593987364,
P005,2026-01-01T13:07:30Z,4505,67.24109301863156,96.61967293007085,12.049486188524881,37.08625667162383,123.82529465948292,70.95078613676071
P006,2026-01-01T13:07:30Z,4506,132.08750388520528,89.10382853639693,23.328605575445618,39.248433087420764,163.73448963750656,93.728905492303
P007,2026-01-01T13:07:30Z,4507,87.86787474721663,92.55147660169382,21.197559863067198,37.71182871889039,136.524887154573,79.78966745626037
P008,2026-01-01T13:07:30Z,4508,103.08133915213705,90.4837649484697,21.018245689100517,37.82365644407134,144.59049253218993,81.85784800697593
P009,2026-01-01T13:07:30Z,4509,67.6662903530179,96.93383522136844,13.461882859064396,37.15351273917471,134.35805619288456,77.96325354927475
P010,2026-01-01T13:07:30Z,4510,81.69230645862763,95.9435919103733,16.495639318557462,37.06622620240518,109.08951111018689,89.47332742435364
P011,2026-01-01T13:07:30Z,4511,80.18093938325757,97.68824167952374,,36.806786771449225,118.75977122091375,78.04661176430592
P012,2026-01-01T13:07:30Z,4512,121.32860898971633,88.48312430377136,30.413852583062166,38.60420779132571,125.00353763857552,93.58996276324875
P001,2026-01-01T13:08:00Z,4513,104.93175436224652,91.35292311317394,23.169623722863882,37.357982260609226,150.23348776693,75.64510841531498
P002,2026-01-01T13:08:00Z,4514,69.97312395195317,96.86496645682901,16.84809580569903,37.24566611616837,121.94065294029306,81.32759176718686
P003,2026-01-01T13:08:00Z,4515,99.26623009902555,92.84234690427805,25.50358002859913,37.77543993114552,157.25002009861092,97.83175748525561
P004,2026-01-01T13:08:00Z,4516,73.37353242284114,98.98402170381223,14.952785525246034,36.78706671611482,123.38249208662559,70.07583376310906
P005,2026-01-01T13:08:00Z,4517,75.00677392418959,97.56676535087246,15.90675128849842,36.87277953336997,113.58922034382988,82.02401895146656
P006,2026-01-01T13:08:00Z,4518,109.9281161071996,87.59844962594636,26.34576862848325,39.03160765145714,164.1917183776878,107.56516968994727
P007,2026-01-01T13:08:00Z,4519,97.79451872299644,91.61758861007604,24.107639042278976,37.09578767732799,156.5833408040455,88.31096214009686
P008,2026-01-01T13:08:00Z,4520,91.44028351930933,92.57591693679174,23.939288785451485,37.948945520732025,160.9402254146512,77.85340054932671
P009,2026-01-01T13:08:00Z,4521,80.69735456993634,98.34392052676893,14.77069578879605,36.79169538267745,125.08046128657482,74.97459829217738
P010,2026-01-01T13:08:00Z,4522,75.6758514329424,95.94839052453142,16.89767865133891,36.86787631724642,113.55308747755741,75.10598819068078
P011,2026-01-01T13:08:00Z,4523,82.69231180786588,97.69621020437694,14.59450485653536,37.23934757148419,115.08245488169469,82.48080213550234
P012,2026-01-01T13:08:00Z,4524,123.60490778784592,87.06977195148946,25.879868689202276,38.70974111763685,164.34063855523527,114.13130176487736
P001,2026-01-01T13:08:30Z,4525,100.04280767519323,94.61669837680414,27.06668177041658,37.5755801751963,152.55095367201076,
P002,2026-01-01T13:08:30Z,4526,83.89465849559302,98.54407831031767,18.96323373826481,37.345761895642056,121.8574972957083,69.99090149205068
P003,2026-01-01T13:08:30Z,4527,114.88768819575891,95.34589483981107,24.474751294138837,,145.15599123950875,96.95332757309309
P004,2026-01-01T13:08:30Z,4528,86.21851091913933,97.84952363138187,14.986474176245988,37.18119878511046,128.42529427034282,76.14025359481751
P005,2026-01-01T13:08:30Z,4529,80.94563081625665,97.37685715914441,12.25238457125452,36.98858082454965,,83.23918622889674
P006,2026-01-01T13:08:30Z,4530,102.05508542867409,87.71885546748909,23.511932781423038,38.09667114075499,154.7390789234423,84.34616141539777
P007,2026-01-01T13:08:30Z,4531,104.54527222349898,94.05357885840296,22.57977725836946,37.8354521918289,142.49141528431406,
P008,2026-01-01T13:08:30Z,4532,102.21843308867827,91.26244943657478,,38.01857353750237,141.86139320843395,80.66874550235207
P009,2026-01-01T13:08:30Z,4533,75.35540749145522,95.6907723070215,21.452115556341344,36.94522528126077,130.7584497592624,74.23736259863004
P010,2026-01-01T13:08:30Z,4534,79.07882825597294,97.79911734445841,16.838555840209022,36.503063990506625,113.51625137222675,80.04968322311603
P011,2026-01-01T13:08:30Z,4535,71.27097791866096,96.51195288011444,18.555780494181512,37.01523733368379,124.22592877881644,78.32916736565694
P012,2026-01-01T13:08:30Z,4536,110.76240132341177,90.22897295843993,26.090940653556437,38.67426814917727,164.5634165092698,108.29809336631084
P001,2026-01-01T13:09:00Z,4537,114.11678084761381,91.2019565325773,25.668855056244187,37.07207219123663,154.57725671371438,86.1109621622996
P002,2026-01-01T13:09:00Z,4538,80.79047451162174,96.8376005447657,14.418831049043357,36.913950575542465,126.39740172285069,81.90084809238576
P003,2026-01-01T13:09:00Z,4539,100.733273824719,90.56329739845381,28.40971164491448,38.57488879128728,143.6997564874226,92.79425275918139
P004,2026-01-01T13:09:00Z,4540,69.9337990559376,95.73688547554366,12.32434834146497,36.75137977609486,125.28396188502096,74.00850495372221
P005,2026-01-01T13:09:00Z,4541,70.76602241969925,96.05535356789352,17.47982852638547,36.394862100843376,133.0641556134134,71.8439814513037
P006,2026-01-01T13:09:00Z,4542,,89.5451097640199,,38.240700858440334,154.97283121930656,100.43105131367653
P007,2026-01-01T13:09:00Z,4543,100.72332494194865,93.41355734175453,27.358118748055258,38.25675027361558,146.61588187360556,79.12784596964747
P008,2026-01-01T13:09:00Z,4544,110.09195155964784,93.20589347676736,23.752015981355115,,148.98993920487385,82.31557803077202
P009,2026-01-01T13:09:00Z,4545,83.46812806708549,97.36256520569223,14.358739546712734,36.72187364913911,123.33767964420176,78.48304417250105
P010,2026-01-01T13:09:00Z,4546,70.15906691052896,97.38187998446432,14.604326019053405,,110.70211663622392,76.50356524995973
P011,2026-01-01T13:09:00Z,4547,73.82971473145005,,16.304868838467556,37.319110015824386,137.31199670542145,81.86933839090777
P012,2026-01-01T13:09:00Z,4548,108.4967158028777,91.35021408955812,19.307394436589448,38.46232030810389,160.25635443094998,104.05843732930515
P001,2026-01-01T13:09:30Z,4549,108.70576868002607,93.54911085110709,20.890102673407643,37.56745992594045,133.96649583203063,85.47686089561843
P002,2026-01-01T13:09:30Z,4550,72.47578454184458,97.93922666277551,17.20574161843955,36.92373167471389,130.53993069534383,78.87385090728738
P003,2026-01-01T13:09:30Z,4551,102.91673477420832,94.26099585163274,26.37745426738924,37.72149829157932,150.85479383325313,96.06461774793884
P004,2026-01-01T13:09:30Z,4552,65.17420481520081,96.43040304715247,16.97193231985089,37.24819029467169,125.07491219977477,88.41307725467603
P005,2026-01-01T13:09:30Z,4553,79.78073870073509,95.68163266144728,12.8236144071411,36.372658090671415,128.98731542554975,87.83341708966088
P006,2026-01-01T13:09:30Z,4554,113.92386845826893,88.44010996765647,20.287106969656286,38.157420354376384,167.3953399992182,85.3531597000611
P007,2026-01-01T13:09:30Z,4555,102.45895782493841,92.36634443774237,27.609690775332894,37.57337565252738,139.81081619032824,91.95957447968509
P008,2026-01-01T13:09:30Z,4556,95.26667123092295,91.13621273223445,24.750192927061267,38.039692145281016,134.97392305796075,99.32199887167432
P009,2026-01-01T13:09:30Z,4557,68.35551029768406,96.06735298459124,13.170155823824963,36.70724970833618,122.34008036862139,79.28362782619058
P010,2026-01-01T13:09:30Z,4558,92.38049562098067,97.8960255589728,16.61577018507816,36.81791989582507,124.09512526936159,87.22278902318557
P011,2026-01-01T13:09:30Z,4559,76.75039278598982,96.91805519447955,17.953839556689427,36.722937256145045,123.02371593845737,76.8394939753779
P012,2026-01-01T13:09:30Z,4560,119.83542648761461,86.5976231017661,30.671036074464332,38.156923239731945,174.88896451360722,113.68972669008284
P001,2026-01-01T13:10:00Z,4561,103.33318666630394,,23.55176683761155,38.16244429927063,127.95863255607583,86.7035938460433
P002,2026-01-01T13:10:00Z,4562,75.39649060893653,96.546477586195,14.541634271780884,37.1804137103516,114.10736362944758,
P003,2026-01-01T13:10:00Z,4563,111.78343848776343,91.26083746625459,22.306328905082506,37.708935020509195,162.06867826568603,90.76338901702782
P004,2026-01-01T13:10:00Z,4564,73.15407036152814,96.9108588326865,17.093713598980116,36.97150799047095,132.7431018028098,65.48232653341196
P005,2026-01-01T13:10:00Z,4565,68.70319651017574,97.72301688084798,10.671890925377356,36.535447689812635,128.90016537274522,75.51375532988462
P006,2026-01-01T13:10:00Z,4566,117.80421814554836,87.37313031183334,27.310515432610554,37.87274951547964,172.95124351937048,99.03498724790934
P007,2026-01-01T13:10:00Z,4567,100.3318001076896,91.11401569573684,21.72507249569573,37.0598448634354,141.02819894796846,90.89879067277329
P008,2026-01-01T13:10:00Z,4568,105.00333296815977,94.98701631541215,23.281152079669557,37.68055076462609,134.8272832266953,85.47550947793036
P009,2026-01-01T13:10:00Z,4569,76.6255312055416,97.20153956415999,18.436460244216278,36.81769112403245,127.21702847134456,71.53954239109706
P010,2026-01-01T13:10:00Z,4570,70.2064140114534,97.12068231702771,16.023260410305504,36.98977558248943,126.05708341728658,91.57249638618954
P011,2026-01-01T13:10:00Z,4571,67.03709850861691,96.79218655070909,14.046842830781982,36.765846018339865,,74.89090321150894
P012,2026-01-01T13:10:00Z,4572,110.81374604710253,88.38958564111697,17.964455800260748,39.84577798497914,172.34668059733892,104.87849775755573
P001,2026-01-01T13:10:30Z,4573,98.81173465080094,94.2493848900583,21.182827084168217,37.96928867027818,123.12171527936607,87.69866163782994
P002,2026-01-01T13:10:30Z,4574,75.39897226418967,95.90388643897504,15.727326539744805,36.691143973905426,102.55807854372071,76.95452460635757
P003,2026-01-01T13:10:30Z,4575,103.65093412586202,93.89576597203437,23.94738217966083,37.80623043178471,143.21203958682992,87.46767978685862
P004,2026-01-01T13:10:30Z,4576,65.55998262816601,96.54589615077808,18.362458176411497,37.25012749052268,111.95614086923591,77.0510422368601
P005,2026-01-01T13:10:30Z,4577,66.62186317974178,98.42127154926774,17.161027029100644,37.022777961559825,115.3584390899345,74.09271793910074
P006,2026-01-01T13:10:30Z,4578,116.09348716248466,83.89246886380882,18.38606589165398,38.862194086995835,153.05375549520662,84.24095039131495
P007,2026-01-01T13:10:30Z,4579,105.70561867601951,92.48265281974047,23.90860502610972,37.52457159129936,145.545008490488,89.41058633305205
P008,2026-01-01T13:10:30Z,4580,108.35475605509355,92.18500642563653,27.498856525362697,37.36040767619108,160.15434534153007,83.80348270456695
P009,2026-01-01T13:10:30Z,4581,75.14551145282309,97.88786673379448,9.278247478895429,36.706757567271275,122.19261896687644,81.0113578916784
P010,2026-01-01T13:10:30Z,4582,75.08176139857473,99.49371127418473,,36.96492964414821,136.6964605175135,87.16832466187938
P011,2026-01-01T13:10:30Z,4583,72.4059098165347,97.967395851642,14.37002331173698,36.862539739594766,114.19250092710938,88.01540370308497
P012,2026-01-01T13:10:30Z,4584,97.74623412129341,85.57967753998406,21.36253920732395,38.69745600502187,153.5693059349006,110.82090323964074
P001,2026-01-01T13:11:00Z,4585,97.23661050875306,94.68689984707372,25.830322290381694,37.74026209400694,161.5707209135381,80.72872946494545
P002,2026-01-01T13:11:00Z,4586,86.78442510717791,97.60998195906713,16.25208061067043,36.450793456883844,123.89256686718593,75.1203295058616
P003,2026-01-01T13:11:00Z,4587,91.26301115317459,92.01491876348624,25.118065331993837,37.58305167780043,147.37749723121826,85.00913846105554
P004,2026-01-01T13:11:00Z,4588,79.74315851447889,97.51659531698141,17.78508192818596,37.09364819347731,124.69294809570496,83.07606715802896
P005,2026-01-01T13:11:00Z,4589,77.51819984886227,96.34390405908643,17.456978621648325,37.12394876653615,116.51836498851182,71.77300241329006
P006,2026-01-01T13:11:00Z,4590,108.94619234974346,93.77722210393709,33.83831394600922,39.20489935669762,165.61306653976845,108.76794889803415
P007,2026-01-01T13:11:00Z,4591,115.41065606416862,92.46313598186535,21.44953041810892,37.78642533409803,152.96016334749913,86.76448106630598
P008,2026-01-01T13:11:00Z,4592,101.38631522589327,92.44408720745646,23.853535220763703,37.51631233003764,,81.12711345873603
P009,2026-01-01T13:11:00Z,4593,80.37796309205787,95.91966236896278,13.46042698724918,37.082094669422055,120.19296195961577,73.75865001184813
P010,2026-01-01T13:11:00Z,4594,71.05411313384106,96.91861607600968,17.193631796524276,36.60725844610403,,76.21129176542519
P011,2026-01-01T13:11:00Z,4595,75.48220963954073,99.12325933497402,15.274613011931711,36.83376397098731,,89.52046274598669
P012,2026-01-01T13:11:00Z,4596,105.62175990447902,88.86119757228983,27.28004234474269,38.78736575657357,165.97772786147516,95.99459759033661
P001,2026-01-01T13:11:30Z,4597,103.30469578642506,91.87481677738587,22.54925354011244,37.95112996264846,143.22912934905605,77.58491306644885
P002,2026-01-01T13:11:30Z,4598,80.46974999548259,96.70909054005318,18.09212192661658,36.88587554178599,126.40796543830744,84.63421400531612
P003,2026-01-01T13:11:30Z,4599,104.26114526653495,92.56637323231014,23.425781901564434,36.74387297997688,151.9375357983686,91.69116204958941
P004,2026-01-01T13:11:30Z,4600,73.99860516341631,97.4838449794654,13.366307373420188,36.83932466908797,131.86650276919116,72.49757495730144
P005,2026-01-01T13:11:30Z,4601,74.6171996546802,98.19191142122824,15.062943742978351,36.601713350943285,109.54479489030427,74.30018501318936
P006,2026-01-01T13:11:30Z,4602,126.65205848617326,94.160602750458,25.40889752313759,38.52016167862972,154.55136895251377,91.45600397864848
P007,2026-01-01T13:11:30Z,4603,109.91790378104268,91.37483313688658,27.47545105036191,37.99791603592978,145.1357788344544,75.12453858237438
P008,2026-01-01T13:11:30Z,4604,105.59574640436243,93.08426898910417,22.268348079579795,37.941009507092836,154.13918774835847,92.92879893828174
P009,2026-01-01T13:11:30Z,4605,72.9678286036058,97.79869686522352,13.565539856348646,,113.56141418571976,86.85911929340963
P010,2026-01-01T13:11:30Z,4606,71.06140032919261,96.648689223101,12.854454533851653,36.362404543921585,114.49527081508565,72.87163725325964
P011,2026-01-01T13:11:30Z,4607,74.09913069755585,,14.646440366095336,36.396389225314465,119.10951823458632,75.3828252770071
P012,2026-01-01T13:11:30Z,4608,124.13273736789918,87.82657650001435,26.074173763353546,38.44542888093754,162.28499038384032,89.61148713642896
P001,2026-01-01T13:12:00Z,4609,93.49960114010673,92.35325773587809,25.667846580640674,37.28944089139503,129.2074122793936,94.26954697964129
P002,2026-01-01T13:12:00Z,4610,70.26559777064683,96.89502277290717,13.797796603750118,36.61503209197892,130.5048585651141,79.00730764077652
P003,2026-01-01T13:12:00Z,4611,108.17687322527169,92.68282413954934,24.655811119800152,38.44318290680913,147.34594801157834,81.13611465196136
P004,2026-01-01T13:12:00Z,4612,81.71519481811232,97.45426464956937,19.140090329256473,36.95235133097658,120.22520086622617,79.22444867388063
P005,2026-01-01T13:12:00Z,4613,70.15556013956561,97.9247640742282,15.286325363108908,36.8402007321737,118.62695476240432,89.59564666744947
P006,2026-01-01T13:12:00Z,4614,120.0245536029465,88.56408802238373,30.16195657791955,39.45243696379968,156.76443998002924,106.07807805037935
P007,2026-01-01T13:12:00Z,4615,94.50280829466432,93.16931493260657,21.301421007390353,37.51706934221455,148.30265539469207,92.75086840806802
P008,2026-01-01T13:12:00Z,4616,109.14813833336613,95.74590220863715,24.150205644648516,38.276870770649175,143.12191641295988,
P009,2026-01-01T13:12:00Z,4617,69.01693868835352,96.60177085018292,20.704461503976376,36.99590358982945,141.59671081514574,75.79461387242465
P010,2026-01-01T13:12:00Z,4618,80.9655598450414,97.30315141411796,19.792256288750707,36.8277185593744,122.61912125531533,79.90111447730908
P011,2026-01-01T13:12:00Z,4619,72.765936946747,98.11807011789904,14.108216557357947,37.106943745250895,107.77820380836062,73.88997854870945
P012,2026-01-01T13:12:00Z,4620,92.0769341215632,89.1419671252009,28.327415943379876,38.98536667442929,184.47890431581567,92.76677316767253
P001,2026-01-01T13:12:30Z,4621,105.54504735809684,91.23049696373522,23.469797053045962,37.718247784597374,142.07768096721406,75.02977436405163
P002,2026-01-01T13:12:30Z,4622,68.05562474010948,,18.276387924199756,37.217811617423806,137.7035323622706,84.00055926460374
P003,2026-01-01T13:12:30Z,4623,99.64667462690723,90.40276675970954,26.203575003113656,37.935708277409574,136.5306703098857,93.01875513796902
P004,2026-01-01T13:12:30Z,4624,75.33507895902778,95.7251194591545,16.650831767436294,36.69196080365209,137.15224771819769,84.02415871296377
P005,2026-01-01T13:12:30Z,4625,77.06783294301766,97.48520749386918,,37.38920252284278,135.12939743119955,81.27718626882896
P006,2026-01-01T13:12:30Z,4626,118.55816650851716,89.34930316276386,22.813052741824997,38.46319113494436,171.25137359266733,100.35935733106076
P007,2026-01-01T13:12:30Z,4627,111.43871433733639,,25.878550748745344,37.758998670269726,141.59434651429237,93.37870807963813
P008,2026-01-01T13:12:30Z,4628,106.2890721576704,90.38873475598238,20.019890803504197,37.99464637354962,163.3185131965797,95.24648623158116
P009,2026-01-01T13:12:30Z,4629,74.57875865423597,97.50015601432207,16.97561264757809,37.01313698318404,128.5185261219431,79.29392459347306
P010,2026-01-01T13:12:30Z,4630,82.41974299125255,96.3105125442141,16.40648134268108,,126.03920179194215,66.91512601327406
P011,2026-01-01T13:12:30Z,4631,84.73585178072739,97.47201505267444,15.534378851017122,36.85178879106708,130.22587373852787,76.16642520692228
P012,2026-01-01T13:12:30Z,4632,125.63202692179519,86.3967571273706,24.21721580046656,38.88863209668042,166.9664297294952,100.39043690891135
P001,2026-01-01T13:13:00Z,4633,105.14493561834709,92.3772974236148,22.00202141671709,37.72333174746611,142.55850336507987,92.78228643264289
P002,2026-01-01T13:13:00Z,4634,80.28902572092825,98.24601324477425,16.31501553247433,36.6595099927027,121.30326169226267,69.82981686231291
P003,2026-01-01T13:13:00Z,4635,103.27213544300405,91.61842216279301,21.296875224405994,37.98958534021572,132.8548456763255,100.21369020843362
P004,2026-01-01T13:13:00Z,4636,75.24892850680494,97.81366316821263,15.107265978778745,37.20418843744014,120.70938898221696,76.09752554366055
P005,2026-01-01T13:13:00Z,4637,68.07389361412464,96.8634323097015,21.822237590703445,36.50097765813442,129.97087572370071,73.43152165941606
P006,2026-01-01T13:13:00Z,4638,116.24752053160942,88.87091820914193,24.238319557139004,38.91478268982665,155.70185552862992,100.61798931221189
P007,2026-01-01T13:13:00Z,4639,115.57052031099617,92.18180506833711,22.358045374350286,37.63806495061838,168.92787546034262,86.82282241174141
P008,2026-01-01T13:13:00Z,4640,94.29100335898934,92.84794472377676,23.754773825301974,37.998394084732254,142.47749753264264,83.86257590125376
P009,2026-01-01T13:13:00Z,4641,63.060876722821305,97.52471004353065,15.033091511265933,36.73709839672959,132.824322770157,75.36353792438567
P010,2026-01-01T13:13:00Z,4642,70.95651455366624,97.5250595266562,18.095642286253373,37.07379484508245,136.22292482569725,80.41208485496985
P011,2026-01-01T13:13:00Z,4643,75.79852800684638,95.76899566946813,12.773605485485962,37.053889526006955,133.39879234152843,85.80962577240558
P012,2026-01-01T13:13:00Z,4644,112.22364802462408,88.23459012200564,27.820955494108887,38.506919382415205,170.05920209143875,117.66274782136882
P001,2026-01-01T13:13:30Z,4645,108.96933289601047,93.13085904334005,23.923305243366233,37.83712168348326,138.88009482855188,103.2654520722661
P002,2026-01-01T13:13:30Z,4646,69.11167631555819,96.50270355318851,16.73951179582244,37.167186436603195,124.82605095950132,79.55825661667963
P003,2026-01-01T13:13:30Z,4647,104.14980527716686,91.27003594819304,24.450470226785114,37.81791848188393,148.94110079290135,84.88084688732829
P004,2026-01-01T13:13:30Z,4648,77.17365406261348,98.97785556447649,15.893631782968551,37.15162240047804,129.0540433577477,82.63223982681778
P005,2026-01-01T13:13:30Z,4649,75.72391918401384,98.09835505455708,15.156839287191195,,110.03900710110777,77.17648599203275
P006,2026-01-01T13:13:30Z,4650,96.65021611327751,85.8987054772062,29.753384376518753,38.53076580360405,146.63390878712644,114.30360915439691
P007,2026-01-01T13:13:30Z,4651,108.61973556736247,93.21141571026611,25.197795670565586,36.72055472016657,158.85055117357024,89.07146013242895
P008,2026-01-01T13:13:30Z,4652,97.40414577520663,93.04694580153988,22.507031144018462,37.90014772856425,154.30130440636415,84.63775817777072
P009,2026-01-01T13:13:30Z,4653,81.09310810320481,96.14362941475959,15.850999409662785,37.01764110039894,121.32547032190297,93.01432040940043
P010,2026-01-01T13:13:30Z,4654,75.56076759197667,97.14636503042075,14.803519588319984,37.22908186515031,141.5068206441503,72.96291918428072
P011,2026-01-01T13:13:30Z,4655,86.70284748049545,96.93414679791505,16.49881749134197,36.661210828274996,113.97036386278893,77.97826758469628
P012,2026-01-01T13:13:30Z,4656,104.44543509677194,88.29004939502533,24.74706272586442,38.53222018468841,154.15470929742648,92.89586977512538
P001,2026-01-01T13:14:00Z,4657,,93.25734801309756,21.708666951880733,37.63596669293593,147.9098242923897,93.86374272306097
P002,2026-01-01T13:14:00Z,4658,67.94527855094486,98.79956564651215,16.03345984892326,36.5442085752542,122.43694533783157,67.61927307644301
P003,2026-01-01T13:14:00Z,4659,114.37410934699557,92.95108701376071,26.16503151925816,38.13601941023595,151.8196462447494,77.88710979247794
P004,2026-01-01T13:14:00Z,4660,76.59916125965073,96.98049663775609,16.387005311321644,36.92101916779921,110.69623177407595,
P005,2026-01-01T13:14:00Z,4661,78.41708268464937,97.43114717361235,16.40414949578191,36.478928076430975,123.14182346946723,72.51168061817418
P006,2026-01-01T13:14:00Z,4662,113.10725295085041,88.09241963389498,36.000488418055156,38.28203515092692,168.5689385788503,118.57173746764335
P007,2026-01-01T13:14:00Z,4663,109.72270358811936,92.8654576259519,26.32818226893167,37.80202906344721,150.5339808771453,94.88326174826283
P008,2026-01-01T13:14:00Z,4664,102.14933012565349,91.91535804294233,27.251183057025628,37.84458240736945,137.6839300545517,97.67408624460307
P009,2026-01-01T13:14:00Z,4665,77.92317323348263,97.04814825225273,16.429522642994563,36.29360430894247,113.83676802448662,79.5220181769915
P010,2026-01-01T13:14:00Z,4666,75.62580602742186,97.88635567876044,15.4862568387507,36.82586387355229,127.88265188173438,74.77564626818852
P011,2026-01-01T13:14:00Z,4667,85.75976173813966,98.97825454505713,15.817505213154135,37.2311918901594,128.97604216787133,75.05076236751859
P012,2026-01-01T13:14:00Z,4668,116.28719640302184,85.8905535282132,25.38538976962076,38.381764558329174,175.37205975717765,97.49918400542798
P001,2026-01-01T13:14:30Z,4669,107.42041069084193,92.89565248886956,24.422475340856366,37.71881393968984,156.0658820704959,85.8727765792855
P002,2026-01-01T13:14:30Z,4670,77.0715225149092,97.90180162426209,19.599724968390692,37.073307444773405,129.77560720338997,71.4734757661208
P003,2026-01-01T13:14:30Z,4671,116.12297984901332,93.6069208462598,23.219215807065897,37.526227840842935,141.6062275860032,88.6050516217811
P004,2026-01-01T13:14:30Z,4672,71.148227264208,97.42576291252577,16.009672809594,36.76513283845938,114.29426018215048,72.01365192623673
P005,2026-01-01T13:14:30Z,4673,78.4817735596434,96.56399179344564,16.17615138851923,36.92542848917278,136.1730072867422,88.67404418378129
P006,2026-01-01T13:14:30Z,4674,128.23686385733546,,27.478723567463256,39.121410168712785,163.11493270530679,96.81512236628636
P007,2026-01-01T13:14:30Z,4675,103.35885459145322,92.40379925048495,26.385772828678796,37.8346559056721,150.53982450003994,80.15862344113498
P008,2026-01-01T13:14:30Z,4676,98.8397111356235,93.39047965713908,24.901043386770315,38.238269358628514,136.51435850778358,97.76501415386093
P009,2026-01-01T13:14:30Z,4677,72.40806011666017,97.10636985248503,13.93923636179611,37.33045981164734,126.50316715614484,88.69408888446577
P010,2026-01-01T13:14:30Z,4678,84.11014500300071,98.16605668967891,16.866770023977807,36.89690306633225,138.9658901916974,79.63428493505349
P011,2026-01-01T13:14:30Z,4679,80.13602663184048,96.88907774896053,14.351128468572345,37.32902606061912,135.75952124781645,87.41862901036163
P012,2026-01-01T13:14:30Z,4680,119.94390716716977,90.07034890713705,29.616893762969475,39.44025919634258,185.3913255625228,113.22361074252171
P001,2026-01-01T13:15:00Z,4681,109.61778492791811,92.62073417579708,26.3926291904967,37.659506131191115,130.44568099892058,83.01871985481117
P002,2026-01-01T13:15:00Z,4682,81.9661698308261,95.98288145619405,19.16876968587775,37.069022378303536,129.47132444817538,66.76973472154053
P003,2026-01-01T13:15:00Z,4683,105.40607360920768,90.92392923693315,25.374234830422946,38.2808554872787,142.19643597614038,90.78503355894748
P004,2026-01-01T13:15:00Z,4684,81.46239281373664,97.71460922801153,17.8265039822863,37.00988849706787,125.43181058136403,82.45026728076697
P005,2026-01-01T13:15:00Z,4685,87.87712105339074,96.52293175801049,17.62284589282074,36.700576246859505,122.19223520216264,71.56552786593267
P006,2026-01-01T13:15:00Z,4686,,86.38512029215028,25.834284231778856,37.89906389068619,145.79208296010887,84.49325554170282
P007,2026-01-01T13:15:00Z,4687,109.96069624483462,92.62234559974824,28.79476575364413,37.861658699506805,149.84475119963287,87.60291720131983
P008,2026-01-01T13:15:00Z,4688,107.63990822740104,92.71710510261259,27.88050132367621,37.62473941151469,162.08334763838457,80.93238029912489
P009,2026-01-01T13:15:00Z,4689,70.37315110223582,96.94546626524085,,36.83547354855768,112.5692997970983,78.22502750655998
P010,2026-01-01T13:15:00Z,4690,73.71496127064783,97.57586750098618,15.858989454863512,36.478271552782246,105.80851334126666,65.17228879204764
P011,2026-01-01T13:15:00Z,4691,89.21561086817546,96.48173974108177,13.29553971447225,36.6315156675772,122.67281940915574,74.55918832287084
P012,2026-01-01T13:15:00Z,4692,127.83024645086203,91.59656973567249,22.406172586370868,38.0800715660194,152.13917493694268,101.96991997572268
P001,2026-01-01T13:15:30Z,4693,99.87214306617226,92.33801945749873,26.99758823955244,38.10904451019409,156.16862148343023,94.42956955683978
P002,2026-01-01T13:15:30Z,4694,79.56821798262017,97.55451960719645,18.775490134055183,36.64062945514854,135.01252056797412,78.78425050816853
P003,2026-01-01T13:15:30Z,4695,106.96044825058198,91.90850010851,19.883842624764053,37.815168973461425,130.9609039223789,89.43987956593753
P004,2026-01-01T13:15:30Z,4696,79.71594053688182,98.41182716974868,16.384891359427723,37.060661604249766,126.8030434746746,76.50849707182324
P005,2026-01-01T13:15:30Z,4697,76.55684782357528,96.98530843232,16.361780215422336,37.228005710730756,135.72982011238489,72.1839982054406
P006,2026-01-01T13:15:30Z,4698,115.25544567799705,84.96699648048002,26.591311371358934,38.680094348705005,192.63343997867847,93.59127841675694
P007,2026-01-01T13:15:30Z,4699,107.93261976213103,93.4353169036875,25.548966323051555,37.36108628763831,152.18092014657105,91.26705105503977
P008,2026-01-01T13:15:30Z,4700,109.41568437837513,91.24901700319668,20.482382067362444,38.206918506749645,150.89156895496623,91.22721808770196
P009,2026-01-01T13:15:30Z,4701,73.92600252139258,95.8419741463746,14.655164163838188,37.040105870744306,125.19532063516006,83.71213624291899
P010,2026-01-01T13:15:30Z,4702,77.5131961376949,97.61481559348414,17.572966739908967,37.351544518418834,116.29051145195649,71.00168881311684
P011,2026-01-01T13:15:30Z,4703,67.29173971904399,96.32698045104257,12.653580708968011,37.10076582236196,121.89566023046152,78.08654499172701
P012,2026-01-01T13:15:30Z,4704,134.29872138112177,89.08756976180085,19.91366657380723,38.75970671846957,142.74652246097637,113.70355253302088
P001,2026-01-01T13:16:00Z,4705,107.28213206866596,90.10213222510215,24.153297437210412,,140.85733281275108,97.48091182839148
P002,2026-01-01T13:16:00Z,4706,66.56454868168457,96.08952258694829,16.25343531543408,36.564057652087705,128.20778600656575,77.70180651725985
P003,2026-01-01T13:16:00Z,4707,98.4215999216823,91.6707432556358,23.69611516717581,37.99234288552161,149.89110061337607,87.08444770761372
P004,2026-01-01T13:16:00Z,4708,77.0710849921788,98.370514922687,15.3915331637718,37.13149074345885,131.99497352376562,79.60915659921048
P005,2026-01-01T13:16:00Z,4709,69.3190803988119,96.39076016904292,15.715006827813799,37.14099241130186,124.93874051270775,79.0142163672072
P006,2026-01-01T13:16:00Z,4710,101.52296153175735,87.16466760350113,29.18361111796633,38.372770963773704,149.89561122167416,95.8121573139732
P007,2026-01-01T13:16:00Z,4711,103.87529485211095,94.44070404902999,23.722048105125417,38.254485136215436,138.57935659966313,87.65900034194442
P008,2026-01-01T13:16:00Z,4712,112.90408385484561,90.8492435404683,17.978711888765655,37.65128981001172,153.21155511992495,88.38022706714354
P009,2026-01-01T13:16:00Z,4713,74.33264276293897,95.83831287518825,19.451640481169374,36.602034360044385,125.35575844763108,83.01074647056556
P010,2026-01-01T13:16:00Z,4714,82.66534260007322,96.10081668878793,13.527129160560156,36.78206304429077,130.27663854715956,74.41393041020248
P011,2026-01-01T13:16:00Z,4715,69.62014956902209,98.15762616906865,15.284377717590758,36.61470328106408,106.96057673976996,76.37718739820838
P012,2026-01-01T13:16:00Z,4716,128.6271609129092,87.28248728881115,23.27566495656184,39.127629278319716,163.76647143130882,100.4282610871201
P001,2026-01-01T13:16:30Z,4717,97.37438369905168,92.36989663569123,28.542351959582216,38.122877522413084,149.75701889268007,82.21363578614096
P002,2026-01-01T13:16:30Z,4718,75.42021575107147,97.66859249755035,16.673700050014645,36.825376852592434,111.9175028172188,84.46216648173731
P003,2026-01-01T13:16:30Z,4719,96.51174084036974,94.0979520647704,26.252929771819158,38.028373662635005,134.76496280700405,89.36943333674581
P004,2026-01-01T13:16:30Z,4720,76.96954654438771,97.42668881862123,17.539187955577656,37.0534670498225,135.36299339936394,85.07663128040538
P005,2026-01-01T13:16:30Z,4721,66.05476271357591,98.59459976388666,,36.86273033251519,120.70949554688366,76.96876215086887
P006,2026-01-01T13:16:30Z,4722,108.14602826062008,89.60174034566056,23.349655999904993,38.30640642271484,150.93096960750972,97.21149688553882
P007,2026-01-01T13:16:30Z,4723,109.616344221448,92.65842512045556,21.530800930744782,37.73527486675992,154.70989890515432,92.5535938538755
P008,2026-01-01T13:16:30Z,4724,95.03794511149202,,21.449037079997105,38.17225245383881,134.15179406851493,90.08304513188077
P009,2026-01-01T13:16:30Z,4725,73.69626959879409,95.47231634621845,15.40681057964612,36.54390017598002,109.51830555954162,68.66737488665771
P010,2026-01-01T13:16:30Z,4726,71.54443233405428,97.37352924511737,16.41704432300975,37.314027400109566,119.40853895088159,82.60575139780991
P011,2026-01-01T13:16:30Z,4727,79.85919874768281,97.29630155512885,10.474308236768515,36.84701965155813,128.1067713923188,72.12119104546335
P012,2026-01-01T13:16:30Z,4728,133.1717215310124,86.07977944906905,26.350696661530186,39.546652288992995,180.39174198656264,
P001,2026-01-01T13:17:00Z,4729,105.6661441213864,92.97781776628726,22.9683960623292,37.67538818615,156.86109108689308,87.8899578468316
P002,2026-01-01T13:17:00Z,4730,85.1245140888914,97.40145707418145,12.327699815390117,36.98251782692239,113.62703814439652,77.83488930020083
P003,2026-01-01T13:17:00Z,4731,114.28881253193967,93.94708063074873,25.051678913155246,38.04556941403556,157.08291779068094,85.63948819955817
P004,2026-01-01T13:17:00Z,4732,70.09702929206085,96.62426639288884,14.766173845214988,36.93218330298993,115.01384982686751,80.95008615499688
P005,2026-01-01T13:17:00Z,4733,77.51801532313279,97.35656717668674,13.901236085012005,36.7051457260426,130.60210031224872,80.38120718350123
P006,2026-01-01T13:17:00Z,4734,112.18480774161301,87.20784955726879,25.50209455398162,,166.2538084366673,113.29697815325228
P007,2026-01-01T13:17:00Z,4735,106.5079037117454,94.16511924125021,21.87870663494256,37.63604378051165,150.3784510029648,86.94162114824826
P008,2026-01-01T13:17:00Z,4736,105.8276001150518,92.4781724576429,25.955907437969405,37.799435675795785,151.54906068662805,87.36377925466934
P009,2026-01-01T13:17:00Z,4737,75.03539623079129,96.73327224463343,16.73814690318708,37.04767366436485,118.24297620957074,83.57382247952835
P010,2026-01-01T13:17:00Z,4738,65.80985131816851,97.09877957239621,17.533881154919566,36.97704036059728,123.80416541001226,75.15477420685468
P011,2026-01-01T13:17:00Z,4739,84.9683136191853,94.83623510816696,18.502780358620473,36.70970696350463,138.2059483875434,71.76874046988088
P012,2026-01-01T13:17:00Z,4740,106.67354380868488,92.10870195511477,22.69280448889613,38.29779542448873,200.46813360461732,105.32720525974085
P001,2026-01-01T13:17:30Z,4741,100.22533564010227,91.19427180119858,22.152504805371557,37.90235093672465,134.98636098399174,89.90953171843198
P002,2026-01-01T13:17:30Z,4742,81.43204116708311,98.08174448644928,14.383152172029824,37.10750556699846,134.3743627755666,85.25722429595754
P003,2026-01-01T13:17:30Z,4743,102.95583642983658,92.15878837486574,22.68553556006656,37.3938977840923,154.52537816920818,91.38911858255821
P004,2026-01-01T13:17:30Z,4744,78.46125235618445,97.13383961566043,15.558666645011971,36.87051562510567,116.63505711352113,69.52630829626312
P005,2026-01-01T13:17:30Z,4745,77.38197080003309,96.76015635170918,20.12612324037932,37.10426925718644,127.3517849453636,70.0052037859776
P006,2026-01-01T13:17:30Z,4746,113.55801984939204,,27.010606158915618,,175.06753040995557,88.34368646354486
P007,2026-01-01T13:17:30Z,4747,114.4257156860192,93.71299128272247,20.9639774162855,37.62296717171018,161.57725756242786,92.52628802077072
P008,2026-01-01T13:17:30Z,4748,109.39587311596182,92.60330049110843,,38.23372897943317,136.05464025987575,98.24090008493228
P009,2026-01-01T13:17:30Z,4749,78.52928418342256,98.08141634432718,15.837831723095393,36.43615340993043,120.09823199491865,71.20278124552084
P010,2026-01-01T13:17:30Z,4750,79.666630699613,,19.73814791353202,36.959332955517574,130.16009862450503,74.42982477675996
P011,2026-01-01T13:17:30Z,4751,79.59636902944087,97.58264237098192,14.99808228701857,36.36597481221186,108.43697060952954,73.45657589860731
P012,2026-01-01T13:17:30Z,4752,117.32291920097715,86.88544081776287,27.09008210107214,38.56131137870159,162.15364593951958,107.82562116798587
P001,2026-01-01T13:18:00Z,4753,108.01522960041453,90.56989937191422,25.77458971123588,38.49858721708332,146.03523178405365,97.02265670991359
P002,2026-01-01T13:18:00Z,4754,71.5327424367238,98.7858199993934,16.876690094529607,37.01821428366338,110.08819990365569,81.99291257745011
P003,2026-01-01T13:18:00Z,4755,95.679778890642,92.86771307021402,,37.39159357262388,145.50438312248417,99.50821349363174
P004,2026-01-01T13:18:00Z,4756,77.14527222220683,96.74911226055,15.920454536424,36.91351123482602,119.3527480082153,
P005,2026-01-01T13:18:00Z,4757,87.80907353043332,97.91535111614532,13.123770033109416,36.79889199043307,121.7671859537636,84.18341998587731
P006,2026-01-01T13:18:00Z,4758,86.18483965181107,85.6860582241348,21.596679860618828,38.569407041044045,178.13084219067025,119.78238053244
P007,2026-01-01T13:18:00Z,4759,101.85980719556679,94.80593199487332,25.216135786307873,37.429892261858775,142.07679136623696,91.0416094612756
P008,2026-01-01T13:18:00Z,4760,103.71955790269648,91.8790459716857,26.88998028184052,37.75388134508098,125.59214691023203,91.2774647708485
P009,2026-01-01T13:18:00Z,4761,77.65824386667924,96.47220795462732,15.853853061661944,37.128462293674026,116.87251457505369,73.81258505578222
P010,2026-01-01T13:18:00Z,4762,78.60920947926667,95.65554068027672,17.841746597231584,37.11340496956464,105.94514486254434,92.42647196832937
P011,2026-01-01T13:18:00Z,4763,74.63471486601028,95.78289684190044,14.439422860895533,36.590082058019135,118.78384265950612,81.88612349657876
P012,2026-01-01T13:18:00Z,4764,128.53117573082633,85.57186690125887,27.329380891761627,38.356407559905776,151.65055591067576,112.9788533307153
P001,2026-01-01T13:18:30Z,4765,98.48954481145442,92.18789406273984,22.644822794952372,38.49607919657644,141.03329019570242,90.26425350936732
P002,2026-01-01T13:18:30Z,4766,66.31374987361802,,15.505179260651703,36.74612944130819,153.14293031454616,69.15816091934236
P003,2026-01-01T13:18:30Z,4767,106.93261571665263,92.4254504148059,23.660405002879017,37.86706814161103,164.23796571917708,91.97198836118771
P004,2026-01-01T13:18:30Z,4768,77.12728314690462,99.74369767053985,20.43355606899479,36.74885977683653,124.15568560002876,
P005,2026-01-01T13:18:30Z,4769,72.00015317498318,95.6412400548111,17.76772375233338,36.56790728486288,115.93115743703027,82.52911971598024
P006,2026-01-01T13:18:30Z,4770,122.03805975352788,89.04345312587525,22.384538065245806,38.832542403176234,176.0000796077335,103.48901808561159
P007,2026-01-01T13:18:30Z,4771,112.9349285694038,93.50188809198646,27.118822494161243,37.78675642531189,172.37569637315943,95.53972397043319
P008,2026-01-01T13:18:30Z,4772,89.04140053479799,92.66751280236197,25.86574258794152,37.799394289486344,159.4621527910416,93.88927591213907
P009,2026-01-01T13:18:30Z,4773,71.69470917587385,97.4017658151354,14.488598313806792,36.75457542110905,135.85263628119546,93.28140862079808
P010,2026-01-01T13:18:30Z,4774,86.91367991571224,96.13102051884513,18.415669361936764,37.12794116656698,138.73825431032333,83.1751356732937
P011,2026-01-01T13:18:30Z,4775,65.86824772214482,98.4929072731706,,36.78598001313213,118.96428915859647,79.03025577754819
P012,2026-01-01T13:18:30Z,4776,134.76746691944814,94.42894298077732,23.706078454958497,38.53175322190018,138.30092890783837,108.11851543100249
P001,2026-01-01T13:19:00Z,4777,109.99567658187355,90.86925538032408,24.64099211682999,37.59620167928549,158.5412356071874,88.81066376773555
P002,2026-01-01T13:19:00Z,4778,62.49400394167243,97.81116568607828,16.107238574910465,36.6506151437843,117.48372884608749,70.98434868236966
P003,2026-01-01T13:19:00Z,4779,110.02289524783177,92.22948653409652,21.134272387774587,,144.84612998338343,83.49121060310937
P004,2026-01-01T13:19:00Z,4780,78.99525586946216,96.3256216809767,11.251654576125166,37.30684004848558,121.86724756551395,81.43037932964481
P005,2026-01-01T13:19:00Z,4781,78.18318591139234,99.18423712060785,17.783175579280837,36.69955489797667,125.97467985548879,88.0938367639865
P006,2026-01-01T13:19:00Z,4782,108.78946739916069,90.79964110605565,26.981817747301225,37.75395066196433,176.068643108949,101.91403557294927
P007,2026-01-01T13:19:00Z,4783,112.9941494765064,94.07034753432346,25.45227788280545,37.746700815429755,138.94544871494705,82.48594760049552
P008,2026-01-01T13:19:00Z,4784,99.58768113683398,91.81436188488617,25.75125009596684,,133.6336385341511,86.70242201652972
P009,2026-01-01T13:19:00Z,4785,70.93170547903232,96.63298912205916,17.564973434385497,37.44946323124912,138.70339333828696,85.63984284985692
P010,2026-01-01T13:19:00Z,4786,73.42562576609826,98.744523649318,14.537913811175526,36.41683966771881,129.21166227723154,74.50331840357437
P011,2026-01-01T13:19:00Z,4787,78.74376150955734,98.16645389457967,13.831245087066304,36.391780404552236,118.73939761205393,81.67034122141891
P012,2026-01-01T13:19:00Z,4788,133.24988915246016,86.46273305442983,24.678641180404142,38.79845309938665,184.79301085083748,100.20593377766474
P001,2026-01-01T13:19:30Z,4789,101.58194586691444,91.84399636442167,22.582394261253043,37.81422823978311,147.58479028221862,89.98221666468287
P002,2026-01-01T13:19:30Z,4790,84.18391853474589,96.91828222493712,14.577988971467029,36.87562004392941,122.75865166800399,82.15244370324683
P003,2026-01-01T13:19:30Z,4791,103.31701268785196,92.74040898325494,20.120444249617783,37.90620633376709,159.69203477986306,88.81844250744741
P004,2026-01-01T13:19:30Z,4792,78.23832453480168,97.2049838119098,17.525068992454198,36.93740311584591,122.39942375674173,78.1840049121641
P005,2026-01-01T13:19:30Z,4793,73.14462746764576,,15.850852645040913,36.9144223888534,122.13951543420912,79.27166328585535
P006,2026-01-01T13:19:30Z,4794,137.20719292260813,86.81750513618839,22.245026134041453,39.567948380118146,144.28494131577116,81.61840160077135
P007,2026-01-01T13:19:30Z,4795,90.85970407063981,93.51746334432306,25.362179433861595,37.45445086297377,121.46676162929896,
P008,2026-01-01T13:19:30Z,4796,111.26438065263811,92.04072686827247,23.377819549058255,38.17076010562055,163.37556945928935,85.96867248214006
P009,2026-01-01T13:19:30Z,4797,86.42215110783042,96.69599434350368,20.14073032780083,36.973368595995204,120.79586281392848,85.54857696635021
P010,2026-01-01T13:19:30Z,4798,73.71567000429626,96.93856582423629,16.157311780762846,37.28640105540138,102.5915643794292,
P011,2026-01-01T13:19:30Z,4799,79.49875147570239,97.77182650886091,18.83995087490879,36.722315558049466,128.14117142919417,81.8010115140617
P012,2026-01-01T13:19:30Z,4800,133.17932543232627,88.2654800291631,28.530438406688315,39.38986715501914,168.0101707419841,102.36321972951148
P001,2026-01-01T13:20:00Z,4801,111.6706036372953,91.49484419337716,24.274646387107396,38.3902715113839,128.03621340893864,86.40759836206367
P002,2026-01-01T13:20:00Z,4802,87.94815970723238,95.13609663597927,16.654898028920414,36.878647423910465,112.74115895653216,76.49227438987464
P003,2026-01-01T13:20:00Z,4803,105.41005605649575,93.48751059004348,25.751909301607746,37.88822931594346,157.99651830050968,117.2977466330297
P004,2026-01-01T13:20:00Z,4804,74.46026914986032,98.05666808680331,11.840661492294004,36.94553343091955,114.17172174517383,81.55364237153343
P005,2026-01-01T13:20:00Z,4805,69.97608488772362,96.30083071026635,17.734525042800442,36.69679002939132,133.51719734888508,67.34951527129137
P006,2026-01-01T13:20:00Z,4806,112.83650147152922,86.66462517004784,34.57591575692716,38.425560710143806,152.90905320377107,109.31622399582912
P007,2026-01-01T13:20:00Z,4807,101.95452307180545,90.2768573094765,25.283298299213975,37.94379489510937,160.89032209868753,87.79971909145294
P008,2026-01-01T13:20:00Z,4808,103.57157138998221,92.86009297504759,25.87611268770145,37.78577738639436,146.10161814318147,86.76860455661759
P009,2026-01-01T13:20:00Z,4809,81.87248427362512,98.86680372580284,17.186764833966084,36.89916755649281,114.22464201914339,77.91629019658409
P010,2026-01-01T13:20:00Z,4810,75.97090044002341,96.81001142286291,13.313021848922219,37.14840804615364,132.63713312540932,74.35546901549979
P011,2026-01-01T13:20:00Z,4811,72.8596628102719,96.61652200456133,15.058045653157395,36.55475331713633,110.14201673414271,76.42596637907695
P012,2026-01-01T13:20:00Z,4812,113.06401084691889,89.25953868802574,29.172376243771634,38.46350953487883,155.14544966754977,102.74781525149801
P001,2026-01-01T13:20:30Z,4813,103.91173276040075,90.35867067904441,22.536863865664067,38.123630458029574,,82.43579807237708
P002,2026-01-01T13:20:30Z,4814,77.36087690325151,99.25719300993471,16.168257327010334,37.22514519505862,142.59473307233785,88.29667922862599
P003,2026-01-01T13:20:30Z,4815,108.78945693572479,91.98646171589742,23.14684505728127,,148.84787908693576,89.6807115495188
P004,2026-01-01T13:20:30Z,4816,83.68977881295832,,16.18751225177178,36.84317826436983,132.8360071459344,88.26145725490555
P005,2026-01-01T13:20:30Z,4817,74.84608890019263,99.94266321072425,15.199162115352038,37.15557755766703,117.37045294668198,77.25388718055575
P006,2026-01-01T13:20:30Z,4818,119.86617789133969,88.40566519611366,23.59550873223334,38.894662998015235,162.6314649681421,89.07969808273796
P007,2026-01-01T13:20:30Z,4819,115.01284394935517,91.31309573111288,18.21370466686205,38.19948707761117,156.03621688727637,79.66115869391587
P008,2026-01-01T13:20:30Z,4820,,90.88072624352417,23.701163480193255,38.29598614929484,159.3253531209985,
P009,2026-01-01T13:20:30Z,4821,82.51723714265928,95.96749811898721,15.922627340625388,37.02267873319208,134.85647321146558,83.85605986773415
P010,2026-01-01T13:20:30Z,4822,73.2791378757083,96.71233879096299,11.384837565079426,37.218069010694386,111.92878083551122,73.07824982410922
P011,2026-01-01T13:20:30Z,4823,68.02046332850325,96.51700949251304,14.345422131203495,36.53070766021225,135.88241811316777,72.18280314653614
P012,2026-01-01T13:20:30Z,4824,120.1829657796819,89.2129926848086,25.146198347802702,38.59330697345414,161.97891159727862,104.77849286138637
P001,2026-01-01T13:21:00Z,4825,107.17830610593163,92.78862791238494,29.75651783228574,38.22788249442578,137.52507113990296,72.71151387156856
P002,2026-01-01T13:21:00Z,4826,75.30581542843589,96.59451519417362,14.565760202481528,37.05900535568596,121.97703897530397,78.02683072363068
P003,2026-01-01T13:21:00Z,4827,100.68109507550616,93.024595801591,22.499725598641717,37.65962919358957,132.0403826378323,85.51381005053561
P004,2026-01-01T13:21:00Z,4828,67.98625222372415,97.9811344732383,16.253782028087073,37.24777513699508,128.6083941846958,73.34806647342532
P005,2026-01-01T13:21:00Z,4829,71.2928760742786,97.35956997239707,13.9018923338331,37.26281681857858,114.29347246537743,91.38689703068755
P006,2026-01-01T13:21:00Z,4830,118.21176316893025,87.56063704775316,28.072716092118668,38.32858194112089,164.93019224367967,117.89231109962678
P007,2026-01-01T13:21:00Z,4831,97.37314723640493,92.60879007336975,25.543202520082723,38.11989348351063,133.49480973725946,97.64377497841856
P008,2026-01-01T13:21:00Z,4832,108.4086394040806,90.57604898495217,30.753943742517095,37.54375641833305,151.0427648377442,86.92482735183646
P009,2026-01-01T13:21:00Z,4833,71.11810025956467,97.99293596250979,17.84463535048616,37.05820226168026,124.2837667017408,81.75983466569349
P010,2026-01-01T13:21:00Z,4834,72.58355970563966,,16.446029922668604,36.7544740906751,105.58939770937144,
P011,2026-01-01T13:21:00Z,4835,71.81235801698608,98.369676203926,14.30577725602901,36.004484789536505,122.78583478744719,78.77941754393899
P012,2026-01-01T13:21:00Z,4836,110.4903442579194,90.71485083886144,24.21923339650687,38.6354708306826,166.19190673090392,103.76237256925162
P001,2026-01-01T13:21:30Z,4837,98.41986909960832,94.5157320255026,26.843588425037574,38.136410054817816,145.17838506869447,93.25288403028168
P002,2026-01-01T13:21:30Z,4838,69.94376532538122,97.36102991521123,16.75004668634099,36.85984557281829,120.02685086227572,83.40750707780342
P003,2026-01-01T13:21:30Z,4839,97.58490826368069,92.50834580581807,27.347399279599063,37.925691679528434,136.29019044845043,94.69055950142378
P004,2026-01-01T13:21:30Z,4840,70.04234175598135,97.48319567032173,13.96380426753473,37.04944414675225,134.15955233738117,71.65276887676103
P005,2026-01-01T13:21:30Z,4841,70.88322943790277,96.94548125720839,20.95915303277194,37.13854508926598,106.75166482859251,76.59877805893804
P006,2026-01-01T13:21:30Z,4842,109.68928103252247,85.64597147411095,30.606756626789014,38.78831087796896,166.48834403653856,115.89184070759055
P007,2026-01-01T13:21:30Z,4843,108.69741334592925,91.67182107006738,26.10702823736181,38.35754535600686,146.10753653669204,82.82804045921276
P008,2026-01-01T13:21:30Z,4844,107.90011517186728,,24.37432867706545,37.37206977331765,136.0681880962423,100.77748674298886
P009,2026-01-01T13:21:30Z,4845,72.30488571856739,,13.698793712426403,36.70079764861475,126.55451516975468,75.88239780038899
P010,2026-01-01T13:21:30Z,4846,74.52111471716617,97.50514740538814,18.08943843966961,36.862863174086115,104.81842362203508,88.5331443968276
P011,2026-01-01T13:21:30Z,4847,74.91607405468042,96.42575608612563,14.728272937678039,37.222419084632676,117.21923038196432,81.01487429899461
P012,2026-01-01T13:21:30Z,4848,105.97808627997355,86.17701364524487,,37.953604037075145,143.268954507249,87.57101493656961
P001,2026-01-01T13:22:00Z,4849,103.97126544288598,93.56797056682397,26.405410241004763,37.63301365435049,137.59816028152096,94.28545284596187
P002,2026-01-01T13:22:00Z,4850,58.965022792833906,97.67952915409518,15.87792756803597,36.73795189621552,114.47125783925905,78.66508741612432
P003,2026-01-01T13:22:00Z,4851,102.627095631241,94.21016530498761,25.109021190451244,37.50119406006505,129.99077817118595,93.59079165748105
P004,2026-01-01T13:22:00Z,4852,80.37610642089975,97.21721898555967,17.322005896199627,36.39041406754449,125.74059340140124,78.13807864233995
P005,2026-01-01T13:22:00Z,4853,75.95661262516603,96.12128757241942,13.94391383088114,,123.12155778399557,89.43407623393718
P006,2026-01-01T13:22:00Z,4854,116.6967311805451,88.12473486641642,33.9590287631343,38.54936323561922,190.51627669821625,
P007,2026-01-01T13:22:00Z,4855,102.77393610949814,92.83935107806047,22.73764704650763,37.586839797849365,165.50322663455827,82.27140715412865
P008,2026-01-01T13:22:00Z,4856,98.17069722644497,91.28205059847281,24.577524600612104,38.03780550731141,165.00365336408595,99.08230688114598
P009,2026-01-01T13:22:00Z,4857,75.99269214314235,99.101758784214,17.359984684236352,36.28412974387058,121.69153219734149,79.20881424703188
P010,2026-01-01T13:22:00Z,4858,67.87063915490216,96.75633358877286,17.69438974791137,36.491894593796786,112.66456458816812,67.82942830920194
P011,2026-01-01T13:22:00Z,4859,78.00354298623533,99.12097135251534,14.653980013670306,36.76524184544135,123.38755709558085,74.91316627241366
P012,2026-01-01T13:22:00Z,4860,119.51055236561926,89.5586127939552,28.156751142805845,38.322851387606015,151.57181765036123,104.23452239659636
P001,2026-01-01T13:22:30Z,4861,98.65014285781581,90.56665631125908,24.32214202187149,38.187314420713435,152.99170934592533,88.93324984313435
P002,2026-01-01T13:22:30Z,4862,80.37343526429953,96.74031881062383,12.107141029588838,37.32821653836702,124.2864262776686,79.25654220937379
P003,2026-01-01T13:22:30Z,4863,93.57169761199964,92.85011940187731,23.39083105444277,37.68445795214759,130.13559860234372,103.75307367856176
P004,2026-01-01T13:22:30Z,4864,83.82150141927295,98.82047778096634,14.449092398065822,36.761635133370184,99.11155991533437,67.54188522066654
P005,2026-01-01T13:22:30Z,4865,83.9718537174315,97.47903226262302,12.409733443186074,37.069947395354006,143.34065977249338,75.63588143366951
P006,2026-01-01T13:22:30Z,4866,97.30863374708323,85.79450576136011,28.262484204204053,38.33271996729582,168.4498782985177,99.85240664280279
P007,2026-01-01T13:22:30Z,4867,105.280076499899,91.19667509928357,27.15315349556106,37.71577531804228,145.5540719559201,89.35849077100846
P008,2026-01-01T13:22:30Z,4868,118.11413357445518,91.20422787694719,28.92463032132496,37.21411057516703,142.89360868190556,76.43696607366167
P009,2026-01-01T13:22:30Z,4869,75.69049316170565,95.5722734100598,17.917721833150154,36.75519423697592,124.62996041109972,82.78622551037158
P010,2026-01-01T13:22:30Z,4870,86.46526728081801,96.4600365174678,13.734333390029562,36.80358140559379,149.39267488408674,86.10344906897343
P011,2026-01-01T13:22:30Z,4871,80.09733983562167,98.27702116316958,20.00572881780726,36.85993748874575,120.07653838676046,75.81439754263948
P012,2026-01-01T13:22:30Z,4872,107.91204682601331,89.3907197272429,36.354077047391335,38.5316013438167,199.33472399161283,94.46743225335817
P001,2026-01-01T13:23:00Z,4873,98.74520006894531,94.39836519499107,20.939304313213842,37.79018086309202,154.11248911570402,87.83162881680067
P002,2026-01-01T13:23:00Z,4874,82.48277660562222,97.53306091062095,19.41893890116253,36.91419729674386,113.15274420672053,76.68910398874993
P003,2026-01-01T13:23:00Z,4875,107.46953214967326,93.60960660372784,23.232060766040647,38.12286950901154,151.46172698533755,97.80611576975302
P004,2026-01-01T13:23:00Z,4876,74.04323367292015,97.21504878883009,14.664120049268654,37.23599489390922,131.94958141518822,82.98385155152903
P005,2026-01-01T13:23:00Z,4877,83.82106112148797,97.47662371461837,10.83403391281723,36.8702353405603,114.43867804676556,74.32723817721099
P006,2026-01-01T13:23:00Z,4878,126.35905463527354,86.6820853104158,25.66799814595866,38.040219140981044,157.2509219608191,121.59999189981258
P007,2026-01-01T13:23:00Z,4879,102.76436619682529,92.26204378408528,19.773113280176787,37.61233114459576,159.31799872829063,82.15932465354601
P008,2026-01-01T13:23:00Z,4880,128.1537096519948,90.87866675517384,,37.758818199538226,133.85810297358324,84.99213934819048
P009,2026-01-01T13:23:00Z,4881,76.46495515301987,96.54965536170468,15.439457300160992,36.74876381031848,109.64115089470232,93.30539842524009
P010,2026-01-01T13:23:00Z,4882,70.69993469592262,96.71141563665515,17.968632820132672,37.54330736148005,136.75591603252585,75.10844697472196
P011,2026-01-01T13:23:00Z,4883,79.00334714241579,,17.369445796842943,36.88068327631377,136.75958797043927,75.05999345966625
P012,2026-01-01T13:23:00Z,4884,133.65704316397697,85.62315479553418,36.614745548957565,38.44967105794568,162.13788953606263,105.32802029254995
P001,2026-01-01T13:23:30Z,4885,106.66230022963384,91.90093276731125,19.44483238792062,37.67915606638392,147.1212586465681,94.19029896565564
P002,2026-01-01T13:23:30Z,4886,73.84988914016846,95.66649880589479,15.860080206687131,36.54467257960357,132.0746060947622,88.90926304366565
P003,2026-01-01T13:23:30Z,4887,108.5342521126614,90.09750180064803,25.083586312324506,37.61637420459134,147.9085495084834,80.90796174681635
P004,2026-01-01T13:23:30Z,4888,87.52979105757328,97.55629806481565,16.556436908000467,36.50543407602575,133.82490943306294,64.0630143610932
P005,2026-01-01T13:23:30Z,4889,74.38080146167398,97.18291817223479,15.95612679119707,36.45730107563123,125.6260927954989,75.72220420078482
P006,2026-01-01T13:23:30Z,4890,87.29779000196824,89.02997896875853,33.057662808416026,39.04731830065238,157.89453921630502,102.53878377128062
P007,2026-01-01T13:23:30Z,4891,99.87935512020589,91.61123388022706,,38.41349908663547,141.7913347541084,89.29294044378662
P008,2026-01-01T13:23:30Z,4892,91.55618019123031,93.286646914969,25.724662758832366,37.701159503644305,142.6674233120935,96.0154985576856
P009,2026-01-01T13:23:30Z,4893,71.29487018928226,96.12535863237412,16.34936296202943,36.655131688169966,135.92062459045934,78.24660267581825
P010,2026-01-01T13:23:30Z,4894,75.07808048385124,97.25339819338414,12.735705266278583,36.26857335157016,111.08572675949009,66.29430891632038
P011,2026-01-01T13:23:30Z,4895,81.6756704300058,96.90649479224508,10.78637975519301,36.376674732948835,,79.17707552963013
P012,2026-01-01T13:23:30Z,4896,127.05870813071515,88.1230425906468,32.889666213178266,37.799736046371464,165.06357699586752,96.35178764571197
P001,2026-01-01T13:24:00Z,4897,119.85249674071883,90.47894302199892,22.540918527206657,36.83855733753891,142.58451481932795,93.03540279698787
P002,2026-01-01T13:24:00Z,4898,77.0452190178669,96.88428777228032,16.04764425600926,36.870659245410955,115.92524187181002,78.47708753533479
P003,2026-01-01T13:24:00Z,4899,112.97990192144769,94.24591063479278,22.874887629291152,37.86933899298,160.83119497376154,75.6132323081727
P004,2026-01-01T13:24:00Z,4900,81.709550610099,96.19056054569494,17.74163432274251,36.9228582114012,100.81006355082093,78.37823518453712
P005,2026-01-01T13:24:00Z,4901,74.74450272926488,96.01227127154807,20.65675713568163,36.7980471517974,123.11839909709539,88.63443041141706
P006,2026-01-01T13:24:00Z,4902,,90.86454855868759,29.36053754636282,37.45018113838119,176.9115371518273,94.85903968856374
P007,2026-01-01T13:24:00Z,4903,90.58889961485669,91.51161866233225,23.548593016460288,38.1415750442598,149.12876094393397,82.83339028731488
P008,2026-01-01T13:24:00Z,4904,116.84774164304854,90.27615537917087,23.464341256128534,38.12597748253507,135.16268297590972,91.89485351857176
P009,2026-01-01T13:24:00Z,4905,82.6495557378774,96.27101199232668,18.158435467440864,37.08347510694092,124.81226977516515,74.53634468952471
P010,2026-01-01T13:24:00Z,4906,73.05619197170881,96.74863203380723,11.832562638009229,36.53656846191253,125.0444224299282,83.81898775474946
P011,2026-01-01T13:24:00Z,4907,72.42532402369059,95.988476114511,17.487891139063336,36.901123271325424,129.98918050675485,77.6417813693887
P012,2026-01-01T13:24:00Z,4908,138.99714330229403,89.43093389304696,24.97411387801967,39.46058486725932,155.2227147117757,89.5433952487449
P001,2026-01-01T13:24:30Z,4909,113.63250453656681,93.1385477331783,28.679370059204334,37.327668851366276,126.55114985120491,99.1499262795646
P002,2026-01-01T13:24:30Z,4910,83.74048190423407,97.84602720903214,16.55017863867809,36.79350323830954,112.69868254403316,77.1917610190135
P003,2026-01-01T13:24:30Z,4911,115.61426075424087,93.72968143525567,25.612029857702996,37.4782095887282,141.1769940326566,113.34871737037437
P004,2026-01-01T13:24:30Z,4912,71.0151978255534,97.47781095512636,15.49879291634268,36.948926689386006,121.72084474390792,70.9667076846405
P005,2026-01-01T13:24:30Z,4913,81.15365391957117,98.33045639603719,14.105438578564375,36.493561552743614,105.27358174793167,94.05112314556294
P006,2026-01-01T13:24:30Z,4914,,87.84377290523923,25.10272332224119,39.18789280427601,157.67887528362314,114.18027812358065
P007,2026-01-01T13:24:30Z,4915,113.72447764738426,89.01948463481743,24.000285526304694,38.44262170018329,138.61828148786486,88.25752293011767
P008,2026-01-01T13:24:30Z,4916,109.47736605349361,92.47421434391052,24.224581255881965,38.11860578492985,149.82141537801155,86.4813283465852
P009,2026-01-01T13:24:30Z,4917,74.41703967365598,,15.645484327874797,37.050970271533316,135.32150561097052,88.82129428617061
P010,2026-01-01T13:24:30Z,4918,66.73174433083973,96.67700718626891,16.5552096841723,37.014503741878165,130.61475490039277,88.01821553095883
P011,2026-01-01T13:24:30Z,4919,83.60518998865258,97.62367859474604,19.999682438274817,,136.3940028192406,71.03857096320426
P012,2026-01-01T13:24:30Z,4920,125.76176783484104,89.27587623928108,26.517831189236485,39.2013118508384,153.79381668799897,99.82920965321524
P001,2026-01-01T13:25:00Z,4921,94.707461384402,91.80472894663058,22.552614405423093,37.700162508569804,120.44217181130543,76.9071291337214
P002,2026-01-01T13:25:00Z,4922,79.89781799419377,96.9718801909965,16.426517984015558,37.26924962801808,126.23952932616638,73.87075687872486
P003,2026-01-01T13:25:00Z,4923,110.51467175200062,93.74725261992259,23.976756522124177,38.78493326243752,163.61079105040054,89.42794513933369
P004,2026-01-01T13:25:00Z,4924,70.8398962276381,96.88054103419616,15.930635561502097,36.4864640841358,134.29606642543354,85.15133856113277
P005,2026-01-01T13:25:00Z,4925,79.76930870286692,97.05246525522679,15.648254072295892,36.86679866714216,125.36113022775073,78.66878721455207
P006,2026-01-01T13:25:00Z,4926,120.08632347201528,91.80636129047174,27.477366454018146,38.978996254924226,176.5284257005623,77.19779309913949
P007,2026-01-01T13:25:00Z,4927,106.62931425172508,93.07767577834689,24.48834310666049,38.37449662970183,135.8657976816128,95.51503869141513
P008,2026-01-01T13:25:00Z,4928,93.52306426540848,,24.865886067356307,,134.96733811283258,89.35382890545745
P009,2026-01-01T13:25:00Z,4929,67.59052912653463,96.67380681747942,15.915156513275866,37.270781327576074,,90.36864779438545
P010,2026-01-01T13:25:00Z,4930,71.67103782006411,96.81524335956674,13.999019653760016,37.34639839432042,126.51388046027492,76.13822802922535
P011,2026-01-01T13:25:00Z,4931,71.94062985885299,98.17693524642998,14.892448055977063,36.36169057116563,112.0914533231023,88.34667800888802
P012,2026-01-01T13:25:00Z,4932,150.7210778587849,85.78024214154752,25.707719877042134,38.74621747963231,158.87396293326876,83.40921143853508
P001,2026-01-01T13:25:30Z,4933,98.3306678570768,89.98435061954793,26.808409251196924,38.64787219940929,173.34709949278107,78.36332122358222
P002,2026-01-01T13:25:30Z,4934,67.79853360124035,98.04961260174419,16.950931346712128,,116.05821420735629,80.3790774484354
P003,2026-01-01T13:25:30Z,4935,114.29758839832577,92.1619379278219,27.54715828057355,38.31954982909428,138.74135585076888,86.38598826633893
P004,2026-01-01T13:25:30Z,4936,83.69624435390018,99.00493189578768,18.64309839200166,36.849786056029316,,84.41958121670629
P005,2026-01-01T13:25:30Z,4937,76.431107611339,96.85831996239098,16.345484944789447,37.434914373205466,117.12340474471235,73.01046225146365
P006,2026-01-01T13:25:30Z,4938,90.94590064421723,87.4370075030513,24.715147431250994,37.72862865561789,158.33195896201187,77.50049842300157
P007,2026-01-01T13:25:30Z,4939,113.65180433665542,91.91155280443655,28.21081449938496,38.13205513124406,148.9139655841118,82.39712393464683
P008,2026-01-01T13:25:30Z,4940,92.79405107274441,94.92222994751347,25.720875951608637,37.92193677847983,152.57148597124396,77.55472470786732
P009,2026-01-01T13:25:30Z,4941,,97.14577050556909,19.813047630730377,37.292827401693714,125.65792273541851,
P010,2026-01-01T13:25:30Z,4942,,98.63782886171133,16.950133306086034,36.8094464536642,114.88839426908834,83.39111762895226
P011,2026-01-01T13:25:30Z,4943,78.20935394518534,96.30379207532184,17.86992721166476,37.270413332955805,118.96666144240714,73.14126198776125
P012,2026-01-01T13:25:30Z,4944,134.01465514282745,89.16030072073622,30.66695245337888,38.533898269062256,153.45360999704005,86.91195665318186
P001,2026-01-01T13:26:00Z,4945,96.66318052485592,91.5104082220476,24.00853458172063,39.14891080250131,145.0511018653162,80.33270753403052
P002,2026-01-01T13:26:00Z,4946,79.10807472646198,96.69490947022689,14.607741550426255,37.22371267912971,124.60156341042115,78.16943989150082
P003,2026-01-01T13:26:00Z,4947,107.39344448148347,91.77455212305763,22.368262107551768,38.33811547856166,139.5380742402345,94.67139128386128
P004,2026-01-01T13:26:00Z,4948,75.30941719639254,97.26935208430285,15.94120723415075,37.014361330982666,114.72090861390528,74.685846834
P005,2026-01-01T13:26:00Z,4949,80.37580078388483,96.79584281829682,13.832657930253209,36.83904947366164,109.43164490208844,72.865362375069
P006,2026-01-01T13:26:00Z,4950,94.14798571088791,88.86722588653603,24.313041550186735,38.878900484194105,155.5324850046347,104.49447026933514
P007,2026-01-01T13:26:00Z,4951,117.85224695779033,92.2191043258024,26.02446053978958,37.80965991600257,148.25952327843117,82.03886163197419
P008,2026-01-01T13:26:00Z,4952,101.10277500230802,92.49737809454878,20.991814753384922,38.445057662031466,130.88510268832064,90.05301944249507
P009,2026-01-01T13:26:00Z,4953,71.36027849923082,96.75556147607494,14.890303242021309,37.281268630894644,111.44845404337356,68.67434969422695
P010,2026-01-01T13:26:00Z,4954,71.08942161308427,96.9493757266414,16.04633890421243,36.24888628627084,118.10810032295706,83.952288444927
P011,2026-01-01T13:26:00Z,4955,,96.34919037594251,15.406018652974263,36.17571383818799,128.23947375531432,78.49887368084103
P012,2026-01-01T13:26:00Z,4956,109.36309395462018,90.09475894039367,24.49247820554137,38.218872244346684,160.90274475506612,112.42315667575878
P001,2026-01-01T13:26:30Z,4957,110.232572683018,92.03277793735363,23.591735811767887,37.807554405410684,,86.3585137335405
P002,2026-01-01T13:26:30Z,4958,87.80459971701613,95.39988401801324,20.837859595133974,36.68761405059331,115.91938708732086,85.58506191084673
P003,2026-01-01T13:26:30Z,4959,105.25018936314636,93.26864435216709,24.41762920958604,39.15700066949394,148.82022644359736,79.9488967874354
P004,2026-01-01T13:26:30Z,4960,70.76531679545846,97.86297271574858,14.958112887542802,36.6418038484857,113.24783023652996,89.21432279903799
P005,2026-01-01T13:26:30Z,4961,84.68767015842953,96.38028444482921,16.73054622514655,36.7517407838212,113.67591058739009,84.46387851763885
P006,2026-01-01T13:26:30Z,4962,122.27955191532261,90.45536921160316,22.45645331315675,39.19923005240389,160.83572532013676,89.160184897139
P007,2026-01-01T13:26:30Z,4963,99.80300397415493,92.14793826012728,23.184720677543513,37.5870659377728,136.63722056883827,99.8209942236539
P008,2026-01-01T13:26:30Z,4964,107.87727339509865,92.20485135032197,24.896186591686874,38.39023282309291,147.5697182453732,84.98973709508492
P009,2026-01-01T13:26:30Z,4965,59.595065233202035,97.27938798036932,14.831142471844576,36.91741301104534,125.20131901333002,85.47002035645406
P010,2026-01-01T13:26:30Z,4966,81.2244160026362,96.50215121784731,16.030997089480515,36.769575696064145,123.40512171836957,73.39359659435458
P011,2026-01-01T13:26:30Z,4967,73.60218567827141,97.87505349034465,16.417230960387904,36.25876630496707,118.35913755799616,75.74855600491567
P012,2026-01-01T13:26:30Z,4968,131.0325036801518,87.57481954762416,22.830497626592916,39.212754725257,146.7154908069625,104.2981438818028
P001,2026-01-01T13:27:00Z,4969,105.79994028289568,94.33859918656793,27.294898605663935,38.34466751378728,136.1059396184309,96.02841914241459
P002,2026-01-01T13:27:00Z,4970,73.71576473861809,96.31303421430609,15.189488573160128,37.49037137715396,111.5069732186106,83.94912045794987
P003,2026-01-01T13:27:00Z,4971,86.66901322471097,92.39453443845306,21.24810073657348,37.89659456295497,133.09317605302647,84.2807679445327
P004,2026-01-01T13:27:00Z,4972,81.54370140790905,96.18207389143723,15.12486688189073,36.89961591465789,113.84449683423279,86.37464928427943
P005,2026-01-01T13:27:00Z,4973,77.54139712913202,97.38151492578025,18.3967837363224,36.9611137795186,125.5125963921968,78.5537637705708
P006,2026-01-01T13:27:00Z,4974,107.67575786630675,86.02113690004472,22.723456074724606,37.62048738729347,171.4639419706576,123.204192862414
P007,2026-01-01T13:27:00Z,4975,100.39614627440888,92.96377497403896,21.60460034759072,37.96984541431111,160.3579782808363,93.25814655535167
P008,2026-01-01T13:27:00Z,4976,115.74129523094803,92.37784796497999,24.666556789779776,38.1446771374619,124.57193285689891,84.79973130915762
P009,2026-01-01T13:27:00Z,4977,74.8548568812471,97.88529206750601,16.294060853986114,37.042616766988,124.55193386371907,72.83996704907234
P010,2026-01-01T13:27:00Z,4978,87.42433730021595,96.71264268987476,18.091635248462595,36.873839384580094,107.51755002663997,83.02839240600025
P011,2026-01-01T13:27:00Z,4979,83.38047277844362,98.04868529264989,14.842342016201439,36.90794355255244,117.4570334744752,78.96736860764403
P012,2026-01-01T13:27:00Z,4980,113.97539769014833,88.87092885583009,32.770288381258815,38.67104407003444,159.32099790782146,91.86929012280086
P001,2026-01-01T13:27:30Z,4981,116.56213244901792,92.56976536312082,24.958348787349646,37.47451887935619,146.85739830935626,86.87828915442572
P002,2026-01-01T13:27:30Z,4982,84.29031528545583,98.31777047198642,14.011192678942209,37.64070927041206,124.14511568416974,77.34627425036246
P003,2026-01-01T13:27:30Z,4983,112.09923825385104,93.73997820657748,23.50281679063553,37.96523347027907,140.67405762592753,
P004,2026-01-01T13:27:30Z,4984,92.60541542521554,96.64362072307847,15.465329498065646,37.205171648074945,129.03801081627935,84.21549007326307
P005,2026-01-01T13:27:30Z,4985,68.18072501858171,96.7892071076688,13.914001079971554,36.95007361991028,109.5968778068751,82.04260925298776
P006,2026-01-01T13:27:30Z,4986,116.68226433234491,84.38678869113912,24.841397803839907,38.99615239080228,149.23971905819224,91.6915064404862
P007,2026-01-01T13:27:30Z,4987,,90.53642962785584,26.023223257954065,38.18790312721538,135.65306981822582,79.62027481397175
P008,2026-01-01T13:27:30Z,4988,103.81362810307483,91.64223568628398,26.766490099373762,38.27264656379759,158.7584928735757,87.11855623085447
P009,2026-01-01T13:27:30Z,4989,70.86529382807068,94.76371817730929,14.853036412118351,37.134737082423115,125.72319225059137,80.47087622106065
P010,2026-01-01T13:27:30Z,4990,74.94334378114127,97.68464820734326,16.549594437782144,37.119563092815156,115.95038263498905,
P011,2026-01-01T13:27:30Z,4991,72.92528244608944,95.93016889467113,15.848594521291286,37.218150542381075,133.4166245240009,84.41564922272465
P012,2026-01-01T13:27:30Z,4992,100.92338298604005,89.25095776422457,31.039074750422905,37.535641073210634,176.1376881566399,81.43431205715314
P001,2026-01-01T13:28:00Z,4993,104.97343674667937,91.93414486289136,28.739707050441993,37.678447798633115,140.74906062094422,95.93777959880687
P002,2026-01-01T13:28:00Z,4994,82.45094220620645,97.3045294512605,13.446046196803465,37.13342911586002,140.08311408073817,85.15562984577515
P003,2026-01-01T13:28:00Z,4995,85.6166021346552,94.03099171773005,20.624717966998965,38.2562974386214,148.120633864004,88.18657710756986
P004,2026-01-01T13:28:00Z,4996,68.56114249152384,98.13503846353039,15.45737023913465,36.592565339142915,115.32423866949458,77.43660019019981
P005,2026-01-01T13:28:00Z,4997,82.66114188855245,98.2466264079728,16.117983904018455,37.59944344752946,128.6237502794488,95.93878862521296
P006,2026-01-01T13:28:00Z,4998,111.54902463021249,88.21367453377573,26.3068564845672,38.27993297794269,174.2006811594518,95.23489632635771
P007,2026-01-01T13:28:00Z,4999,105.6485969060568,91.4470858921737,23.53837417330954,38.09672813001809,148.31170118166594,95.10349725661973
P008,2026-01-01T13:28:00Z,5000,110.48444628353292,94.59534944646711,25.09321714849692,37.636265334201916,144.7881051384946,86.13079836697872
P009,2026-01-01T13:28:00Z,5001,82.14703859981047,96.60590357263435,18.91508987263412,37.00998765579113,,84.48937072524139
P010,2026-01-01T13:28:00Z,5002,76.70195339977184,97.52104263306535,14.714142209896458,36.72968460335915,110.11450865109222,80.71147359057791
P011,2026-01-01T13:28:00Z,5003,77.26389447315213,97.10693299283844,16.954367732597913,,120.23983336835039,80.07952626514263
P012,2026-01-01T13:28:00Z,5004,118.26224229166704,91.1963885227211,,39.1057206983444,160.6013824789867,107.66989364866545
P001,2026-01-01T13:28:30Z,5005,,93.79883127503354,23.43123212938323,37.85507881897145,158.37423313777356,100.84548592535259
P002,2026-01-01T13:28:30Z,5006,77.13042111334173,96.61586913591196,12.120957992890855,36.52928749924686,122.88600263069439,86.97769380926724
P003,2026-01-01T13:28:30Z,5007,107.46617149576949,92.23175864544714,27.211511620420957,37.463532565770336,148.24276277132023,91.22920230891043
P004,2026-01-01T13:28:30Z,5008,70.66688939134232,96.52414319352873,14.955176632380232,37.08298302799616,133.22689348380263,81.31092579944573
P005,2026-01-01T13:28:30Z,5009,77.02394827453577,95.63138050128774,19.2278349178397,37.00108897492872,128.97600754639595,70.05726568807444
P006,2026-01-01T13:28:30Z,5010,109.62137713909273,91.05207484160138,27.303614589668115,38.55956340690959,148.54369673085893,101.58779495656222
P007,2026-01-01T13:28:30Z,5011,93.43720820390521,92.36938734215386,26.640861660205417,37.549527895713744,148.22770852838082,89.31824870129296
P008,2026-01-01T13:28:30Z,5012,94.68850597743727,89.47777356674648,21.822588411849413,38.20932092642594,157.08951529155226,91.52106134026434
P009,2026-01-01T13:28:30Z,5013,75.42551879640678,97.56255004284148,18.84574105316761,36.79205409549616,117.96865861720418,75.1557775133394
P010,2026-01-01T13:28:30Z,5014,86.727256879971,98.07326873322566,15.28810626756187,36.74442316905674,115.93213960905933,71.26664300695022
P011,2026-01-01T13:28:30Z,5015,83.25991092071544,96.43103709215099,17.016385090962135,36.88835978473342,125.62965921676444,76.77327527714944
P012,2026-01-01T13:28:30Z,5016,122.42313213955366,86.9720880418055,27.27594852422847,38.64251042301583,182.61414263658463,104.50958683918537
P001,2026-01-01T13:29:00Z,5017,104.15728531039707,91.60515081500185,24.620953149307383,37.7207110778606,128.62713489626748,80.5942873498469
P002,2026-01-01T13:29:00Z,5018,,97.03592403574677,18.88769668029677,36.69378178303545,149.51398816906513,83.35175904545012
P003,2026-01-01T13:29:00Z,5019,103.85058378603595,91.41497435035525,23.052309142374508,37.26866966417986,159.28815158745084,88.14908117356572
P004,2026-01-01T13:29:00Z,5020,78.30701703119499,97.234308749927,13.914758929530223,36.765520080809836,122.09058206283332,76.13705242331886
P005,2026-01-01T13:29:00Z,5021,71.06141220563946,97.73875258109594,19.079992449736825,36.76478706582453,125.86444459301792,74.01435255712957
P006,2026-01-01T13:29:00Z,5022,91.11385604534635,85.48585113410152,26.389077700565917,38.203733346744926,156.89239857578616,
P007,2026-01-01T13:29:00Z,5023,100.75512450639336,91.26491085721456,24.46981334603981,38.01293099112792,137.88992856969932,92.3570217545641
P008,2026-01-01T13:29:00Z,5024,116.13406191245015,92.28353686569474,27.106280451951235,37.931354740510166,152.14086717765014,84.64277526432883
P009,2026-01-01T13:29:00Z,5025,84.3644461999724,95.64168346996496,14.865976405496983,36.67564626020008,124.2801090124407,77.49739917006622
P010,2026-01-01T13:29:00Z,5026,71.57652244161855,97.597545864626,,36.86978507641769,134.0270967844213,78.42539269262936
P011,2026-01-01T13:29:00Z,5027,81.53548060092346,96.83400011589846,13.71685852353994,37.09791717885208,111.35857153098834,88.03209501069654
P012,2026-01-01T13:29:00Z,5028,117.98413280528764,86.69932492365008,28.586173563033682,39.26366717987103,137.81073276869392,93.68091815245428
P001,2026-01-01T13:29:30Z,5029,93.98830980984555,92.34289991460513,24.422335699178795,37.90557736640572,138.2318192745637,85.81084976363461
P002,2026-01-01T13:29:30Z,5030,76.8479921044421,97.88080596670028,13.653296711602666,36.52123450035801,138.99701760352966,85.66428424278534
P003,2026-01-01T13:29:30Z,5031,96.93981832927409,91.96632212483918,27.04168406672796,37.888881689684084,154.88660110066596,87.84705259586482
P004,2026-01-01T13:29:30Z,5032,83.94221399018173,97.72425458345757,12.338808251085275,37.324090325057675,113.73634259529926,76.5068892986284
P005,2026-01-01T13:29:30Z,5033,73.87939711505578,98.06756432040001,19.136636941420996,36.569985680477146,122.69948651659223,74.85524701253581
P006,2026-01-01T13:29:30Z,5034,112.48977535287595,86.79282043694103,28.063979147202925,38.88950058226689,159.84066968457,93.48659700154639
P007,2026-01-01T13:29:30Z,5035,95.88656635003288,91.56107310551388,23.04078623650279,37.920305042568444,148.7268340016613,89.10994693450355
P008,2026-01-01T13:29:30Z,5036,116.53732548355596,92.96420189002613,22.175450843345136,38.04041893786741,146.6820296190356,90.3200957358429
P009,2026-01-01T13:29:30Z,5037,72.7728960598635,96.36023845952998,17.343903452415766,36.5331312825265,114.73147025194102,87.02990738979402
P010,2026-01-01T13:29:30Z,5038,63.38006806984548,97.5209425198615,14.744844151570096,36.844774029610036,125.28241263748696,81.37762776409795
P011,2026-01-01T13:29:30Z,5039,79.46353033995777,96.61767623361767,16.429642353828072,36.762294540621404,115.3764054390863,84.30848722262031
P012,2026-01-01T13:29:30Z,5040,148.77524818073658,88.98377067957585,24.67259553067999,38.38242118367637,153.00880232059527,96.18271233190619
P001,2026-01-01T13:30:00Z,5041,113.0217347091624,93.17775225286348,28.7396293166911,37.76060211133153,148.37771699239022,83.24416527422957
P002,2026-01-01T13:30:00Z,5042,81.53898386985028,97.44868457823684,19.410333371733138,36.99185839856388,115.49781137318084,81.10863015742893
P003,2026-01-01T13:30:00Z,5043,92.43364632568266,91.43239910208753,27.059529448039417,37.8827022853586,127.33047474003452,87.92824216094397
P004,2026-01-01T13:30:00Z,5044,79.27759800560753,96.95887035980653,18.506277774840243,36.754406142906596,112.00323793050916,81.71301805281274
P005,2026-01-01T13:30:00Z,5045,78.61305563685309,96.7899098681335,12.472779671207638,36.526726704784885,113.38298224229956,74.63265827523828
P006,2026-01-01T13:30:00Z,5046,132.27109603260212,89.76180443044647,25.17212380533619,38.06153662941249,,88.0188783971707
P007,2026-01-01T13:30:00Z,5047,99.92841769661305,,23.753730277973336,38.053141331750915,155.05145609231832,80.90618291855762
P008,2026-01-01T13:30:00Z,5048,107.67249382108119,90.60164031389824,22.315935986151626,37.78623818577896,122.05189325381181,81.5723713137547
P009,2026-01-01T13:30:00Z,5049,69.5049346719541,95.80893484170387,18.754701293896396,36.50097808203438,135.35263296315836,75.77397620009414
P010,2026-01-01T13:30:00Z,5050,78.84250162529833,99.06973044654013,18.330611810118675,36.691118721780676,133.72311175897846,66.46676964034634
P011,2026-01-01T13:30:00Z,5051,81.04078826173844,97.79422379831196,14.03962522477358,36.87314902103759,113.33251473141864,80.579995433413
P012,2026-01-01T13:30:00Z,5052,121.08039039432981,88.19716862476191,24.435757089463138,38.28465593197389,167.21330384172026,92.47602165741888
P001,2026-01-01T13:30:30Z,5053,111.2291810137792,92.18928821554609,21.20477856694565,38.538953652968466,148.95719949089744,90.707809581143
P002,2026-01-01T13:30:30Z,5054,69.94439489365371,95.68723765270822,12.141680486769243,37.13848434042541,115.73542100011782,77.15778870209375
P003,2026-01-01T13:30:30Z,5055,101.70814231599994,90.59872649231458,25.34673306501476,37.4480136848446,147.39860726243188,99.6227908278993
P004,2026-01-01T13:30:30Z,5056,73.15636203713444,96.49262346019448,15.564586250641964,36.6654837481426,124.12088223716526,88.92763500224194
P005,2026-01-01T13:30:30Z,5057,83.48211078954539,97.87627268294885,,36.85697557958441,120.01654372562574,92.26115401197191
P006,2026-01-01T13:30:30Z,5058,87.48986854163364,91.73856602702017,20.965530566208784,38.19840988314827,138.16131319200286,118.20736394522253
P007,2026-01-01T13:30:30Z,5059,96.88592382075082,92.13607503541262,28.186360078147267,38.08859022322471,144.24422869633182,
P008,2026-01-01T13:30:30Z,5060,103.84274924525265,91.70713967719993,22.885025748374613,37.91607807331683,157.66331494791672,105.52232402893175
P009,2026-01-01T13:30:30Z,5061,75.99029146993493,98.14300207631297,19.949750881021636,37.28852248847024,123.91527575919386,79.94344350450956
P010,2026-01-01T13:30:30Z,5062,66.0542077061957,96.84646414144677,18.74852847694514,36.62583388677031,138.17102471143045,64.45469603388261
P011,2026-01-01T13:30:30Z,5063,67.29519143995776,98.47348050023304,13.540381583775625,36.53078848294816,121.12488603566246,73.81902840454717
P012,2026-01-01T13:30:30Z,5064,97.93854427384815,86.71881847220293,30.980573030193348,38.77403043399788,159.81423755076892,102.55008419820042
P001,2026-01-01T13:31:00Z,5065,100.3354228953038,90.84373087121061,30.794153915762468,38.17412814975028,166.73767382343374,94.79657499174047
P002,2026-01-01T13:31:00Z,5066,81.46207339227415,97.32207684426196,16.79755553136517,37.31638633932769,135.38279911780245,77.66211012292649
P003,2026-01-01T13:31:00Z,5067,98.93493447803138,91.88231740567286,20.770478683780183,37.90838680620484,149.0383743728695,93.76661318129874
P004,2026-01-01T13:31:00Z,5068,60.39588736651033,96.37008608985093,20.285510130754933,37.09680880831381,116.58555233830126,80.19976571693826
P005,2026-01-01T13:31:00Z,5069,72.3699501337873,97.36865059069403,15.157901260667632,36.88137524831973,138.85122983525233,72.25264219334531
P006,2026-01-01T13:31:00Z,5070,126.00057890220785,87.89612890654226,31.960046071345232,37.99908438504778,180.07868514271345,122.13773144439268
P007,2026-01-01T13:31:00Z,5071,104.6023587980116,92.08293771661461,28.677069018500603,38.60659587175154,146.9273632767288,80.79145013532724
P008,2026-01-01T13:31:00Z,5072,104.39006813756109,91.48503668263555,22.62092440339272,37.51558893558994,,90.39807120746785
P009,2026-01-01T13:31:00Z,5073,72.66696621125215,98.21163327971725,14.696543562585981,37.146438238858025,137.1394670741857,72.000350801458
P010,2026-01-01T13:31:00Z,5074,73.46010914671697,96.75352029972902,17.601376931472764,36.89972739770585,142.79654028667986,74.78346896961082
P011,2026-01-01T13:31:00Z,5075,78.39912017331956,98.13007014433387,14.302276279614707,36.91510485446903,131.36304150624514,78.99045932555862
P012,2026-01-01T13:31:00Z,5076,111.40387963497888,88.87463930708539,25.78649684507812,39.00442540693553,173.61934465045093,93.68006001741287
P001,2026-01-01T13:31:30Z,5077,97.82900518267743,91.47326267334049,24.52407560538486,37.82010923069351,142.78562016250459,88.86180725135289
P002,2026-01-01T13:31:30Z,5078,72.72777093911661,96.00448161431947,15.210188165897769,36.816057266123174,125.91723290472197,74.71393637488406
P003,2026-01-01T13:31:30Z,5079,112.53357000401475,92.03140084573009,21.184167392258615,37.54767010157004,132.0499364501842,94.9622722821876
P004,2026-01-01T13:31:30Z,5080,68.75920681466486,96.2532308755909,10.703544380274963,37.029475778980526,126.54888137919632,71.56919222981324
P005,2026-01-01T13:31:30Z,5081,77.19424624074031,97.67376809914155,14.694878733065503,36.94824607676331,121.741935543255,72.2802976718019
P006,2026-01-01T13:31:30Z,5082,144.4773685578017,87.50434609967297,23.04320090404625,38.90175641866229,167.61698167775265,106.93378966063707
P007,2026-01-01T13:31:30Z,5083,111.53832321237743,90.83824706692354,30.389676426643682,37.963810332170034,128.52392011586852,93.51165717376226
P008,2026-01-01T13:31:30Z,5084,112.81824925560349,91.53039229154552,27.71346817827014,37.59713485256971,146.1650667416411,
P009,2026-01-01T13:31:30Z,5085,77.74864795624316,97.5370090882596,13.808985555013615,36.55625729804138,109.96628712432238,75.44082272522283
P010,2026-01-01T13:31:30Z,5086,80.91371063223508,97.3777406545926,16.67639513231639,36.61981688492663,122.364446407439,73.35351116388362
P011,2026-01-01T13:31:30Z,5087,72.53498169491507,96.69465018063755,15.236636775978932,36.35912629462721,115.43643978979144,83.47112563168886
P012,2026-01-01T13:31:30Z,5088,111.71209905588064,86.16781627640978,28.686161674700635,38.779554107126316,165.14610175173107,96.28314399807077
P001,2026-01-01T13:32:00Z,5089,105.69197533354628,90.48055813620452,20.582158392291724,37.78081389536364,152.55627346429046,104.93508079117602
P002,2026-01-01T13:32:00Z,5090,84.02909761761819,97.07935183985646,18.210722630970835,36.90289426758467,119.01741159620536,73.31233063592296
P003,2026-01-01T13:32:00Z,5091,108.36477348399805,90.30005124875419,25.247557355462405,38.71800738972759,151.8822610550286,95.08943947717341
P004,2026-01-01T13:32:00Z,5092,82.43297888194473,96.2968123820774,16.11761925495527,,145.74448013211105,75.66129196436502
P005,2026-01-01T13:32:00Z,5093,74.05013620750914,97.033476493229,12.577006882127488,36.8739686043447,120.02624413780373,84.39887279078911
P006,2026-01-01T13:32:00Z,5094,123.89028699057728,87.39399342115885,29.59034653601722,37.84234811042521,157.07694245873023,105.10354312849596
P007,2026-01-01T13:32:00Z,5095,119.87611961243474,91.83905031105894,21.89517785528452,37.87777672317029,149.45530023833902,73.13011317333302
P008,2026-01-01T13:32:00Z,5096,112.44425856130935,93.43065828768174,26.80967285436003,37.63002793578089,147.30058044839308,89.33269687577598
P009,2026-01-01T13:32:00Z,5097,81.74164036042421,97.93210295948806,18.90547813059351,36.96532522976276,134.99321460011296,76.17902256033874
P010,2026-01-01T13:32:00Z,5098,72.80377033975873,97.29589064031276,15.844122330202318,36.81616941683663,123.35722120511605,
P011,2026-01-01T13:32:00Z,5099,76.07310997128172,96.83577312770863,19.86443773956344,36.94966434525581,116.88183285794612,71.65893119125131
P012,2026-01-01T13:32:00Z,5100,118.82129174557193,87.697775943849,22.109870154331386,39.52831100439115,168.70876896842972,107.10850706634322
P001,2026-01-01T13:32:30Z,5101,109.90147468535655,93.88538284830237,23.659642806121607,37.01679577439933,136.55747865249654,88.71544824982018
P002,2026-01-01T13:32:30Z,5102,,95.44119984663914,14.319917547440838,36.858481464087646,116.0230712897411,85.0157315464438
P003,2026-01-01T13:32:30Z,5103,94.63623313136557,90.81830515793126,23.074965520343465,38.44080501788423,147.59142286935935,73.15956630680685
P004,2026-01-01T13:32:30Z,5104,89.05671549890496,97.14783144111041,16.979183753078853,36.86994225628606,123.97051958725392,72.44997381935352
P005,2026-01-01T13:32:30Z,5105,85.10009997566047,97.77560096090609,17.7230302800879,36.77438620314141,116.40698026788262,78.19755874633456
P006,2026-01-01T13:32:30Z,5106,131.39497255326995,92.115937074173,29.736111992105272,38.571859061830985,181.88075548368812,102.4257863313391
P007,2026-01-01T13:32:30Z,5107,98.44753158243394,93.1137575991348,25.84975233235089,38.478565916220184,142.8535448635202,80.06604908114709
P008,2026-01-01T13:32:30Z,5108,97.02193307899938,94.15783019579939,22.633323532021965,,141.36457281525892,73.37122759765812
P009,2026-01-01T13:32:30Z,5109,88.9343321970001,96.37930946974862,17.647076101075122,36.695969014375294,112.97259985974723,74.74878472619648
P010,2026-01-01T13:32:30Z,5110,81.04835997164727,96.47408280279407,14.100388020093874,36.85381183334085,122.97353758312816,75.7815401761731
P011,2026-01-01T13:32:30Z,5111,78.72596580803321,97.83847477231566,15.309967246611187,36.79852636631658,116.28005033752542,79.09682546315062
P012,2026-01-01T13:32:30Z,5112,125.00096583648265,89.53151644057648,26.39021199515912,38.86843812859192,165.29135232479246,90.74738685939427
P001,2026-01-01T13:33:00Z,5113,119.26192746819416,91.71949371196123,25.436185497595435,37.68602655584219,147.1466282327865,69.4618562037807
P002,2026-01-01T13:33:00Z,5114,73.14814629521825,95.76136109700661,15.49633732268695,36.53230710280114,116.62496230999872,76.77395162658478
P003,2026-01-01T13:33:00Z,5115,99.93376263662297,94.51163349775983,26.6257278267988,37.98658504169514,162.30267169311833,85.10035328450732
P004,2026-01-01T13:33:00Z,5116,67.29138395200013,96.88095366183985,15.42424245788299,37.25001281680615,125.35471188973521,85.02354211956748
P005,2026-01-01T13:33:00Z,5117,78.60248013251834,98.08446907696509,16.103608137801576,36.95088201898641,112.99182253481868,83.89844229684705
P006,2026-01-01T13:33:00Z,5118,117.64342839565772,89.36358540350331,25.74111466892264,39.352389194843084,161.73810982783905,95.1489361595633
P007,2026-01-01T13:33:00Z,5119,104.15671447400217,92.84994195269077,25.142219022891204,38.21045044335641,141.66558078223437,85.76627776623789
P008,2026-01-01T13:33:00Z,5120,111.52691570539483,90.98682248425452,24.883880319755054,37.747516272717064,130.08373187987223,82.45872335653368
P009,2026-01-01T13:33:00Z,5121,69.1353418966033,98.19427103277657,14.315717887029104,36.877650527915954,122.56475307235837,
P010,2026-01-01T13:33:00Z,5122,79.2475874290577,97.19426581358745,15.120578802889066,37.20176959855443,119.64583108688134,75.43294098565654
P011,2026-01-01T13:33:00Z,5123,79.32903419854756,95.35616239575644,16.07364073302689,36.82541437620386,113.36369857709873,70.72229036531415
P012,2026-01-01T13:33:00Z,5124,,,,38.99125080597327,170.24510126014295,99.29894125592354
P001,2026-01-01T13:33:30Z,5125,101.68538226507842,93.12350363200132,23.919794285410227,37.731342595535054,155.07752386789102,78.0420631715482
P002,2026-01-01T13:33:30Z,5126,70.65706569966498,97.07986748492719,18.881266387596256,36.28363464135029,128.95321051070562,80.27590056867473
P003,2026-01-01T13:33:30Z,5127,115.85201520885322,92.50796136215924,25.551728918595177,37.511414866656615,174.13440297781204,93.72504447104338
P004,2026-01-01T13:33:30Z,5128,82.24795613156536,99.23010123062201,16.26211388205736,36.713734966091046,124.31559976880415,82.8244730448381
P005,2026-01-01T13:33:30Z,5129,79.81544468593657,97.89178512807766,,36.34911163060649,,80.76625177908122
P006,2026-01-01T13:33:30Z,5130,117.80023916000452,86.20735135273296,28.08842264276214,38.95647667601187,133.44875552758205,
P007,2026-01-01T13:33:30Z,5131,94.53701305143983,92.74016524784321,26.883089136962024,37.95443264658791,128.45439937138335,94.98870119386004
P008,2026-01-01T13:33:30Z,5132,107.92918823975953,91.61130292477314,23.033395616001737,,150.72623090160644,82.12657802128768
P009,2026-01-01T13:33:30Z,5133,72.81821865851681,95.70930036548324,16.601601129970344,36.41815285063856,118.80090067186629,82.37378158145758
P010,2026-01-01T13:33:30Z,5134,78.14690760069048,95.43469472789292,16.483319411113296,37.39757092164666,127.82665282419491,83.81786579983633
P011,2026-01-01T13:33:30Z,5135,71.24139650480186,96.03558494905224,16.517303236294218,36.84381363747978,120.24883591637861,73.91606008626077
P012,2026-01-01T13:33:30Z,5136,103.80373793582848,90.44414215756436,31.461159530309004,38.80880416729703,164.67854224083732,96.35816147813995
P001,2026-01-01T13:34:00Z,5137,,92.9416135828034,23.91892577266196,37.33059317650192,163.43779552218408,97.38634228144504
P002,2026-01-01T13:34:00Z,5138,89.20969802072523,95.82301409708728,14.796828135357213,36.726229577509834,122.95453899954774,84.79424593994968
P003,2026-01-01T13:34:00Z,5139,106.67950649155152,90.88103472055518,22.84927678867949,38.280378630273155,164.74625838613574,88.18216218864056
P004,2026-01-01T13:34:00Z,5140,73.65772603184804,97.7547218604777,15.81362663133376,36.57108972336528,127.90668525317629,68.00717701827406
P005,2026-01-01T13:34:00Z,5141,80.16529581565783,97.80847712110514,17.165835424182497,36.384971366793756,122.72473692483439,79.61830699964362
P006,2026-01-01T13:34:00Z,5142,106.95603410976423,91.48203227089566,23.094075538165814,38.60472425224309,166.61481406048117,98.31080420485137
P007,2026-01-01T13:34:00Z,5143,117.59564251856068,90.97018970440598,24.564099272679275,37.72722494892748,145.94483301872881,94.71644113120448
P008,2026-01-01T13:34:00Z,5144,117.13143552450455,93.41640986392419,21.838498406813915,37.53643419205026,143.31911639425596,88.787759066782
P009,2026-01-01T13:34:00Z,5145,81.66083005769202,95.05809963961414,,36.88173786127449,99.38108149623625,84.10904844781274
P010,2026-01-01T13:34:00Z,5146,74.19709826326537,96.31731294952256,15.674076092756641,36.39053639052945,111.94569019823835,
P011,2026-01-01T13:34:00Z,5147,73.67552630370491,95.52524270092543,17.767266773515402,37.085348521008676,116.41402396328817,83.07353928896585
P012,2026-01-01T13:34:00Z,5148,85.91299619320897,88.87787651531528,27.839399162613237,38.12718583653031,173.01169811930407,104.20197183670389
P001,2026-01-01T13:34:30Z,5149,101.69515343927534,92.84504995933851,19.596438628642645,37.410212673353016,157.49287302937847,89.31504427046254
P002,2026-01-01T13:34:30Z,5150,81.07817295190141,98.13896689896012,17.509391923046046,37.269691260948996,133.5238033735898,68.90379976605773
P003,2026-01-01T13:34:30Z,5151,100.37221378141324,95.90060339802311,24.448436902310917,37.86575504143415,144.59173462761336,89.22843362919183
P004,2026-01-01T13:34:30Z,5152,65.93139994393174,97.06680378851775,20.666826616392576,37.166511051959645,117.6828011251835,80.10545575256387
P005,2026-01-01T13:34:30Z,5153,84.71651678194495,97.28982406021908,11.313970643349169,37.04153291977451,125.63427280628602,80.03226148367511
P006,2026-01-01T13:34:30Z,5154,134.43680076637355,89.9084366549009,30.12673411447221,37.94874968979141,141.20284300729455,98.6520874114974
P007,2026-01-01T13:34:30Z,5155,92.77939309397314,90.48851161635507,26.15034760300862,37.55728795360733,,82.08929378608879
P008,2026-01-01T13:34:30Z,5156,102.90857387179327,89.91931726737731,24.056103715866055,37.71047311398059,147.41797015921594,84.5378173362244
P009,2026-01-01T13:34:30Z,5157,76.27631452985524,97.80045077160854,15.8082539166553,37.45016403756304,110.65162232715544,73.25044443207369
P010,2026-01-01T13:34:30Z,5158,78.45837082346358,97.37702965802045,17.56689642254904,37.01774759342682,123.5814852544576,75.29636923877473
P011,2026-01-01T13:34:30Z,5159,70.44893167048576,95.8850072832938,14.463682105352209,,132.3282988262043,75.44925554722217
P012,2026-01-01T13:34:30Z,5160,95.69490773925817,89.63228387407808,,38.380291605653184,149.31403219409927,123.60273213541097
P001,2026-01-01T13:35:00Z,5161,111.63810066998346,95.67183372418842,23.510380686097594,37.796530051743545,,93.50301664981802
P002,2026-01-01T13:35:00Z,5162,82.11471410344015,96.73441099248804,13.555206055252901,36.96890602399437,107.96832992712537,73.17771943603518
P003,2026-01-01T13:35:00Z,5163,111.47338908766346,92.80351584648272,25.103196766848477,37.90979719371818,167.0629549123877,
P004,2026-01-01T13:35:00Z,5164,79.49508593372865,97.87542306446929,16.022248350851076,36.91066605178501,116.96050964772144,83.80783189994474
P005,2026-01-01T13:35:00Z,5165,77.6755460971,97.47138475798252,14.071870049967474,36.8422239962217,113.92919721790777,78.60421284592285
P006,2026-01-01T13:35:00Z,5166,112.0919831794226,86.5394295408865,24.284147790913522,,156.86271723418065,94.29810064060091
P007,2026-01-01T13:35:00Z,5167,109.91542406627657,94.23647023157503,26.044429446199473,37.89983210605813,139.31366058450993,98.92024229590517
P008,2026-01-01T13:35:00Z,5168,111.03179523801279,90.51695791175351,22.77887811123401,38.0287397064807,138.26905029773428,79.21483865599838
P009,2026-01-01T13:35:00Z,5169,76.00205582991894,98.4132143855362,17.950023384319277,36.68102414037414,129.5109370762368,88.63771384754378
P010,2026-01-01T13:35:00Z,5170,83.60573667671123,97.31737010860165,14.154607618312415,36.545400563779324,106.64943258681042,81.38694700779591
P011,2026-01-01T13:35:00Z,5171,70.14492774871084,97.78732433939557,19.63035770762534,36.58502313335111,119.11314789532864,75.83045668214072
P012,2026-01-01T13:35:00Z,5172,111.18822682159286,91.64087411030268,27.490230070447517,38.41188935217392,157.40702258092492,120.91986649166822
P001,2026-01-01T13:35:30Z,5173,95.91394961112111,91.15917930370635,27.551891701394624,38.33609479592996,145.74388307322698,80.54791082538745
P002,2026-01-01T13:35:30Z,5174,72.43124305214687,97.20138140936885,14.593111383745,36.744120606614636,130.65543483771873,73.12597238924411
P003,2026-01-01T13:35:30Z,5175,,90.48720026162933,23.83316583855648,38.17492040405062,151.90596570472064,83.07891884657778
P004,2026-01-01T13:35:30Z,5176,71.11081163418176,97.34563543970827,18.43121755169758,37.280348438128684,98.76687213341023,81.7735867875354
P005,2026-01-01T13:35:30Z,5177,79.64548310772068,97.60054159411713,20.29183081800354,36.74548895763513,114.09522688924011,86.31553088593772
P006,2026-01-01T13:35:30Z,5178,127.99805374884066,87.08656315299183,26.088710147091092,37.793223528155686,153.66170473398304,94.889013815636
P007,2026-01-01T13:35:30Z,5179,113.58760143892411,91.89425535768301,27.443516306514642,38.3983951791646,143.59370214220922,80.23667834113523
P008,2026-01-01T13:35:30Z,5180,105.95042213839375,91.48227858364926,21.438497783012,38.3553312392632,163.0737599640333,87.77091438601366
P009,2026-01-01T13:35:30Z,5181,82.78842807085829,97.00731575309838,19.863300318809824,36.931274610485694,118.35677323575781,76.30720120786715
P010,2026-01-01T13:35:30Z,5182,79.07601027450418,95.78244200126011,17.04515756391283,37.15211559090876,124.27193286657031,68.0755232783057
P011,2026-01-01T13:35:30Z,5183,86.19964986331243,97.23733162918406,13.574709158179303,36.655335648581165,113.93343079848168,78.69803782142377
P012,2026-01-01T13:35:30Z,5184,117.40968088100257,89.96706316349638,19.30627480471067,38.675155578207495,159.73369847957414,103.5797154898022
P001,2026-01-01T13:36:00Z,5185,117.57403093535112,90.31050170106975,24.341048976605467,38.088767693160655,138.7392913574544,81.7875761056664
P002,2026-01-01T13:36:00Z,5186,59.83544122157593,95.80423933435755,15.4692762546673,36.43052128250372,120.266461075415,79.33990155238858
P003,2026-01-01T13:36:00Z,5187,107.47725535339386,91.22577746309132,29.504291849308252,38.1792783071848,164.62434957958644,90.25931608754165
P004,2026-01-01T13:36:00Z,5188,70.25693015752302,95.88406486025173,17.96736565363607,36.39581913633481,137.21076014352133,73.10603395040341
P005,2026-01-01T13:36:00Z,5189,77.02988450999644,97.76813896487621,18.419152377737117,37.144105460807275,114.18465108758349,77.18387026069495
P006,2026-01-01T13:36:00Z,5190,121.4536434079034,89.46938555622665,25.408465638568927,39.275569643415714,174.3526179429358,101.81077199533519
P007,2026-01-01T13:36:00Z,5191,103.37797281009884,91.25697577023975,25.050271088132114,38.2390111317974,158.1916441994691,99.2940752737581
P008,2026-01-01T13:36:00Z,5192,107.1768923691362,92.42910393925685,24.858079164906975,37.89811342186408,175.40269941072967,86.95762203621139
P009,2026-01-01T13:36:00Z,5193,75.81459585681627,96.45885963373537,14.232702623814689,36.87714616806986,125.26303294868423,84.34572699766235
P010,2026-01-01T13:36:00Z,5194,,99.5839449204767,16.83772022778474,37.125994943729445,123.19593706380904,69.11916410933814
P011,2026-01-01T13:36:00Z,5195,66.567485473223,95.72889710278393,11.994219561385332,37.21721104387301,123.24472115389118,90.34011381362842
P012,2026-01-01T13:36:00Z,5196,135.21503341014,88.41083968121545,26.178097581554795,38.58891788973749,167.00979280395984,103.30344685425081
P001,2026-01-01T13:36:30Z,5197,112.93787841435505,90.79857835099824,31.955257250896896,38.55531490277979,151.00858728843815,92.85437616659675
P002,2026-01-01T13:36:30Z,5198,73.678004747843,97.26539251326189,17.290057321534448,37.5035370398841,121.98516503543955,81.47121261269977
P003,2026-01-01T13:36:30Z,5199,103.78814614845423,91.37568671598828,25.768231726512806,38.373691950371004,172.1262126184413,90.04991351133168
P004,2026-01-01T13:36:30Z,5200,73.12230010297199,96.87953310198395,15.329664423074602,36.8407137657502,124.74835832990223,89.32842352487842
P005,2026-01-01T13:36:30Z,5201,71.75464536180209,97.06659273071269,15.349898577425833,36.69395396505229,133.1272737659035,85.85931816593397
P006,2026-01-01T13:36:30Z,5202,102.87270678416637,89.9683514775276,21.94966145954134,38.973931215749666,181.16859143288053,91.81269245519806
P007,2026-01-01T13:36:30Z,5203,107.5081661072604,93.51079218876546,23.653493272335464,37.83728676653126,141.81163431394893,90.54389898813722
P008,2026-01-01T13:36:30Z,5204,115.05949176931085,92.67425931964479,26.786739774696702,37.644023050095754,166.6537530268226,76.23910781778525
P009,2026-01-01T13:36:30Z,5205,76.32722673167042,97.44405674845417,16.607390232873612,37.57503760925938,108.12677350553447,86.11514226575366
P010,2026-01-01T13:36:30Z,5206,,98.57587319150636,14.69307502663003,36.636666198245926,121.61788821987528,73.87010731072286
P011,2026-01-01T13:36:30Z,5207,83.07433558043692,97.74864077136324,18.10434083763395,36.89575527690593,127.71273790824598,
P012,2026-01-01T13:36:30Z,5208,130.699925060941,88.27853897784243,20.912886769746713,38.240467673351034,156.13841169256645,116.62186895613749
P001,2026-01-01T13:37:00Z,5209,104.43573663988525,92.77702177151426,21.953854985116276,37.70215411462927,128.9497199135322,88.40729142084984
P002,2026-01-01T13:37:00Z,5210,83.74003824688691,,15.598864256781104,36.757043692605635,125.27545877377223,93.23530122666187
P003,2026-01-01T13:37:00Z,5211,115.74522989095031,92.33139285433028,23.59616601325332,38.38779550517322,151.21720196289937,91.55503404231544
P004,2026-01-01T13:37:00Z,5212,75.22022777465966,96.35797593354037,18.599820162954316,37.01134807792799,93.66659669613097,84.56719008562546
P005,2026-01-01T13:37:00Z,5213,78.94103329849368,96.81006747135024,14.53497819264605,36.85768212905679,121.02401928812202,81.7580449740416
P006,2026-01-01T13:37:00Z,5214,112.78359331879949,88.22208812265359,24.32742965925457,39.15259139429926,141.34632083108227,94.52529379746497
P007,2026-01-01T13:37:00Z,5215,98.60411035350933,90.78409347735567,27.323044436335675,37.89443111457234,148.79245020086253,89.72230413358152
P008,2026-01-01T13:37:00Z,5216,101.10330460999474,91.09488869362887,24.16013120343205,38.102806148357175,145.17098213880675,84.42009793439289
P009,2026-01-01T13:37:00Z,5217,74.55442777024598,96.85231050936497,14.099132382758581,37.19228203224372,127.88964362538903,77.60876925144991
P010,2026-01-01T13:37:00Z,5218,76.34442293251804,96.81341942790029,17.87935323196179,36.70495390972327,135.74380922040436,74.5593288721097
P011,2026-01-01T13:37:00Z,5219,77.54916978795956,95.8148798955392,16.073265422415773,37.51077420884644,100.83977781136744,77.5467930265953
P012,2026-01-01T13:37:00Z,5220,106.70198529995591,87.29260467871856,21.50047335889097,38.64383683972503,168.57108172503715,104.16773304787746
P001,2026-01-01T13:37:30Z,5221,99.80379184007106,93.49669902838862,22.79248780505762,38.2863632802666,157.9168177174172,91.66093696187933
P002,2026-01-01T13:37:30Z,5222,78.05459614589226,98.4720138730352,14.799572089859154,36.91273850468287,116.97588215487481,92.66166333593054
P003,2026-01-01T13:37:30Z,5223,105.47352338168756,91.43607148064714,25.617478872594877,37.79821083516362,145.3636333626792,78.23695055270325
P004,2026-01-01T13:37:30Z,5224,80.6553979699075,98.12620630989689,17.14976610543858,36.81960786411329,133.38146731027885,76.92862288189542
P005,2026-01-01T13:37:30Z,5225,77.21715004635486,99.25733929229982,15.607851234953749,36.86630671144011,128.91577918987474,74.54520272482704
P006,2026-01-01T13:37:30Z,5226,104.33249624489272,89.96056177086086,27.88491886824905,,152.58522570903605,101.1680818497031
P007,2026-01-01T13:37:30Z,5227,101.62361664765389,91.56213377644642,24.602250488143174,38.25702503165857,134.89834518600037,71.34839516120294
P008,2026-01-01T13:37:30Z,5228,105.65807868956065,91.67407789936158,29.15789996809904,38.38792478420443,141.57825399456803,84.21551781121322
P009,2026-01-01T13:37:30Z,5229,65.95860629006064,96.13807892812086,17.318245603378234,37.47027664576832,124.27585000027337,72.99471214475012
P010,2026-01-01T13:37:30Z,5230,84.60829575386396,98.26274458753697,18.661104081955816,37.140081398902204,110.46004679871113,73.1557555843954
P011,2026-01-01T13:37:30Z,5231,79.29857080847184,96.45463224217816,15.071386607878125,36.35733278275855,112.33807792823283,86.62025206936396
P012,2026-01-01T13:37:30Z,5232,110.93876836378162,89.39154745213786,26.966208835378414,37.77198620081359,160.25721858821746,95.00311488733057
P001,2026-01-01T13:38:00Z,5233,106.44060450729178,92.76014508206596,23.977822643103256,37.85158857311467,153.1773559433606,82.2755383294822
P002,2026-01-01T13:38:00Z,5234,75.4456931189555,96.94422967232184,13.040278626443762,36.83645504972638,108.02265883062353,70.38058487423052
P003,2026-01-01T13:38:00Z,5235,107.16576905769509,92.86437980868259,25.971178654178924,37.7269341182559,,83.41260837200467
P004,2026-01-01T13:38:00Z,5236,74.39400079447296,97.49669375819155,18.5055294717963,36.73832196576205,116.7298201068076,80.03134689022082
P005,2026-01-01T13:38:00Z,5237,69.41112770078384,96.4730011603966,17.649663625084393,36.74990908250512,124.86675887771788,76.619933430874
P006,2026-01-01T13:38:00Z,5238,114.9530064073392,88.15462247711788,30.19061276808894,38.8073299747186,176.142085533581,112.3199157893181
P007,2026-01-01T13:38:00Z,5239,96.31049880205882,89.19275977941399,22.7735744151891,37.978416529200985,166.18383778244154,79.16698419417595
P008,2026-01-01T13:38:00Z,5240,99.98957175531106,92.41145185629809,,37.88069400261641,140.83141032120025,
P009,2026-01-01T13:38:00Z,5241,77.03777636074207,97.90023135161044,16.719643209976102,37.107592470403254,127.47346133601016,75.43254728083693
P010,2026-01-01T13:38:00Z,5242,74.49439069299258,98.68916996221847,16.74448476880099,36.38134504365003,131.43549905508647,83.66693160720446
P011,2026-01-01T13:38:00Z,5243,74.36024969582658,98.44867706739127,17.714382408733304,37.12356535833663,131.75689070499288,72.58623871869254
P012,2026-01-01T13:38:00Z,5244,,86.63195432799985,23.255234589302066,38.83513036513458,182.10006959639904,105.66060421110001
P001,2026-01-01T13:38:30Z,5245,102.46958426075406,91.1685404227659,26.834482113661554,38.523732832023136,165.05005997183866,87.37095584526591
P002,2026-01-01T13:38:30Z,5246,68.6931161417997,97.44972809939264,15.224796781878984,37.45230668327739,117.1295627289379,83.74990485291205
P003,2026-01-01T13:38:30Z,5247,100.88495175269242,89.02955139113098,23.003916452592826,38.22075167196489,137.15045125717842,92.01017284971553
P004,2026-01-01T13:38:30Z,5248,79.97889189389673,96.48369051350959,16.085128329613276,37.017556982445335,122.60406341663192,89.92654426630718
P005,2026-01-01T13:38:30Z,5249,67.7289773358067,97.06298425664592,13.693226705578217,36.84715383110219,108.52186900147619,78.15180752555264
P006,2026-01-01T13:38:30Z,5250,111.65080514904382,86.973572989597,27.36490902816554,37.95482107919915,181.37632411703902,93.09872238466963
P007,2026-01-01T13:38:30Z,5251,,89.66744577021358,26.028361248412104,37.917291973475756,146.68150063396212,93.60899711028566
P008,2026-01-01T13:38:30Z,5252,124.74190234291632,93.72908783269877,22.10216554182714,37.5132093644623,163.8987997005051,96.38263453201506
P009,2026-01-01T13:38:30Z,5253,76.86357221113623,96.62514269127244,14.438712292395362,37.17712290830808,120.59670723599008,82.94883812593196
P010,2026-01-01T13:38:30Z,5254,78.79795966678647,97.21388303300229,19.004606799633663,36.8345753159633,114.83095096824135,78.04130648002082
P011,2026-01-01T13:38:30Z,5255,75.8065762328713,95.43778987770507,16.20100914940544,37.16217646662413,134.67259561416688,86.71763953711232
P012,2026-01-01T13:38:30Z,5256,125.71926710511207,83.28969302545714,23.62504239714628,38.983593883419196,152.5590731744607,100.84138332380472
P001,2026-01-01T13:39:00Z,5257,99.34528551142877,92.42872585254749,27.829375458284193,38.153722335317525,163.56200767072497,
P002,2026-01-01T13:39:00Z,5258,67.99479901901488,97.99935380016467,16.997907083985027,36.9731933767327,116.3536041916145,81.3802912839594
P003,2026-01-01T13:39:00Z,5259,119.98340798478233,92.65258485550068,28.183587961928183,37.69763863271111,152.0186465562737,87.9001319618673
P004,2026-01-01T13:39:00Z,5260,80.158791408524,96.83125665267727,12.554370008881085,36.607690818173175,113.76206571737046,71.83417160335439
P005,2026-01-01T13:39:00Z,5261,75.78618953915584,96.93028526671223,17.243747027052844,36.867478447404714,,63.74167550854245
P006,2026-01-01T13:39:00Z,5262,124.22740256876125,87.69351192762069,25.48638614479223,38.92267263747901,165.57285899983108,90.91765099132103
P007,2026-01-01T13:39:00Z,5263,99.52024436771578,90.50794302619,29.181587310796203,37.85069909129709,160.58401066782957,106.50087939563763
P008,2026-01-01T13:39:00Z,5264,113.75877457130784,89.31928427547481,28.099879128441643,38.09077358986893,143.06585442801477,94.0890513915749
P009,2026-01-01T13:39:00Z,5265,77.74802854614626,97.54866798071001,16.811775284502282,37.086225987821436,126.13651773531127,78.11506760857088
P010,2026-01-01T13:39:00Z,5266,74.66666624110093,98.88745702126279,13.226407717465836,36.57010469722419,101.74600322440108,71.11935373385056
P011,2026-01-01T13:39:00Z,5267,83.63654639358195,96.6179307060128,14.905547250826537,36.77056050301798,106.38953299679389,85.26560250467139
P012,2026-01-01T13:39:00Z,5268,97.0218368344999,89.73517752229918,25.44086480392314,37.81030115159733,149.10287426305823,103.26360893544597
P001,2026-01-01T13:39:30Z,5269,95.38934979368713,92.49615444786961,25.451318196331215,37.846446073019166,145.1262697267692,98.35795006717925
P002,2026-01-01T13:39:30Z,5270,76.94675450281478,98.11890064766972,16.162437244853443,37.480916970476855,131.17555422672953,70.81054510280954
P003,2026-01-01T13:39:30Z,5271,101.53795765818523,92.97660011424756,23.872856916693493,38.230124760359914,133.00852148456798,86.8422290655492
P004,2026-01-01T13:39:30Z,5272,68.79809975874,97.36703741104968,12.135458834625602,37.30253766720404,120.76987455407985,69.15505927970995
P005,2026-01-01T13:39:30Z,5273,77.39826719748463,97.56250249706723,17.913444842508717,37.37488371812931,97.75922368828161,70.05156683818122
P006,2026-01-01T13:39:30Z,5274,120.52390060079252,92.43982858168266,27.329627970792863,38.993688403865484,172.99458195518866,98.9765528695956
P007,2026-01-01T13:39:30Z,5275,,91.4886362117004,25.16578436321446,38.026559002904406,164.075080927692,90.19420348452728
P008,2026-01-01T13:39:30Z,5276,102.30656852837275,90.32784785565603,25.89528930058027,37.96760417889773,136.25376345719027,85.34187359116618
P009,2026-01-01T13:39:30Z,5277,72.66873184731995,98.66825849161062,13.913952861078503,37.0094537927411,121.63887914394276,78.01924664278832
P010,2026-01-01T13:39:30Z,5278,78.0239199772415,97.62950340071352,13.552848856038457,,125.81326203862636,85.95048223267
P011,2026-01-01T13:39:30Z,5279,67.74069006195624,98.49698326492666,16.86557804706574,37.161004543992355,127.9444330437804,75.39941283838056
P012,2026-01-01T13:39:30Z,5280,114.2240859675563,88.95468133212846,25.259715157040656,38.482619277421996,179.45561759782444,96.17262112522177
P001,2026-01-01T13:40:00Z,5281,113.70640094455807,91.50817117461082,24.95187182731393,37.9876851587891,146.11247141083123,98.04387701839775
P002,2026-01-01T13:40:00Z,5282,64.54592314281085,98.66372551082233,16.880967276616047,37.45912554007285,132.00638504148105,65.71632475763379
P003,2026-01-01T13:40:00Z,5283,107.39232092458889,91.21464686674233,26.930763974935502,37.708727173458,149.81077711493847,98.81294060900684
P004,2026-01-01T13:40:00Z,5284,64.55131696147983,95.41632775708905,15.059652497010152,37.40525719457508,115.13530963064217,76.27220391771594
P005,2026-01-01T13:40:00Z,5285,66.1271769387368,96.86088023029811,13.59864865704852,36.682019639946034,127.85079019994157,70.79832705536371
P006,2026-01-01T13:40:00Z,5286,113.37489612375019,91.37876832819802,22.075961112282826,39.21651211829085,162.40031742106407,104.14789820942032
P007,2026-01-01T13:40:00Z,5287,113.7819172039055,91.20419935692249,24.67895472788529,37.654719437595666,169.49519272691913,91.14532520482561
P008,2026-01-01T13:40:00Z,5288,103.08105059562746,92.47322350209205,28.419688824481184,38.276395039908934,122.4734974328635,87.93199369854774
P009,2026-01-01T13:40:00Z,5289,75.2608718253589,97.84684331289735,14.05680457349794,36.599966021823164,,81.5085802637712
P010,2026-01-01T13:40:00Z,5290,80.57518642049976,98.9240559098702,17.976036210422063,37.26086024633548,140.35195728016134,73.81154354089949
P011,2026-01-01T13:40:00Z,5291,78.49414902953991,97.47501560541691,16.03898815472683,37.35302306529717,130.7670826608019,76.8837491517943
P012,2026-01-01T13:40:00Z,5292,124.16393270691395,91.7518104277619,24.484138146697795,39.594624405389716,173.68973363216077,110.62628745233002
P001,2026-01-01T13:40:30Z,5293,94.89252468341327,90.95245776251578,28.821057331317895,38.35565959449587,,84.04019262977282
P002,2026-01-01T13:40:30Z,5294,74.03378265476553,96.25546342975554,16.20162241473949,36.92428763821693,114.71279883360219,80.45581494939476
P003,2026-01-01T13:40:30Z,5295,92.91771666507164,90.98929911157728,22.748103990702464,38.540144120566666,157.8962466305246,81.44155030841384
P004,2026-01-01T13:40:30Z,5296,76.56179101728627,99.6314882917811,15.481919585848921,37.28050010154223,120.42498675175527,84.55788231093716
P005,2026-01-01T13:40:30Z,5297,80.72559834479206,98.77787248270532,13.463675791455305,36.5564936886698,135.83214431696834,75.48493909865537
P006,2026-01-01T13:40:30Z,5298,128.27185301655825,86.27348906656798,29.516114256045743,38.32700640261842,172.81138189870032,103.64983589044489
P007,2026-01-01T13:40:30Z,5299,113.87909723966725,92.38264449188485,23.413532853233274,38.433016887497736,154.97544104581513,94.26459237385151
P008,2026-01-01T13:40:30Z,5300,102.5539149625901,93.11129313889715,22.726913986854736,38.57583222101724,143.20602786746502,92.76743561343385
P009,2026-01-01T13:40:30Z,5301,79.22718036203025,97.79722379746526,13.042381714334713,36.53660048460887,128.0856571265102,78.80434424366904
P010,2026-01-01T13:40:30Z,5302,,98.09694983098929,17.312277812874587,36.98554108010701,122.64351663983452,82.08317361666786
P011,2026-01-01T13:40:30Z,5303,74.9020023376084,97.42372030969257,16.2160341522624,36.5477554919593,118.40482725265173,83.64341295573418
P012,2026-01-01T13:40:30Z,5304,117.4135044647421,85.20591784794708,31.184054330046507,38.928856959248506,208.28508739627205,98.52971540906827
P001,2026-01-01T13:41:00Z,5305,121.44578028070197,89.99657760673192,24.29606583630895,38.37299179868451,137.97053969830324,92.35559425137916
P002,2026-01-01T13:41:00Z,5306,82.99198986848896,97.80012332681868,17.079479888579364,37.02202311741724,120.20024226710407,74.25523716258043
P003,2026-01-01T13:41:00Z,5307,103.68926063036494,90.134551944212,27.083027958755082,37.58450193547641,152.8229176777852,93.50279416766979
P004,2026-01-01T13:41:00Z,5308,76.23185827115265,97.42848369784194,18.692216638161096,36.96846055093189,131.113334266262,71.79820104608868
P005,2026-01-01T13:41:00Z,5309,79.39359399874995,96.1659908090971,14.421864449569682,36.80821852426657,130.31049805856514,66.46310066269916
P006,2026-01-01T13:41:00Z,5310,104.53602086391096,89.64096577214988,29.035768494811855,38.29536924114692,158.5736701774696,81.07426141780569
P007,2026-01-01T13:41:00Z,5311,109.95499049942906,91.35218997360376,22.305532626145236,37.906718056977226,141.09568131989073,87.90808771691921
P008,2026-01-01T13:41:00Z,5312,96.55239212739767,91.46211206324169,23.809096808849578,39.21485366570553,145.0078455476344,78.64673638927593
P009,2026-01-01T13:41:00Z,5313,74.39919913638221,96.8685343257245,14.753287886821981,36.51559001474357,135.3648268027622,92.6255304849761
P010,2026-01-01T13:41:00Z,5314,78.56748369965688,97.06210184636012,18.71976050516276,36.795057798057854,122.0206864447028,70.69949903196778
P011,2026-01-01T13:41:00Z,5315,77.23628011533397,96.7145322615583,,36.63859785309122,113.44972269691118,77.79880427262411
P012,2026-01-01T13:41:00Z,5316,131.2057944125302,89.3658020902455,,38.179521903322915,163.3386393028228,95.22432675980203
P001,2026-01-01T13:41:30Z,5317,105.050034228285,90.56931856015065,26.745755838595777,38.15411392790154,143.08613357458063,67.19885227677877
P002,2026-01-01T13:41:30Z,5318,65.25066190119114,97.32202342283007,15.101311635929749,36.66514759211047,109.7711005088834,71.81809273417414
P003,2026-01-01T13:41:30Z,5319,118.57984771465549,92.37828850837474,26.809582101251305,38.09325349576799,141.7485212180122,79.83281183865697
P004,2026-01-01T13:41:30Z,5320,73.78987226872515,97.16460888035539,13.377070463348826,37.172252875010884,118.44311647060285,81.9259008717875
P005,2026-01-01T13:41:30Z,5321,84.70219307487707,96.56915100641643,16.603470070347917,36.766126372287985,108.62440707082405,78.53232611245252
P006,2026-01-01T13:41:30Z,5322,115.73282307805938,88.77017002658435,32.12001402718629,39.336699785895235,163.82248092873283,110.84596912193045
P007,2026-01-01T13:41:30Z,5323,99.57825631437417,92.36219284252986,22.44351755129671,37.88808791001858,159.4818834502441,96.91745098495095
P008,2026-01-01T13:41:30Z,5324,95.9353036513343,90.57315072791417,23.931229027447245,38.73816661663169,150.89565327454898,93.61545108221063
P009,2026-01-01T13:41:30Z,5325,82.26381802021578,98.1931465934912,15.433137304316851,37.127724275867735,125.50290621586629,93.97079154708993
P010,2026-01-01T13:41:30Z,5326,85.74357700654035,95.34656062025464,13.941665925813103,37.20000519380102,121.68128819221096,79.0981787310352
P011,2026-01-01T13:41:30Z,5327,74.37523338905085,97.87576289686373,16.9188782800766,36.868613176392564,106.64597432305588,85.09098942902868
P012,2026-01-01T13:41:30Z,5328,121.74342437252145,87.87843847324466,33.612149886895686,38.70110199275182,163.37036950507186,104.19800402877738
P001,2026-01-01T13:42:00Z,5329,105.25734915812852,92.04205899590316,28.7272232576849,38.260269905361795,171.404070423954,95.22047421960593
P002,2026-01-01T13:42:00Z,5330,86.0797777368029,97.5985983586182,16.57242846503775,37.271595851273496,111.40877058812568,78.24186606738127
P003,2026-01-01T13:42:00Z,5331,106.38143427359178,91.2089688266085,18.197528689436812,38.52257888847597,134.81172207617706,92.46297579457978
P004,2026-01-01T13:42:00Z,5332,70.7429720043563,95.87953525956272,18.977881809962703,36.76824367643648,119.8352803717354,93.17103483282342
P005,2026-01-01T13:42:00Z,5333,85.2083428213645,98.70380077981012,15.10769807284362,37.12560126596517,130.7078142157547,73.75301388083525
P006,2026-01-01T13:42:00Z,5334,122.75200427922769,91.18397377768822,23.868916730280567,38.33887686113124,155.04779281632446,91.6120613177918
P007,2026-01-01T13:42:00Z,5335,112.43733745601553,90.58513070676794,23.779393272166608,38.19932251064727,159.69960927218358,97.8044404083871
P008,2026-01-01T13:42:00Z,5336,107.14526538812402,90.44884978550888,28.80079896947131,37.63958215637694,,88.52841880142707
P009,2026-01-01T13:42:00Z,5337,84.31366002700892,97.75694534951694,16.389583546809508,37.24250535612513,113.75347757853534,82.28017542658793
P010,2026-01-01T13:42:00Z,5338,77.34392940165597,97.71098143905627,11.78626391747554,37.34165851283813,124.11507880605559,81.31538336559788
P011,2026-01-01T13:42:00Z,5339,75.38487896942515,95.97538115166823,15.636996568851778,37.38750653839766,117.01920263975006,78.56450494313916
P012,2026-01-01T13:42:00Z,5340,121.54380536321183,89.8332586809674,25.322206362180957,38.463967412271806,176.46906997427106,
P001,2026-01-01T13:42:30Z,5341,118.3754203405096,90.28610779229415,28.209207962877315,38.08066252104254,149.5161344652802,
P002,2026-01-01T13:42:30Z,5342,81.63716734865648,97.60689862254925,12.728034889145821,37.08483339436158,120.44706920267893,83.31187156944307
P003,2026-01-01T13:42:30Z,5343,104.16697790984887,91.47914447197898,28.975225413013025,38.90575057249901,154.49388072675924,
P004,2026-01-01T13:42:30Z,5344,84.36266086882941,97.94372980768422,13.412697828644573,36.95538173806485,113.92881130794322,85.58273447418411
P005,2026-01-01T13:42:30Z,5345,78.90286912051921,96.40400233835307,12.963689009087382,36.95790444651009,113.62063105723027,77.53910173987605
P006,2026-01-01T13:42:30Z,5346,118.2982624434349,91.63446988165288,25.125232111338057,39.009412240740346,158.11053260951584,95.466874051814
P007,2026-01-01T13:42:30Z,5347,105.62815963500648,92.33706281926784,28.011301184945157,37.75492487843988,141.78935470593186,87.10548782621697
P008,2026-01-01T13:42:30Z,5348,107.74627439347766,89.7515122025238,25.59441454843577,38.46798885689106,153.78607046845636,86.52155708354195
P009,2026-01-01T13:42:30Z,5349,70.60061968636641,97.49695691405185,17.738531931036757,36.97137627540935,124.24341711897203,78.42008931569822
P010,2026-01-01T13:42:30Z,5350,76.17119686740931,97.754406895518,15.866007649158473,37.176362087834185,134.01836679316867,77.90355829504458
P011,2026-01-01T13:42:30Z,5351,,96.53967458838065,16.71831535940121,36.608049459994035,128.80287102276907,
P012,2026-01-01T13:42:30Z,5352,100.91230151871255,90.52074907318712,23.414825783096614,38.888305334709166,185.63859269548544,100.04608939034571
P001,2026-01-01T13:43:00Z,5353,102.97642674952189,91.02232785718962,27.77333010536536,38.43995751746795,137.81869566161532,97.71044271972788
P002,2026-01-01T13:43:00Z,5354,70.55125775174625,97.85898562192892,13.575340447978409,37.209563941571524,123.05408137316998,79.75778485579373
P003,2026-01-01T13:43:00Z,5355,104.2326324857751,89.81089244339798,21.480804836420155,37.758618706640384,145.5197489045251,99.06263717426484
P004,2026-01-01T13:43:00Z,5356,88.66002059158492,97.44192871772027,13.043989990646505,37.12325889017206,132.23471922524212,83.3315377228905
P005,2026-01-01T13:43:00Z,5357,71.7438902840191,97.00494848976574,14.924867338811543,37.193611373764995,132.25627293125748,80.34480615403288
P006,2026-01-01T13:43:00Z,5358,110.17591133564501,86.63152051947726,21.407020004334683,38.816040155987416,145.79589308854244,110.99516567502675
P007,2026-01-01T13:43:00Z,5359,111.27478572294294,91.60964471519314,27.809977724126252,38.292432679867105,130.34590795823905,83.36356188647414
P008,2026-01-01T13:43:00Z,5360,92.44795184987954,92.75215198856458,29.871902372802897,38.34524364494619,148.9871841768973,95.42813826923776
P009,2026-01-01T13:43:00Z,5361,85.7482549787032,,12.088448277595877,37.954617918289294,118.07098954372047,76.38886370340835
P010,2026-01-01T13:43:00Z,5362,58.78754349020042,98.1853873326322,15.118611639433736,37.01270840955901,113.63894604556249,78.5628002418654
P011,2026-01-01T13:43:00Z,5363,70.33071275412138,97.37020250044222,16.782166473498663,37.04522913682729,125.26960095732817,79.47208846082324
P012,2026-01-01T13:43:00Z,5364,115.01873665285024,86.82812155524307,23.444682132549854,38.719437164917146,,80.3680568703122
P001,2026-01-01T13:43:30Z,5365,118.76179040214555,91.37331576341464,25.48540764183878,,140.55800339931142,93.11894430204043
P002,2026-01-01T13:43:30Z,5366,83.62693089244198,96.54730648296092,13.99883166112175,36.94470316277604,109.59997696611481,74.60222395972725
P003,2026-01-01T13:43:30Z,5367,107.91019817503438,90.86819395893951,22.869227039774707,37.6318656258598,129.7158128574639,96.74391081199937
P004,2026-01-01T13:43:30Z,5368,75.10570854335447,97.86706374242809,17.188270052365908,36.738396468983765,126.13350409198046,77.02395067218289
P005,2026-01-01T13:43:30Z,5369,80.92088065425648,96.94737607330732,15.554214523498247,36.58166594016117,123.77178702826392,71.52506359391464
P006,2026-01-01T13:43:30Z,5370,128.2818870310882,86.90830153622555,23.548237882947817,38.417650825526344,180.38146203573757,111.3824093889986
P007,2026-01-01T13:43:30Z,5371,110.34004789598126,92.63641912606612,27.846423708548976,38.07909095214692,149.62580392560884,87.724667255152
P008,2026-01-01T13:43:30Z,5372,,91.79733306334751,27.644769953930677,37.81974000810651,147.9246640286149,93.7016540546744
P009,2026-01-01T13:43:30Z,5373,78.60003343313268,99.4540790333804,19.03816212728636,37.85770796360709,112.41191872240032,86.34735664539795
P010,2026-01-01T13:43:30Z,5374,67.49661558802093,95.85291617263726,16.46620364835038,37.10137781636324,113.22836315759488,80.90189794824138
P011,2026-01-01T13:43:30Z,5375,79.74257940807337,96.0708897838286,19.680076131195865,36.61176529066046,121.85421502566591,93.31273781319872
P012,2026-01-01T13:43:30Z,5376,102.64204444410298,85.93776693605555,24.27235891412899,39.247460717064385,147.93490330125866,103.40172513319439
P001,2026-01-01T13:44:00Z,5377,115.2548677742628,92.66788997290458,22.346752005566742,38.253471812569984,155.36531190147517,88.14770045304414
P002,2026-01-01T13:44:00Z,5378,78.89255105802349,96.78618620578345,13.776944828811903,36.666168564049904,133.57048308167606,79.16725102642302
P003,2026-01-01T13:44:00Z,5379,110.34510257444038,92.92733438813198,27.21683544983141,37.74977535782447,113.28707845284015,90.62996174053352
P004,2026-01-01T13:44:00Z,5380,81.22143903320884,97.51114401526483,16.655768005425703,36.27707357964937,122.58986444630632,77.94793919703876
P005,2026-01-01T13:44:00Z,5381,75.53625694543783,95.89802670887778,13.355327702453057,36.96923996370017,123.08863853918422,87.93536490258892
P006,2026-01-01T13:44:00Z,5382,141.65232455178872,89.6901017212218,21.448849695036273,38.18798774906527,176.49198829302264,
P007,2026-01-01T13:44:00Z,5383,117.59463215176541,92.85530561435604,21.255955289951956,38.25782077531206,155.45379043147886,90.50669603331059
P008,2026-01-01T13:44:00Z,5384,111.48179139403217,90.19879135588931,28.66314052120377,38.70457817131616,152.60610059672817,93.45984762318946
P009,2026-01-01T13:44:00Z,5385,75.75585499758718,97.13447969632745,13.672476900878841,36.93184560686648,115.74158855165989,78.77220483028394
P010,2026-01-01T13:44:00Z,5386,71.41516892791468,96.79746739438937,18.343047259906605,37.04074519682534,,80.95259591143991
P011,2026-01-01T13:44:00Z,5387,81.35865929208629,97.1964850450792,16.161372636365222,37.158059646532124,117.49125500371542,71.06199896558202
P012,2026-01-01T13:44:00Z,5388,110.24403266387762,90.48651078941377,29.379593325949187,38.08144949908279,169.2646945282238,114.35077780141532
P001,2026-01-01T13:44:30Z,5389,111.55704859112409,90.78382448270007,22.73823730463547,38.132717920646904,151.3317700330166,94.97630381836572
P002,2026-01-01T13:44:30Z,5390,74.12974650142809,98.93928990014622,14.948167952378252,36.88617259516832,103.80153274150017,87.43851799904003
P003,2026-01-01T13:44:30Z,5391,102.19712733829465,91.23579772038462,25.007949851988702,37.89480768171385,133.32168276302716,91.21068105306541
P004,2026-01-01T13:44:30Z,5392,73.14254119496384,96.53261216500711,15.492619780231722,36.88354937908502,126.34367996727048,80.38711851631446
P005,2026-01-01T13:44:30Z,5393,77.0804625200938,96.2081831600695,16.116536109859215,36.95535220853931,129.7224282336719,77.33387732159805
P006,2026-01-01T13:44:30Z,5394,104.96598724730097,90.6985140371655,22.947266591913554,37.5932280871285,160.12914475186375,90.04884664849466
P007,2026-01-01T13:44:30Z,5395,125.37962432282445,90.20888702385942,17.72365206441256,38.113569089404905,138.7881591658937,90.65510189968542
P008,2026-01-01T13:44:30Z,5396,105.25488155147646,93.54155993686742,28.628168784151136,37.507151451643566,150.09046354014157,83.52314076843622
P009,2026-01-01T13:44:30Z,5397,82.28460755886358,97.64264932813433,17.475800928340135,,126.38840014060182,86.3085437092928
P010,2026-01-01T13:44:30Z,5398,81.37206717203141,98.30081165779804,15.844143447532607,36.86303911935815,127.2053361508569,80.59230260271536
P011,2026-01-01T13:44:30Z,5399,80.58269181007647,98.08085814167873,17.041767341334427,36.58797202951686,135.83015840845954,86.05727653360408
P012,2026-01-01T13:44:30Z,5400,100.09615386119286,87.19017047060333,32.99138518007895,38.808171899223986,170.36419846876782,99.34922035174682
P001,2026-01-01T13:45:00Z,5401,106.06420362491987,91.08458689458946,26.79522343430526,37.58475277715239,159.0687717081436,88.12820369937695
P002,2026-01-01T13:45:00Z,5402,79.66879360392231,95.09595635873353,17.514933203559323,36.69251608528661,115.35579549696988,77.7693310378209
P003,2026-01-01T13:45:00Z,5403,113.86819246276099,90.92246507585256,24.965705993730175,37.834953411483944,136.9884742154751,81.91961403551078
P004,2026-01-01T13:45:00Z,5404,85.3398083594771,98.42544589422545,14.15671685713056,36.64201446191169,125.16230454193565,72.68204367697156
P005,2026-01-01T13:45:00Z,5405,65.0232990501409,98.10933175184186,,36.89295670939284,120.76958211009786,80.30472799874488
P006,2026-01-01T13:45:00Z,5406,103.76175494641963,89.63094325504512,29.052273151388246,38.54637294566156,151.35903081490227,102.7364981470512
P007,2026-01-01T13:45:00Z,5407,107.8585884516483,93.11526542473959,25.370260280433637,38.51325443539082,152.57651348384607,81.14181353536945
P008,2026-01-01T13:45:00Z,5408,107.27866851608385,91.936742292296,27.543890010682624,38.07569595414122,125.36755311134276,82.45306789196256
P009,2026-01-01T13:45:00Z,5409,72.65153880386104,98.1741241068325,15.579242528112037,36.91813831273299,116.03960146442343,76.52975439292767
P010,2026-01-01T13:45:00Z,5410,80.23282722739997,95.78810196369425,17.082875582795864,37.10273890852294,112.65354364525429,84.7004950156968
P011,2026-01-01T13:45:00Z,5411,81.57788211311923,95.82268607046224,12.097570965303609,36.97869931804721,131.32653189505388,75.57306799518427
P012,2026-01-01T13:45:00Z,5412,135.09807177485192,85.64937408316044,20.738905619891803,37.882947198493454,174.894032409203,112.80503957316277
P001,2026-01-01T13:45:30Z,5413,98.7128884952709,89.24034203163332,21.994541095307024,37.70358300993635,156.86206062744856,91.3350764469982
P002,2026-01-01T13:45:30Z,5414,84.29041787133944,96.87970016729085,18.866458906646393,36.45555501595495,136.572355762347,85.54451644416504
P003,2026-01-01T13:45:30Z,5415,97.93856311476537,89.42635092595967,22.261081794509945,38.39039356558452,129.7260283032697,98.88437631161912
P004,2026-01-01T13:45:30Z,5416,94.24865743886286,96.9628389726998,15.889293467572825,36.62357575565804,122.59745676092727,79.11686921638334
P005,2026-01-01T13:45:30Z,5417,70.42478613799818,97.86893879347275,16.57214063146387,37.600466768807195,120.84630845213842,74.79714159142473
P006,2026-01-01T13:45:30Z,5418,109.66462973582506,86.58216691328205,15.5874000647114,39.44441700708699,155.61537279966413,97.98502485615295
P007,2026-01-01T13:45:30Z,5419,116.74840592971569,91.75520776143759,25.67666270102205,37.79169028749514,148.7510582101702,96.0979760549921
P008,2026-01-01T13:45:30Z,5420,102.10302795677937,91.53674550534,27.594153039870378,37.778258965264016,170.94743533106103,100.68659992895188
P009,2026-01-01T13:45:30Z,5421,70.77869010649815,97.44388808494124,16.989882665303508,36.88923400413498,130.05957439095272,86.20414067960614
P010,2026-01-01T13:45:30Z,5422,83.55230661889267,98.77825276238434,13.267568360079412,37.06395295727142,108.27882880003084,87.88781928462447
P011,2026-01-01T13:45:30Z,5423,80.86742180244855,98.07659884524661,15.547975149928687,37.1956555735312,142.01193525938945,82.80728641389656
P012,2026-01-01T13:45:30Z,5424,117.51601096076956,90.71055843862214,27.169816187929683,39.30665001228834,173.0149579976574,
P001,2026-01-01T13:46:00Z,5425,111.77262049400481,90.72315871635939,25.842179161805166,38.50130856206682,155.0219684390145,89.5805960480475
P002,2026-01-01T13:46:00Z,5426,72.58484326006759,97.9107242935479,19.401144606525076,36.7774236470699,113.88048931570722,70.37812115546069
P003,2026-01-01T13:46:00Z,5427,114.99678071044113,91.36265949374298,24.67805377015395,37.102913603827474,145.7996216576248,85.54711625892267
P004,2026-01-01T13:46:00Z,5428,68.98129880207706,96.07359176982854,15.418841537843953,36.906493187537095,126.52116823180363,80.61599103567417
P005,2026-01-01T13:46:00Z,5429,70.6222926215401,98.12455699974261,20.632033766599452,36.73945040642232,132.585983760062,82.41969565272584
P006,2026-01-01T13:46:00Z,5430,118.73202516849646,85.82305969731001,29.66307871040853,38.412733438999474,150.6287451608813,94.3056110517192
P007,2026-01-01T13:46:00Z,5431,111.56118915436294,90.45737464518781,27.412020850776,37.40360181201728,143.29716072119982,97.53712493016212
P008,2026-01-01T13:46:00Z,5432,108.98252669324424,90.28652628180984,23.722473421474632,38.184212319867406,160.07423116735663,91.41675168160855
P009,2026-01-01T13:46:00Z,5433,77.21702429360244,97.27726598894364,,37.37610243381135,138.87191252638527,83.75868629821424
P010,2026-01-01T13:46:00Z,5434,81.56813230426964,95.84832535143693,14.811420713016327,36.79388893054959,109.33348620968377,75.65157652270071
P011,2026-01-01T13:46:00Z,5435,64.57837436196387,98.08099471232063,15.34427710362679,36.96628762439445,126.71147828695482,82.85084120111841
P012,2026-01-01T13:46:00Z,5436,108.46024757335405,82.87907805032395,19.76512423007395,39.3096891332257,162.57067895293324,91.7600865750998
P001,2026-01-01T13:46:30Z,5437,105.10372787158599,90.61394667739093,23.088581106717026,37.91912130926775,161.0473862884171,85.95310444840192
P002,2026-01-01T13:46:30Z,5438,,96.94901771050205,14.834224570874234,36.59802277810173,133.89789012664,68.31292535424356
P003,2026-01-01T13:46:30Z,5439,107.85138517742968,88.8316343104756,27.03245926227165,37.68676608023332,144.27679329139627,89.6798263763091
P004,2026-01-01T13:46:30Z,5440,72.67966600899462,97.43633173708278,17.841099480846513,36.63703697334614,134.61789118857266,84.87795075397902
P005,2026-01-01T13:46:30Z,5441,76.68168755448578,97.6973064189823,17.8538756788345,36.892459012983316,110.8150369295754,84.2095846861239
P006,2026-01-01T13:46:30Z,5442,112.35917524095728,88.76680713027946,25.301356628636203,38.983410080309206,171.86354806106402,108.45735932027947
P007,2026-01-01T13:46:30Z,5443,100.98331593614961,92.13946646699864,26.567569543666092,37.6475486367449,159.626129131642,90.41841443754332
P008,2026-01-01T13:46:30Z,5444,113.28573856871424,89.92944789572051,27.59330792148589,37.55833194645686,135.1945460684213,100.1980681592083
P009,2026-01-01T13:46:30Z,5445,73.04549212236233,97.522607229908,16.65864537614338,37.03330534703456,124.959045760014,78.12609036051327
P010,2026-01-01T13:46:30Z,5446,75.25422083256323,97.98140898135718,17.27744210345165,36.99168827444767,115.90447993661775,85.86500123354952
P011,2026-01-01T13:46:30Z,5447,69.0272340893701,95.61608892805377,14.724094504099057,37.0238865595704,134.81436786714906,78.1517478713476
P012,2026-01-01T13:46:30Z,5448,101.89448018838995,88.20535465554829,30.96722380498844,38.205284532088875,167.8660879544459,103.49613746445985
P001,2026-01-01T13:47:00Z,5449,115.31373349899737,91.09086694081037,25.51816025774003,38.31496828900244,149.19583917169805,86.36721924758754
P002,2026-01-01T13:47:00Z,5450,79.50106896190927,95.47536583427704,16.559480956315923,37.090806071582556,127.72546914045887,77.49190185159136
P003,2026-01-01T13:47:00Z,5451,108.10303996604746,91.79588033841233,26.394289542762845,37.83299272549338,145.82270489992644,103.31243470239345
P004,2026-01-01T13:47:00Z,5452,83.4785943076001,96.710954411085,14.781546941959668,36.62355047762886,93.56011341154553,72.75263854744614
P005,2026-01-01T13:47:00Z,5453,80.52902582308892,97.93724650001899,,36.65514892282942,111.26918380963524,64.98817341955173
P006,2026-01-01T13:47:00Z,5454,121.82779676198369,87.89863137654093,28.61137550594528,38.37769462061322,161.11088943739486,94.00099157833617
P007,2026-01-01T13:47:00Z,5455,99.18179256777857,92.77351580595523,27.009549290001683,38.3894086810716,137.9870140114137,87.92482701739759
P008,2026-01-01T13:47:00Z,5456,113.89044789239725,91.54881922906483,28.323027578196218,38.00806240632811,131.7705849755636,98.06765566293457
P009,2026-01-01T13:47:00Z,5457,78.83000976890463,96.87344800372973,13.380517022624925,36.927411469633476,133.827221844376,74.58901454869756
P010,2026-01-01T13:47:00Z,5458,65.77633319433266,96.51666520132774,11.828343224847938,36.5047002517502,129.59332578957589,
P011,2026-01-01T13:47:00Z,5459,78.54237884348068,96.99531953411235,12.63580072621005,36.45368973535746,144.88362564387222,81.72836413131675
P012,2026-01-01T13:47:00Z,5460,127.55058767132057,87.98206771726116,31.19529630056072,38.656046662724805,176.1088452908411,111.35605919186521
P001,2026-01-01T13:47:30Z,5461,119.87240159507448,87.28661488030177,28.475859090768918,37.22380189935525,149.74312813598772,79.67457354768993
P002,2026-01-01T13:47:30Z,5462,74.33348732156787,96.96918141169067,19.400866215122413,37.152732965429166,106.85908649855826,77.53000475091669
P003,2026-01-01T13:47:30Z,5463,106.4141398916222,91.97348862401928,25.346740069083136,38.36571590592271,153.28194080634745,93.59794871838778
P004,2026-01-01T13:47:30Z,5464,80.55334079070434,97.9663381006551,15.836246970750521,36.94357683941692,107.78455486617779,75.66140393409516
P005,2026-01-01T13:47:30Z,5465,69.18061337246769,97.08167792443203,16.935458638488587,36.95069928198229,122.53619326502051,76.22174626933045
P006,2026-01-01T13:47:30Z,5466,112.7055771799013,87.92299569941325,27.445061845662824,38.636245876674,163.0588153498108,113.44939903372276
P007,2026-01-01T13:47:30Z,5467,,91.55595456701663,20.164664093984207,37.44711713819691,144.84905902607932,92.28521432851528
P008,2026-01-01T13:47:30Z,5468,119.24810812820083,90.56449820643695,23.911929781122634,38.067692337857366,138.80807259763066,81.22485590634274
P009,2026-01-01T13:47:30Z,5469,83.04890186953136,97.10082739631294,16.37783291677359,36.628428515807094,124.59968565167547,87.18205816656072
P010,2026-01-01T13:47:30Z,5470,77.62454159017418,97.84973252789055,15.841471929222646,37.03204525267838,99.0337589486611,79.0226808030367
P011,2026-01-01T13:47:30Z,5471,73.49374836963905,99.04757664008848,,36.86973912090879,128.76294950024518,77.81478716354836
P012,2026-01-01T13:47:30Z,5472,114.50391549041821,87.75747386875669,27.851090766385127,39.14913085508908,166.56078226225986,105.75992451407302
P001,2026-01-01T13:48:00Z,5473,106.04036471290459,90.1450522387525,20.646979954475043,38.33742673109512,158.91625455545707,88.70023053538235
P002,2026-01-01T13:48:00Z,5474,77.11808484604963,97.89289987491675,,37.29419005171214,117.28704324449545,77.19445290853676
P003,2026-01-01T13:48:00Z,5475,100.71267296419026,92.26957236428576,,38.32160721945659,169.13972937665613,104.9174538384542
P004,2026-01-01T13:48:00Z,5476,70.5376512533988,96.86739087045135,14.651332858108068,36.89270316391488,122.24472375739357,74.67275650284503
P005,2026-01-01T13:48:00Z,5477,91.64733628356547,96.35344070001157,16.506600212048053,37.03352473030628,116.01194183333344,72.83804288906744
P006,2026-01-01T13:48:00Z,5478,108.31662281962693,87.57592439379317,30.502343588922656,37.67612002165079,179.21478668719072,107.93744760837211
P007,2026-01-01T13:48:00Z,5479,105.24971635195291,92.31852672936226,29.349896885064545,37.938053087595556,148.69313810428304,94.37280607057372
P008,2026-01-01T13:48:00Z,5480,109.43617237650096,90.86292904575394,21.132847351682997,38.495917497606925,142.8563734376877,87.49719865704917
P009,2026-01-01T13:48:00Z,5481,76.15494321332893,97.65511084322141,13.006058191849252,36.97518110339072,128.89849018775672,77.63832082652057
P010,2026-01-01T13:48:00Z,5482,73.75271647192021,98.42898527863252,17.189995702515727,37.07245785789014,105.72578663981766,83.48890122467384
P011,2026-01-01T13:48:00Z,5483,76.17198586860508,97.04937397464786,14.233877275883103,36.74318096050381,120.1702151542044,78.80866858454505
P012,2026-01-01T13:48:00Z,5484,124.00373361774096,86.1674037071742,27.731265660498813,38.057632413639745,179.23781881259674,104.59723512186592
P001,2026-01-01T13:48:30Z,5485,108.14633827211013,92.44791518474942,27.2665258805708,38.25193831842798,153.2806600305217,77.81406661701729
P002,2026-01-01T13:48:30Z,5486,72.66535340237681,97.92231009292429,,36.77568181712356,103.1303063493201,71.81444970749905
P003,2026-01-01T13:48:30Z,5487,101.62983161958184,91.05484855902156,27.41540971200967,37.53895750628959,135.70407276328922,77.69340012039464
P004,2026-01-01T13:48:30Z,5488,74.1159148334976,99.1602279534594,14.956811770640305,36.74451818186634,117.17224212984378,87.00392691574618
P005,2026-01-01T13:48:30Z,5489,73.62321501981535,97.45433387695871,15.609066917550873,37.14277365187236,124.36269213648029,79.13893100828115
P006,2026-01-01T13:48:30Z,5490,120.28526294376913,86.99464178572664,26.874335007986268,38.685616900628425,148.82796604673018,94.89506557949476
P007,2026-01-01T13:48:30Z,5491,108.58642059656265,90.90314537148447,27.23013762950882,38.403018433571084,134.4068573889277,85.1609055968517
P008,2026-01-01T13:48:30Z,5492,104.6011770096023,90.83324877162079,28.77419874521701,38.3408311350639,174.1701782370721,70.90267293981563
P009,2026-01-01T13:48:30Z,5493,73.62057327664695,97.50583247322172,13.511895439083343,36.64940080113036,125.79496604842603,81.72659665190626
P010,2026-01-01T13:48:30Z,5494,75.00203675039158,97.33653438125428,16.778177657112565,37.15100589168885,119.27305165449815,
P011,2026-01-01T13:48:30Z,5495,72.53887381221843,97.57337269193344,15.705440834488646,36.53256385471946,104.49877247796314,77.32557984996151
P012,2026-01-01T13:48:30Z,5496,118.65063511019581,90.77256674920186,29.84003382042116,38.85465658379009,157.2825299045732,111.33310929863676
P001,2026-01-01T13:49:00Z,5497,108.48867256829254,90.0637236519054,23.618486921101514,37.77938021848079,137.32707373769028,87.44347145098055
P002,2026-01-01T13:49:00Z,5498,,,14.427517412845924,36.73249517543316,,80.37354353093698
P003,2026-01-01T13:49:00Z,5499,112.48725700108304,91.1443462716268,28.650297868561108,37.33475439200094,138.24763311416285,88.02243610756481
P004,2026-01-01T13:49:00Z,5500,83.67842689811846,97.34628456712319,17.971768591349264,36.86998377821492,133.83242484682467,73.43386655768577
P005,2026-01-01T13:49:00Z,5501,70.00880884483865,98.6637916676785,15.72456951606063,36.75728235206223,124.87022553479957,72.18123316727102
P006,2026-01-01T13:49:00Z,5502,134.49643401250674,,28.806403438945463,38.08866554376494,167.61556214539107,91.92656841600878
P007,2026-01-01T13:49:00Z,5503,102.73936850491279,93.61230784829819,24.97202638490383,37.93439852150669,158.2561464939804,89.53169359221715
P008,2026-01-01T13:49:00Z,5504,108.25713551986715,90.8556521550611,24.299308973831682,38.08569254299729,130.16413120379073,94.59358804773402
P009,2026-01-01T13:49:00Z,5505,81.1984802462722,97.49795706991385,13.221605722250057,36.91924115014963,126.40503892641571,73.36382365988662
P010,2026-01-01T13:49:00Z,5506,77.62290542295023,95.56072849276447,16.619633507382908,37.1644199272258,120.49793129974364,81.3443131057206
P011,2026-01-01T13:49:00Z,5507,68.67857484724061,94.62931700031424,19.347151074921715,37.4114130835426,114.3953911141676,69.35733479882012
P012,2026-01-01T13:49:00Z,5508,110.08295588148736,90.34910483402487,26.12617768162733,37.99167723149703,193.60051938023213,95.6237183656485
P001,2026-01-01T13:49:30Z,5509,105.40290418293787,91.35702592867975,25.143915147030416,38.04164783817813,133.53491061794438,92.32098507820928
P002,2026-01-01T13:49:30Z,5510,74.64446746944607,96.50041720593222,17.517692986052076,36.57748228693988,131.4635071937575,75.93777016272632
P003,2026-01-01T13:49:30Z,5511,109.5473360638914,92.18575416288544,24.862821375521786,38.6221625925784,151.61456999325935,84.36257098776218
P004,2026-01-01T13:49:30Z,5512,80.63997849365498,96.32900476921469,14.332911479651836,36.75931790625994,115.3189304339825,82.35266457307803
P005,2026-01-01T13:49:30Z,5513,73.90702978197517,,14.72907204886205,36.9137954822713,124.78450058852052,85.09163688802285
P006,2026-01-01T13:49:30Z,5514,106.49812124282955,87.26240278938882,22.16255172064799,38.226364134286676,148.43602511153222,90.96753434210211
P007,2026-01-01T13:49:30Z,5515,100.9359752264291,90.23132740430928,24.415384400887913,38.139290959996764,146.4329959376936,100.56610901697123
P008,2026-01-01T13:49:30Z,5516,100.11601962660998,89.51480655473877,26.217602285118687,37.85611024552565,144.49873266731302,83.31703370742605
P009,2026-01-01T13:49:30Z,5517,88.64336217519602,96.80624746845845,15.814171752694758,37.282065970319564,122.48634087434263,87.03290578178637
P010,2026-01-01T13:49:30Z,5518,80.06441368533288,98.92287319375778,12.376341660289208,37.253654430018365,124.1780747177721,84.26655461486831
P011,2026-01-01T13:49:30Z,5519,72.46933081161825,97.0215114930855,17.018642588159494,37.02140031534872,129.44195577857772,75.95422773714247
P012,2026-01-01T13:49:30Z,5520,120.49342608426458,,25.294445716464303,38.51122376657074,140.23136926293793,108.522920566735
P001,2026-01-01T13:50:00Z,5521,108.75453625223385,90.20793522993984,25.63421490767977,38.28896939419697,,92.54048014361776
P002,2026-01-01T13:50:00Z,5522,79.92406697168819,97.61521312869822,19.00174053977498,,125.56942882791715,82.44191347328803
P003,2026-01-01T13:50:00Z,5523,106.56317298603108,90.59689065741996,32.13810446028714,37.655614261149275,160.16199207532972,92.41367511227513
P004,2026-01-01T13:50:00Z,5524,63.934919305033304,97.83373156783294,14.324761689949487,36.81956637967316,116.57836118067964,81.22686936319673
P005,2026-01-01T13:50:00Z,5525,79.10405515455925,97.29743942837601,12.261396586798401,36.91724552785096,112.99482301204698,78.13279936504429
P006,2026-01-01T13:50:00Z,5526,114.38585533771871,89.49980008191832,24.544828383370017,37.737049692128046,180.9283455370555,95.8514858693503
P007,2026-01-01T13:50:00Z,5527,106.11901757833013,91.17127735327836,26.666551815376728,38.05635647907795,135.45710546516395,96.60386949417077
P008,2026-01-01T13:50:00Z,5528,110.83974551600714,92.23725830138615,29.096237837201492,38.26948909925752,139.11217033566072,94.27304133012358
P009,2026-01-01T13:50:00Z,5529,68.8868836939668,95.8481057906629,17.300400500355273,37.061608460185695,133.35012599236902,77.40918715876757
P010,2026-01-01T13:50:00Z,5530,84.08037961120473,98.85936677358305,15.399200104871623,36.79425275590983,,81.10847719178317
P011,2026-01-01T13:50:00Z,5531,69.32812800501878,95.3407330359721,17.400167820356035,36.846645815849534,125.05615121220777,77.6489051316074
P012,2026-01-01T13:50:00Z,5532,105.93970242915974,93.96151094938858,30.52438709520832,39.345506190005075,182.76658281348017,99.48691099109315
P001,2026-01-01T13:50:30Z,5533,100.53981737563456,91.04867735267727,24.424485555681954,37.835916367416544,151.7337455196444,81.36402952128542
P002,2026-01-01T13:50:30Z,5534,75.55214619153746,95.75579274157086,16.975059738566365,37.04049439032559,116.77673180129787,79.02508587589463
P003,2026-01-01T13:50:30Z,5535,118.76298038428715,92.53668969878039,26.97512876696494,38.034163957486896,163.54371141778768,83.57454194392736
P004,2026-01-01T13:50:30Z,5536,78.6595484592166,96.8696529992619,16.422049726019903,37.08764057637386,143.23944530857057,75.6472010456124
P005,2026-01-01T13:50:30Z,5537,72.45462535958254,96.4040423784354,16.522005049757887,36.61863555000977,116.88168420373316,74.45172117186175
P006,2026-01-01T13:50:30Z,5538,110.95317163563108,87.47187867516313,28.008061240532637,39.404395108012146,147.56028316783343,104.15231398640863
P007,2026-01-01T13:50:30Z,5539,117.24466205490363,92.83530016581811,30.004043173334903,38.15982207460236,156.11670598609447,76.4833744103177
P008,2026-01-01T13:50:30Z,5540,111.36673214143227,91.37647612198059,27.426471819963584,37.92320007404201,162.2970991461343,85.85071984222117
P009,2026-01-01T13:50:30Z,5541,70.03408129165624,97.40220927091687,14.535829432799224,37.26034127894522,128.43209156147697,77.73127177200581
P010,2026-01-01T13:50:30Z,5542,76.91800041694243,95.31158750356828,17.629876857807453,36.69909793440806,120.13148584402576,69.6412554560323
P011,2026-01-01T13:50:30Z,5543,71.74908865948895,97.63109177903937,13.059124292260146,36.9239989023491,125.21823830640065,80.444499437248
P012,2026-01-01T13:50:30Z,5544,103.74830845654324,86.48829898237811,29.115093184147394,39.263532134936476,173.4177996256573,98.98480939551845
P001,2026-01-01T13:51:00Z,5545,120.12710672043,89.97758452595824,25.754396602808768,38.34682084258223,158.95263263425196,85.17503070049283
P002,2026-01-01T13:51:00Z,5546,73.04837910871001,97.11631280310209,13.8703408110773,36.714362874958915,139.93090043438747,75.97010645656569
P003,2026-01-01T13:51:00Z,5547,116.13005293346592,91.8509731538119,25.194735250490382,38.010099305951634,133.94343339549184,86.99111245976887
P004,2026-01-01T13:51:00Z,5548,84.93247865598372,96.85204553655744,17.108484730862457,36.50667602381153,128.93125797330637,68.18442012481916
P005,2026-01-01T13:51:00Z,5549,80.46970253691768,97.71574320769037,15.984511984026867,36.994668569664064,131.72597035086957,82.33811194568368
P006,2026-01-01T13:51:00Z,5550,109.28801268474368,87.56845772253382,24.201054457985638,38.80664953059134,168.91099812689106,119.44597500903848
P007,2026-01-01T13:51:00Z,5551,112.79474905964182,92.77685734229772,22.93581212137305,38.63342994898424,139.491572185051,91.81916324315685
P008,2026-01-01T13:51:00Z,5552,103.30587259689977,91.381046960733,27.2288392385814,38.02155043459607,185.06834539084585,80.7431534426848
P009,2026-01-01T13:51:00Z,5553,85.6501621671418,97.37998556251891,16.996732698698082,36.97289141103496,135.73348217023815,70.58742173373645
P010,2026-01-01T13:51:00Z,5554,73.01133261743901,97.83342217007093,13.806448032161764,37.399881613092646,117.47369861644138,76.33986660842034
P011,2026-01-01T13:51:00Z,5555,76.12911105850682,95.49055429456892,13.906523480527522,37.006392386191514,133.09691519230108,73.42711262268932
P012,2026-01-01T13:51:00Z,5556,127.40434993560432,88.315408005517,29.348510868440417,38.34060700574694,,106.81860625079071
P001,2026-01-01T13:51:30Z,5557,102.46418313418108,93.76184077953982,27.738336434727593,38.00221662819975,151.53657327873896,91.44458303620507
P002,2026-01-01T13:51:30Z,5558,68.89883765302226,94.60645944123009,17.80870939331154,36.95848561617383,117.22765543801533,57.7493100344812
P003,2026-01-01T13:51:30Z,5559,108.76425414678128,88.80870658284363,26.899406885879756,38.0919229820746,157.5914868695831,97.47518531899786
P004,2026-01-01T13:51:30Z,5560,73.77511653648682,97.95720626095206,18.922023124240706,36.67568372695004,122.6795318665343,78.23541190666913
P005,2026-01-01T13:51:30Z,5561,74.10109806469598,96.72301917402838,16.072666364998394,36.865436150420926,132.38349020116632,73.4293777683323
P006,2026-01-01T13:51:30Z,5562,129.55091966533217,84.16091825497249,24.016093837601346,37.85069284286889,186.93947939708403,109.56014265492036
P007,2026-01-01T13:51:30Z,5563,110.48612897441245,92.24506048393258,26.692320895533335,38.346440126487245,156.61960099526874,97.28968494903816
P008,2026-01-01T13:51:30Z,5564,116.80831252363978,92.06158278763051,27.9723711243065,38.07156767283175,163.58553175221252,94.98951946958019
P009,2026-01-01T13:51:30Z,5565,,98.70129611845395,18.311347755377465,,117.12160075776322,71.35076781670769
P010,2026-01-01T13:51:30Z,5566,65.85614684887739,97.04484951516736,16.775121090764184,36.98246693589567,117.00832323510734,75.05989726256286
P011,2026-01-01T13:51:30Z,5567,81.96619024530007,98.42647789746229,15.119049513239151,36.618637808922145,120.6963869927631,79.68515458388246
P012,2026-01-01T13:51:30Z,5568,135.66764508533805,88.00186501636375,24.885012139006584,38.34988625550947,190.53966679570084,100.3116470625107
P001,2026-01-01T13:52:00Z,5569,111.24039927875629,91.62346377297142,29.788098491019156,38.14829934476438,152.31528879812063,87.11660753342802
P002,2026-01-01T13:52:00Z,5570,68.0431351696302,98.02223396578461,14.563885998285974,37.102624807104974,133.52774222280678,80.46014002906557
P003,2026-01-01T13:52:00Z,5571,110.39701263545017,92.52884765970876,28.832306560681268,37.690201204758345,145.72278195470824,84.41489469337633
P004,2026-01-01T13:52:00Z,5572,67.6445959926297,98.07214726042137,16.3560214585579,37.01807501434086,126.06093598810752,81.6987328098395
P005,2026-01-01T13:52:00Z,5573,,97.05380410987311,14.64492560690279,36.740886820803055,126.05905175527813,75.14656780389848
P006,2026-01-01T13:52:00Z,5574,124.2047419851788,90.46962820421267,22.140517755159355,38.55929813527739,,107.17245578332961
P007,2026-01-01T13:52:00Z,5575,112.70865546249422,91.41155397459771,26.355109677864796,38.03186499663024,140.69302774678962,95.37873127271791
P008,2026-01-01T13:52:00Z,5576,101.40411121408872,90.5775231474962,31.031988475919327,38.237753071075815,152.7538232244796,76.63646498219006
P009,2026-01-01T13:52:00Z,5577,66.55938745359329,97.28559715000257,12.598718627765768,,127.7488836974794,79.19915874558797
P010,2026-01-01T13:52:00Z,5578,69.44913193614597,96.84362705597557,20.068063639649935,37.04541900623521,133.24235428704318,80.04220517339986
P011,2026-01-01T13:52:00Z,5579,80.58556544801911,97.80711974929835,16.154471711194997,37.0428458103535,127.13033627905192,80.30735709151463
P012,2026-01-01T13:52:00Z,5580,118.41259915254291,87.06222651794891,28.926494454696716,38.813253911026145,166.8857713231435,96.67722293897545
P001,2026-01-01T13:52:30Z,5581,107.46453423183416,91.97554867698311,23.56838325707519,,173.60567716204815,87.01287162399652
P002,2026-01-01T13:52:30Z,5582,65.27783701080645,96.33117771218737,16.62095790558379,36.61774587196868,132.970343454537,77.62654617875094
P003,2026-01-01T13:52:30Z,5583,111.06229723255638,91.11902014615255,26.08566843920817,,164.74834327295662,80.27160180745062
P004,2026-01-01T13:52:30Z,5584,78.17108985441402,97.0735102086842,15.264772428291248,,115.77517587333459,78.7156764772175
P005,2026-01-01T13:52:30Z,5585,81.48661835392221,98.00322548076261,16.211355750361136,36.99222039436389,125.89414940557872,81.61509097298789
P006,2026-01-01T13:52:30Z,5586,119.58799105130994,88.66698573697076,23.436195167324573,39.29554885199774,153.44223138559812,114.89349679031912
P007,2026-01-01T13:52:30Z,5587,104.51640319491996,92.49874655732879,21.541496627376635,37.724079328927864,148.16684215083905,81.92272865581606
P008,2026-01-01T13:52:30Z,5588,109.28086428426374,,23.331359339198286,37.23169603656367,146.4039159273726,83.18794855747538
P009,2026-01-01T13:52:30Z,5589,82.35529157214725,96.54031164073486,14.457558075315085,36.84298428736601,128.6248052127038,75.31296461433358
P010,2026-01-01T13:52:30Z,5590,78.83510397660618,96.91116801811881,12.49129508806615,37.00865972247006,126.48708959718164,73.15968644445715
P011,2026-01-01T13:52:30Z,5591,79.42383549986037,97.3932988311388,19.280432128734606,37.02509880711746,126.97483815952344,72.76049699537776
P012,2026-01-01T13:52:30Z,5592,121.46638046014438,90.83709186545425,29.031454614047604,38.48552612869324,168.9321459593573,
P001,2026-01-01T13:53:00Z,5593,107.68873759148875,92.64254901166208,27.17969469381027,37.90422830843886,139.65863954972525,88.42045379766778
P002,2026-01-01T13:53:00Z,5594,71.56092261374768,96.24303664801816,17.591505501838842,36.51884468213368,116.42514889670649,74.09116479574182
P003,2026-01-01T13:53:00Z,5595,110.98493019521138,90.7709428346644,25.66232507795498,37.64327929142889,162.00111147019823,88.72842740712053
P004,2026-01-01T13:53:00Z,5596,75.53240392463287,97.53801731478869,15.019205865302384,36.66178729467136,111.87209964825023,75.74322268512098
P005,2026-01-01T13:53:00Z,5597,,95.45599908613124,,37.01761387885901,112.10512743964847,94.11795650844698
P006,2026-01-01T13:53:00Z,5598,133.40107723371236,88.84157380390629,27.734419473104246,38.5760596934559,150.38307896160438,93.85785266628716
P007,2026-01-01T13:53:00Z,5599,103.68740792835304,91.56079009495761,25.72903519092358,38.337397971275294,148.74372870545218,93.6220797050563
P008,2026-01-01T13:53:00Z,5600,118.5283781312085,93.27818436792185,,37.94032014504167,176.42059206197004,109.87533426020502
P009,2026-01-01T13:53:00Z,5601,77.30059114575867,97.00409222823049,17.24191554052567,37.48672511432557,110.79896834314245,91.88514363235561
P010,2026-01-01T13:53:00Z,5602,79.809908652249,,16.748010709390122,,125.56979945474727,89.47691478302647
P011,2026-01-01T13:53:00Z,5603,72.90264050358238,99.18806868736121,13.030329338587357,37.08615718303071,121.87804539864356,79.55939498881865
P012,2026-01-01T13:53:00Z,5604,133.18426303309948,90.66129128444527,21.520294349779316,38.87631039107691,175.85564033064463,101.5069995725264
P001,2026-01-01T13:53:30Z,5605,102.12111221383827,92.38526986171455,26.58115203033559,38.02108250787039,137.60622791157982,88.55331712380202
P002,2026-01-01T13:53:30Z,5606,83.05646700597138,97.11925549461353,18.02582692334752,36.55023570340437,125.58416079695452,80.07012927734097
P003,2026-01-01T13:53:30Z,5607,112.92143879505498,89.84984222686622,26.592776014153863,38.0794846497217,161.24647880270734,94.00977755439797
P004,2026-01-01T13:53:30Z,5608,76.50589789132218,96.27837305908704,17.120427421460633,36.508690423275574,119.58771317414833,77.8921590613418
P005,2026-01-01T13:53:30Z,5609,82.39664187333184,97.75366524767125,14.501578787582064,36.73076385939461,,67.31448098969963
P006,2026-01-01T13:53:30Z,5610,107.07207772335246,85.19715731916101,19.428906382782245,39.33157929578238,161.96810070290084,94.00112037469239
P007,2026-01-01T13:53:30Z,5611,106.1725050360453,91.64280682547988,27.180383834482726,38.15782028646487,164.54590562004296,82.66576544058465
P008,2026-01-01T13:53:30Z,5612,112.73180604329286,91.11201132034955,24.99751797585005,38.51666620182808,141.98964586368828,95.46222636989887
P009,2026-01-01T13:53:30Z,5613,75.2529086539079,97.4115854320113,15.021140597348028,37.42096698803626,112.02193310244759,68.9039575149701
P010,2026-01-01T13:53:30Z,5614,77.41605291493393,96.49794387142856,15.243140650480248,37.07362241756319,101.57555345971663,80.52433765111992
P011,2026-01-01T13:53:30Z,5615,70.34611127702269,98.44382314621076,17.662560205331985,36.61529401724653,134.39180124467975,
P012,2026-01-01T13:53:30Z,5616,124.95243897475935,90.24861487037063,30.45120505753964,37.676060494378234,,110.68799275046254
P001,2026-01-01T13:54:00Z,5617,,89.66371683150425,30.987306165773642,37.612250451107755,178.58921363961156,74.57808254406054
P002,2026-01-01T13:54:00Z,5618,69.43002303311103,97.23074276704328,18.860500825098804,37.26986668640726,119.99554237385635,76.07719717609127
P003,2026-01-01T13:54:00Z,5619,120.77494156889135,90.5857585480527,24.134811348142307,38.037557326447875,149.0255333152798,95.74005468161045
P004,2026-01-01T13:54:00Z,5620,79.74918684451292,98.20410253636167,15.411429259948804,36.97889980301374,115.94990519282376,74.34800650428934
P005,2026-01-01T13:54:00Z,5621,72.29501051535523,97.42599423428815,18.295298667536436,37.112839448530806,121.7397193159526,67.22365553517346
P006,2026-01-01T13:54:00Z,5622,110.13739272269369,90.1676535350185,28.430724744813443,37.73877453213754,129.3813412339245,97.16780326009514
P007,2026-01-01T13:54:00Z,5623,,90.68605974690297,28.082634674474683,38.008510871527434,165.0106709786131,98.84623464860627
P008,2026-01-01T13:54:00Z,5624,116.40457471070981,92.44847947728358,23.37881863739594,38.196539158330424,157.72571898931727,101.61098320833698
P009,2026-01-01T13:54:00Z,5625,72.63213401543342,96.90873661350088,15.702030193558237,37.11037616178586,126.03880648433791,
P010,2026-01-01T13:54:00Z,5626,87.2293674645823,95.5127038427831,17.931301139993376,36.60018715314798,121.84797703745576,
P011,2026-01-01T13:54:00Z,5627,79.61786733254745,98.2530158312458,17.697868002888992,37.198996256124,113.07189821019011,84.67719063247515
P012,2026-01-01T13:54:00Z,5628,120.974858005017,86.22468786120368,25.147082642870416,39.13318361268879,148.305514451214,100.79956784154527
P001,2026-01-01T13:54:30Z,5629,110.49793266133925,90.78106162227648,27.907550663532017,38.10600827959739,140.7788737851372,88.11727086111993
P002,2026-01-01T13:54:30Z,5630,69.14964338039806,97.79619696161545,18.452458265998796,36.27694283321473,121.33336343072209,77.54933544267453
P003,2026-01-01T13:54:30Z,5631,116.50385914210426,92.18806286805625,24.528100211530543,38.08791422885147,157.58447800284387,84.32756405445988
P004,2026-01-01T13:54:30Z,5632,83.63586366822382,96.17101566144676,16.745477655237636,37.30580955003723,119.86871274959637,77.69452657360706
P005,2026-01-01T13:54:30Z,5633,79.46351773030008,97.71008649816025,13.851074949758356,37.08207087717213,118.61559798262373,77.15948912580589
P006,2026-01-01T13:54:30Z,5634,128.34069932326435,89.38882533875098,25.21624552830249,38.33760886833881,163.502291944157,106.20235608393169
P007,2026-01-01T13:54:30Z,5635,109.86742230591204,90.14671023322232,25.364553524780852,38.52307530138855,158.08225619624315,100.04279513638983
P008,2026-01-01T13:54:30Z,5636,114.60926150156281,91.21631344887447,24.755135638017414,38.49192427046765,142.67995145977238,81.48593974172671
P009,2026-01-01T13:54:30Z,5637,75.11736200616534,96.40179672508476,15.916993233122467,37.25122987353208,121.30696857751464,74.44330845245852
P010,2026-01-01T13:54:30Z,5638,,97.62749517482688,19.587572419818635,36.57885398503741,113.45631294479224,84.18123909657497
P011,2026-01-01T13:54:30Z,5639,78.90798591851464,98.25882368810946,15.512519121178368,37.02585387919575,117.13660764051725,72.55996025219002
P012,2026-01-01T13:54:30Z,5640,132.1732457351887,86.57708728010599,30.146024655160303,38.9493278074879,148.13313751479177,106.52473978397745
P001,2026-01-01T13:55:00Z,5641,112.75738456971594,91.22162809176564,20.930281482144736,37.716233356794326,161.8948984922888,99.2526636641609
P002,2026-01-01T13:55:00Z,5642,78.94416578993028,,15.71826702287497,37.396923688771714,,76.4630568024275
P003,2026-01-01T13:55:00Z,5643,100.71772033529129,91.4467993632991,25.029076270146472,38.17687244049787,128.26550234529063,87.0071422508631
P004,2026-01-01T13:55:00Z,5644,71.27827767961186,98.5363157869816,16.488056336950578,36.93944193716307,131.61238592970642,80.71564122255475
P005,2026-01-01T13:55:00Z,5645,77.34788398918754,96.90187208966387,17.428947502827377,36.77079352125509,108.7814172256086,78.3490471255784
P006,2026-01-01T13:55:00Z,5646,120.48021043982155,90.38640811686695,29.784902227281545,39.64583249288435,190.24151083585343,
P007,2026-01-01T13:55:00Z,5647,110.75340035754668,89.26937908643646,31.979460989989423,37.90568713073345,167.81860846994846,78.70208999139662
P008,2026-01-01T13:55:00Z,5648,119.10707767924028,92.06001813446271,22.265815492596325,38.12364833044391,158.9309811174873,89.28820520237427
P009,2026-01-01T13:55:00Z,5649,72.81659365872987,98.98258094356086,14.892212949284724,36.57154315735336,133.33067524079138,81.75414500769426
P010,2026-01-01T13:55:00Z,5650,77.56782221978436,96.97718289409649,15.218464755356193,36.541584835282926,128.5674030723,73.39181944568783
P011,2026-01-01T13:55:00Z,5651,71.96911882072374,96.71647240244742,15.715278462138027,36.50889345154341,125.68212399791216,86.81051427405184
P012,2026-01-01T13:55:00Z,5652,87.97173685127802,86.91088150245282,21.75362491044462,38.73645701455841,152.43819070683838,104.70346915882075
P001,2026-01-01T13:55:30Z,5653,104.16987633830304,90.68236067819183,23.76801176691176,37.470867937737715,140.0642336909606,89.73451421521428
P002,2026-01-01T13:55:30Z,5654,67.40141822668852,97.62992148143765,16.809827832119527,36.653613447665734,121.10615090394434,80.32175091792872
P003,2026-01-01T13:55:30Z,5655,97.96700994559265,90.34916781706751,26.47979916746795,37.98808908288628,155.29434312148518,94.78199557407278
P004,2026-01-01T13:55:30Z,5656,80.05258201193827,97.51708494795423,16.629300747904743,37.11516658678624,124.93466366041369,
P005,2026-01-01T13:55:30Z,5657,69.1181247187272,97.12702717535817,,36.73300038683266,124.6056266119553,81.04581006120662
P006,2026-01-01T13:55:30Z,5658,,90.16383965260296,27.770358260896373,39.05081528711622,146.43743709249037,99.9571121490394
P007,2026-01-01T13:55:30Z,5659,112.66948253194931,92.56700851436119,27.647934000639534,37.96986184963112,137.52158713830332,96.02139762158899
P008,2026-01-01T13:55:30Z,5660,104.6617624681937,89.78987011386535,27.282668135874026,38.41263412795739,176.27730449579565,111.38658730064337
P009,2026-01-01T13:55:30Z,5661,85.72149463226093,96.3599976222277,15.21755796846751,36.125926089948926,131.49498086494776,82.7588800833626
P010,2026-01-01T13:55:30Z,5662,,96.37653293621803,18.16257689197775,36.64181166685521,121.18504977645125,73.58092686922602
P011,2026-01-01T13:55:30Z,5663,74.21302867297284,96.9126254243412,16.211606697941644,37.06775992717199,118.27787126343958,81.4857424116096
P012,2026-01-01T13:55:30Z,5664,115.0113611636847,86.59445030914064,24.716413513249705,38.8606133400666,171.4515427538028,102.29289485515832
P001,2026-01-01T13:56:00Z,5665,111.95703240154857,90.39110169361982,31.78072745312344,38.341666968694256,153.7304469576342,92.06468058355092
P002,2026-01-01T13:56:00Z,5666,70.08912006155732,97.16727531677009,17.72850659775901,37.28279854796458,112.01740574419478,70.93554548565209
P003,2026-01-01T13:56:00Z,5667,102.25293946570464,90.41313227966323,22.051153806272723,38.09840472128336,152.70025157399357,96.86996679043312
P004,2026-01-01T13:56:00Z,5668,,96.04679109532378,15.847755683399484,36.313137603033766,124.92684955319689,82.4498142046425
P005,2026-01-01T13:56:00Z,5669,74.29489091211806,99.12899945382166,15.923008661322559,36.65784366663868,139.57618337328003,79.1082242282834
P006,2026-01-01T13:56:00Z,5670,106.22629017652487,86.94376605786204,22.898128986387594,38.643560745995295,166.27026066854853,112.2800935223311
P007,2026-01-01T13:56:00Z,5671,110.76408810731628,93.05461842414023,29.61782914558214,37.86144718797224,160.04498767606265,94.37385190104624
P008,2026-01-01T13:56:00Z,5672,109.12832789834226,93.55356913988196,,37.80746660421135,151.0713907559469,88.4982281178539
P009,2026-01-01T13:56:00Z,5673,80.62017909754086,97.31314973427874,,37.217585363381346,119.4683065585931,77.58039697148095
P010,2026-01-01T13:56:00Z,5674,70.53395952409412,97.50432036895879,17.156066953784418,36.99499920868962,119.40853135051881,
P011,2026-01-01T13:56:00Z,5675,68.3022728974468,,17.67242106079268,36.43163726626764,124.2696358021337,83.4138566615111
P012,2026-01-01T13:56:00Z,5676,113.2330653042641,87.2775411322258,26.762564594912075,39.20256016737377,144.1902771969062,110.6459380419985
P001,2026-01-01T13:56:30Z,5677,108.96770959831306,92.64665639749357,22.30146403863175,37.78148687334722,152.7677374748302,
P002,2026-01-01T13:56:30Z,5678,70.1382797849868,95.11506275222357,15.935082860145542,37.37462983934179,137.0716552486939,76.86768974154177
P003,2026-01-01T13:56:30Z,5679,97.87048906767996,91.44284511481558,21.997786334280736,38.270856584226365,158.01857116270418,80.62246049743841
P004,2026-01-01T13:56:30Z,5680,82.16698194623653,97.13018354891516,17.064121718660104,36.520321609437325,123.2395756145165,76.19994605863181
P005,2026-01-01T13:56:30Z,5681,65.89656992346762,98.11313030601691,12.97895557117855,36.73545701648775,120.10364190725697,71.42532171514037
P006,2026-01-01T13:56:30Z,5682,124.26337743724778,89.40994132745236,28.548196683714202,38.819401907090665,178.91930820889863,100.95599572350159
P007,2026-01-01T13:56:30Z,5683,102.98356474117014,91.15967311399007,27.91465967748391,37.69336664776858,151.38009562168827,94.48985421250188
P008,2026-01-01T13:56:30Z,5684,109.99500212874793,90.38866303292023,28.671366490513694,39.02183943594194,159.51523890370265,91.2219790266113
P009,2026-01-01T13:56:30Z,5685,74.7217748560605,96.31322766674955,18.951192548894443,36.673764013106904,120.82828368720008,74.10294993130591
P010,2026-01-01T13:56:30Z,5686,82.28472247303273,97.26304345429553,16.733968217646964,36.8729850987263,112.75430663193471,69.37820291026468
P011,2026-01-01T13:56:30Z,5687,72.36651382810406,99.01774269945281,17.061656782646843,36.400693175160576,106.20335422676555,82.50010249308895
P012,2026-01-01T13:56:30Z,5688,103.95762180573375,87.96252025220882,27.121744386319204,38.4238207351193,142.90298542098554,105.54029648776299
P001,2026-01-01T13:57:00Z,5689,112.6920778518396,93.23788584410767,28.81266695662568,38.61323719390979,158.28105869720903,86.05614743958931
P002,2026-01-01T13:57:00Z,5690,77.0318271564671,97.8869845811574,14.761155504117106,36.83551387672172,125.07082616062782,80.33148136284412
P003,2026-01-01T13:57:00Z,5691,110.8085236349563,93.19626161958729,24.63380879355299,38.21276833863876,170.14779430489003,82.5959319809272
P004,2026-01-01T13:57:00Z,5692,71.83202150237533,98.84979894580297,12.618860187581735,36.98750199970836,120.4016821806187,69.97707035450026
P005,2026-01-01T13:57:00Z,5693,84.68142788869544,96.61098886324733,11.476631424236725,36.824536888010265,122.9807077110366,76.55143686139262
P006,2026-01-01T13:57:00Z,5694,116.08329941510652,89.12787051827404,27.3817928073526,38.44985982761428,171.70863207253834,107.01011159946628
P007,2026-01-01T13:57:00Z,5695,101.03911608091461,93.17332451380169,20.415783612319597,38.19813835463594,147.60262653241736,93.09387312724257
P008,2026-01-01T13:57:00Z,5696,120.1389857337341,91.69829539677866,24.40877076251058,38.26527374297517,152.88861887951603,93.41502072342757
P009,2026-01-01T13:57:00Z,5697,71.4682906056287,96.13217092485236,15.870622911095523,36.85431799628534,128.49921445169548,70.61187655547705
P010,2026-01-01T13:57:00Z,5698,76.78056873283154,95.17784498941906,19.235788158655236,37.24704588478077,130.13562083775324,72.61397703994969
P011,2026-01-01T13:57:00Z,5699,70.52984504824505,95.95365577983233,15.862398556563019,36.5587933114433,106.7734647210712,78.19960820042571
P012,2026-01-01T13:57:00Z,5700,115.96070743097617,92.30610136518304,31.652207539082656,38.6581199184103,153.5285180095718,96.95635232857644
P001,2026-01-01T13:57:30Z,5701,114.50656911884022,91.34508276594924,25.610326361306075,38.0181795283099,161.93004972324545,
P002,2026-01-01T13:57:30Z,5702,78.00980735229633,96.96478289229756,19.62825007907228,37.35811547202564,110.64168310729154,76.51065204341039
P003,2026-01-01T13:57:30Z,5703,108.3096832461455,94.35637418486532,28.246280259666737,37.71648702112091,159.0958608818561,89.38068033818446
P004,2026-01-01T13:57:30Z,5704,94.69421714008121,96.77986752242609,19.61085349379409,36.988692490808994,118.51568392008353,77.95611751433137
P005,2026-01-01T13:57:30Z,5705,68.43428429250525,97.5661241676548,18.581921064993033,36.63100965671728,124.53796123010747,
P006,2026-01-01T13:57:30Z,5706,118.99001673319609,87.61005078334703,26.099111606141943,38.54738514569993,142.6906215216016,100.8497410681872
P007,2026-01-01T13:57:30Z,5707,117.51223274201823,93.54873646764652,28.80077843761446,38.20492223693698,152.87839631997502,86.03753211839197
P008,2026-01-01T13:57:30Z,5708,112.59007056903486,91.64233175872009,20.15915883255107,38.46190128598291,159.28571084617903,94.37893416306295
P009,2026-01-01T13:57:30Z,5709,67.80379488900327,97.1268481781295,19.39577733387185,37.01431931300491,132.71159396650785,66.6253845082051
P010,2026-01-01T13:57:30Z,5710,75.19496458990496,99.0832964924006,20.105424318142035,37.26716356670674,131.99962862426094,75.55707923178979
P011,2026-01-01T13:57:30Z,5711,81.22778247463692,97.88306299855527,18.457720244948526,36.7014802192592,106.76198724397561,90.27702627343163
P012,2026-01-01T13:57:30Z,5712,112.67268447694458,92.7975548332227,28.66602352583303,39.15805302571096,180.35547689401287,99.29486580878498
P001,2026-01-01T13:58:00Z,5713,105.53423717511485,93.30408510909169,24.788083524306792,37.96048534636732,153.24266919925807,80.47585639839014
P002,2026-01-01T13:58:00Z,5714,76.10831464478852,96.31315751967526,,37.03518546996365,133.2967979100669,84.40543760190351
P003,2026-01-01T13:58:00Z,5715,116.67514048157284,92.22124963762668,28.917337445876104,38.09748853548454,154.57199369244924,89.20396296006993
P004,2026-01-01T13:58:00Z,5716,84.81946896192726,96.5270118840124,15.424036873420885,36.40446014936628,114.14321363752164,82.48567015718284
P005,2026-01-01T13:58:00Z,5717,72.19221774874542,95.83456000898481,15.467374520117438,36.855794128305746,,73.98165445276932
P006,2026-01-01T13:58:00Z,5718,114.71871730432319,86.82273958518277,26.00324093346534,38.70777227598434,136.44726874904813,112.50730054557626
P007,2026-01-01T13:58:00Z,5719,125.60243561455654,91.03877825217124,27.992226329844627,38.54918080224101,164.74141043247775,98.6946838419932
P008,2026-01-01T13:58:00Z,5720,105.47393667509697,89.97809179559407,26.12074587400465,38.343231140169834,132.90503758217756,87.5920656065159
P009,2026-01-01T13:58:00Z,5721,68.16444893557545,97.16917938962389,13.95857343420671,37.38085772267118,132.33571494885774,
P010,2026-01-01T13:58:00Z,5722,76.11227335622567,95.63829382108267,14.858403490882672,37.46689030156283,121.63851095769553,74.17225044549843
P011,2026-01-01T13:58:00Z,5723,85.55476370895867,96.6651658306547,13.152774533243036,36.81583122735657,117.62172328224962,79.58488605912
P012,2026-01-01T13:58:00Z,5724,140.2914031111053,85.06508419614597,27.904924091492255,38.579958438720666,166.72532802561673,107.8982362334792
P001,2026-01-01T13:58:30Z,5725,115.73300502520122,91.51458460654895,27.14225469639386,38.314611139296076,151.56754499752452,92.5644878379791
P002,2026-01-01T13:58:30Z,5726,74.27208294199684,95.95358854427371,17.475649089808417,36.93375278541858,113.99905022029344,77.25319977355164
P003,2026-01-01T13:58:30Z,5727,111.42690359869628,88.78032240409837,26.754595399438863,39.09417064507928,164.55109055741363,89.19146029300846
P004,2026-01-01T13:58:30Z,5728,72.77736337874073,97.16442793600739,14.620205385224299,37.099922689792706,140.78553527994129,84.20898431367397
P005,2026-01-01T13:58:30Z,5729,79.85431614021736,99.1927476830295,18.990161370857997,37.094938420678815,123.96442053396427,82.92155735364506
P006,2026-01-01T13:58:30Z,5730,142.1383057753058,85.42375241926368,,38.59547866383712,148.49688212734517,117.54277255718759
P007,2026-01-01T13:58:30Z,5731,103.93324285969186,89.25662332650474,28.657554660779123,38.10897826658367,164.1220243536722,89.54338085811928
P008,2026-01-01T13:58:30Z,5732,109.70375686863015,92.64962380782838,26.009042150856004,38.23884587785051,136.24825090718963,84.18164603446006
P009,2026-01-01T13:58:30Z,5733,81.56672264043777,97.40149532816825,15.618855631785296,37.03880228066989,137.0751193046446,78.67101241373109
P010,2026-01-01T13:58:30Z,5734,78.28383717358973,98.44548943721995,15.96478212084721,36.99294000907776,126.64069743771286,78.49691079722568
P011,2026-01-01T13:58:30Z,5735,78.45691210769658,97.01813855877586,13.572972851878738,36.79578643315605,132.11674252634015,68.98721426636948
P012,2026-01-01T13:58:30Z,5736,121.54395906959257,86.09788935280332,24.828145738783988,39.63373396999435,174.056594316463,105.41819547783555
P001,2026-01-01T13:59:00Z,5737,110.01481485296593,90.85417106563366,24.647510355541343,,150.39519734386667,88.82450795517227
P002,2026-01-01T13:59:00Z,5738,80.4020575206318,98.02168808040055,13.358323471552055,37.151425362210965,115.99509392769222,79.66078508796308
P003,2026-01-01T13:59:00Z,5739,118.81098324219211,90.76704229893306,22.753123673856756,37.90279098661423,136.96516087619793,84.87219158886386
P004,2026-01-01T13:59:00Z,5740,67.33061419408753,98.18809411353202,15.067757747172964,36.85842302454145,127.69319438257061,85.74263180549556
P005,2026-01-01T13:59:00Z,5741,76.27609245611116,95.91729776482964,17.78385318834691,36.95678970558231,115.10037490742012,77.67471388453187
P006,2026-01-01T13:59:00Z,5742,121.02412300938298,84.33391049872857,26.747952114225214,38.17874816021791,171.6733753223551,86.66853289171415
P007,2026-01-01T13:59:00Z,5743,109.73868662629896,91.989291228661,27.802435770536437,38.490575549609815,169.63600330925544,97.24863525929374
P008,2026-01-01T13:59:00Z,5744,105.70979037186599,89.4539346188275,26.93053781461395,38.3053877914872,165.25208432783143,83.17827552461212
P009,2026-01-01T13:59:00Z,5745,81.74274126863035,97.63409606368495,15.211704709553766,37.31227751445103,129.94921993268295,77.89713290295276
P010,2026-01-01T13:59:00Z,5746,,96.3930339829199,13.634427632327794,36.82667978236931,116.53268059670687,78.10641223681031
P011,2026-01-01T13:59:00Z,5747,69.79960079959343,96.09772577385962,14.106905954163276,37.13895335119846,117.73586949310594,78.63842754304613
P012,2026-01-01T13:59:00Z,5748,134.86233363479522,88.74126461725963,24.38087562076459,38.93047538766601,149.32795131046652,103.94613946026637
P001,2026-01-01T13:59:30Z,5749,107.19846024546698,,23.269309356757955,38.37034167010414,152.21144871378524,105.6443715563307
P002,2026-01-01T13:59:30Z,5750,86.19857705896322,96.73896037068467,15.446104395633576,36.68233083290476,109.96889781868863,79.76247660903633
P003,2026-01-01T13:59:30Z,5751,111.53821105212127,92.1243408113865,25.05514253580491,38.415400671018794,143.82929118389055,87.77624938067994
P004,2026-01-01T13:59:30Z,5752,85.96949879506639,97.05344946817416,14.524270989585094,37.04074210921854,118.507589564658,74.37107860737497
P005,2026-01-01T13:59:30Z,5753,89.13987250778166,96.99705564604488,12.255958666724464,36.87703181482442,106.64657775039369,74.90247673040717
P006,2026-01-01T13:59:30Z,5754,114.64923884235058,89.9194528543622,21.601288948732318,38.13257206494478,162.41307576241107,
P007,2026-01-01T13:59:30Z,5755,122.63988844678514,89.26754420639404,24.60363503307035,38.298189967782726,180.63021419603916,102.15819635650337
P008,2026-01-01T13:59:30Z,5756,113.56035810846699,91.74330714669114,27.00616638579221,37.732309176500465,156.7347383578092,92.03643965467404
P009,2026-01-01T13:59:30Z,5757,84.39580725403567,97.06060584795574,18.144268456351462,36.82713430163513,129.35851869012188,73.56568560500537
P010,2026-01-01T13:59:30Z,5758,81.241263244267,98.51283174056525,12.210562280427531,36.808365129010966,113.5722361669649,79.47673607582786
P011,2026-01-01T13:59:30Z,5759,82.34647981009654,97.20421450369095,15.120443365559732,36.81552786205418,119.50354141348927,77.65503597002655
P012,2026-01-01T13:59:30Z,5760,133.952426173336,88.9590621722358,21.27118294232922,38.60215838945832,167.93705383707294,101.50776571229106
